ISO-10303-21;
HEADER;
FILE_DESCRIPTION (( 'STEP AP214' ),
    '1' );
FILE_NAME ('User Library-R_0603.STEP',
    '2019-04-07T17:39:11',
    ( '' ),
    ( '' ),
    'SwSTEP 2.0',
    'SolidWorks 2019',
    '' );
FILE_SCHEMA (( 'AUTOMOTIVE_DESIGN' ));
ENDSEC;

DATA;
#1 = CARTESIAN_POINT ( 'NONE',  ( -0.2860993537098168171, 0.1320567027297141205, 0.4989999999999999991 ) ) ;
#2 = VERTEX_POINT ( 'NONE', #2701 ) ;
#3 = CARTESIAN_POINT ( 'NONE',  ( 0.2860800294070662830, -0.1133978427248312909, 0.5000000000000001110 ) ) ;
#4 = EDGE_CURVE ( 'NONE', #2022, #294, #2218, .T. ) ;
#6 = CARTESIAN_POINT ( 'NONE',  ( -0.1443229023118333398, -0.1187108772814163549, 0.4989999999999998881 ) ) ;
#5 = CARTESIAN_POINT ( 'NONE',  ( 0.2187656211353512792, -0.1016612002240610407, 0.5000000000000001110 ) ) ;
#7 = CARTESIAN_POINT ( 'NONE',  ( 0.04230574294708743660, 0.1331978084637004400, 0.5000000000000007772 ) ) ;
#8 = ORIENTED_EDGE ( 'NONE', *, *, #1632, .T. ) ;
#9 = CARTESIAN_POINT ( 'NONE',  ( 0.2652115097110009923, -0.1077361684821846188, 0.4990000000000001101 ) ) ;
#10 = B_SPLINE_SURFACE_WITH_KNOTS ( 'NONE', 3, 1, ( 
 ( #2069, #5246 ),
 ( #2105, #1094 ),
 ( #6278, #2576 ),
 ( #63, #3749 ),
 ( #2167, #4275 ),
 ( #5724, #1589 ),
 ( #963, #6314 ),
 ( #4137, #2639 ),
 ( #5761, #4680 ),
 ( #4169, #6249 ),
 ( #1060, #546 ),
 ( #3644, #3128 ),
 ( #4239, #955 ),
 ( #1414, #3083 ),
 ( #922, #6110 ),
 ( #2507, #4581 ),
 ( #2567, #987 ),
 ( #3050, #5174 ),
 ( #4672, #5715 ) ),
 .UNSPECIFIED., .F., .F., .F.,
 ( 4, 1, 1, 1, 1, 1, 1, 1, 1, 1, 1, 1, 1, 1, 1, 1, 4 ),
 ( 2, 2 ),
 ( 0.0000000000000000000, 0.1206795854909985255, 0.2305338289379845751, 0.3309550632170780160, 0.4208116729085197294, 0.5011270243297456517, 0.5713493660207026315, 0.6332246655567607130, 0.6858987127109708037, 0.7331104517484663408, 0.7764365142131891551, 0.8173386407956978461, 0.8554870737933412128, 0.8921333757432465816, 0.9276904481916804501, 0.9634616402638018773, 1.000000000000000000 ),
 ( 0.0000000000000000000, 1.000000000000000000 ),
 .UNSPECIFIED. ) ;
#11 =( LENGTH_UNIT ( ) NAMED_UNIT ( * ) SI_UNIT ( .MILLI., .METRE. ) );
#12 = CARTESIAN_POINT ( 'NONE',  ( -0.05969910234986933878, 0.04766969808200259562, 0.4999999999999998890 ) ) ;
#13 = LINE ( 'NONE', #1570, #2342 ) ;
#14 = CARTESIAN_POINT ( 'NONE',  ( -0.2296058472163103048, 0.1315696897427011680, 0.5000000000000000000 ) ) ;
#15 =( NAMED_UNIT ( * ) PLANE_ANGLE_UNIT ( ) SI_UNIT ( $, .RADIAN. ) );
#16 = CARTESIAN_POINT ( 'NONE',  ( 0.2566945287209388971, -0.1388291350178175176, 0.4989999999999998881 ) ) ;
#17 = SURFACE_STYLE_USAGE ( .BOTH. , #6754 ) ;
#18 = CARTESIAN_POINT ( 'NONE',  ( -0.1107850354483433247, -0.1085217540037800854, 0.4989999999999999991 ) ) ;
#19 = CARTESIAN_POINT ( 'NONE',  ( 0.1753608931185316466, 0.04796610769487739262, 0.4990000000000002212 ) ) ;
#20 = VERTEX_POINT ( 'NONE', #2163 ) ;
#21 = CARTESIAN_POINT ( 'NONE',  ( -0.2185770607340322691, 0.1093140923355265803, 0.4990000000000001101 ) ) ;
#22 = ORIENTED_EDGE ( 'NONE', *, *, #4227, .T. ) ;
#23 = LINE ( 'NONE', #2280, #6206 ) ;
#24 = CARTESIAN_POINT ( 'NONE',  ( 0.4999999999999998890, -0.4500000000000000111, 0.5000000000000000000 ) ) ;
#25 = CARTESIAN_POINT ( 'NONE',  ( -0.1292166993385427953, 0.1067886452731811597, 0.4989999999999999991 ) ) ;
#26 =( GEOMETRIC_REPRESENTATION_CONTEXT ( 3 ) GLOBAL_UNCERTAINTY_ASSIGNED_CONTEXT ( ( #1843 ) ) GLOBAL_UNIT_ASSIGNED_CONTEXT ( ( #2246, #4963, #1773 ) ) REPRESENTATION_CONTEXT ( 'NONE', 'WORKASPACE' ) );
#27 = FILL_AREA_STYLE_COLOUR ( '', #3773 ) ;
#28 = CARTESIAN_POINT ( 'NONE',  ( 0.01694447745901434682, 0.009207676755688173204, 0.4989999999999999991 ) ) ;
#29 =( NAMED_UNIT ( * ) SI_UNIT ( $, .STERADIAN. ) SOLID_ANGLE_UNIT ( ) );
#30 = ORIENTED_EDGE ( 'NONE', *, *, #81, .T. ) ;
#31 = VECTOR ( 'NONE', #4069, 1000.000000000000000 ) ;
#32 = CARTESIAN_POINT ( 'NONE',  ( 0.3177142852638379367, -0.09998355413711000617, 0.4990000000000002212 ) ) ;
#33 = CARTESIAN_POINT ( 'NONE',  ( 0.3364249969395338713, -0.05063404402353259559, 0.4989999999999999991 ) ) ;
#35 = CARTESIAN_POINT ( 'NONE',  ( -0.1073740196283578530, -0.1426041705320961472, 0.5000000000000000000 ) ) ;
#34 = MECHANICAL_DESIGN_GEOMETRIC_PRESENTATION_REPRESENTATION (  '', ( #4335 ), #1591 ) ;
#36 = UNCERTAINTY_MEASURE_WITH_UNIT (LENGTH_MEASURE( 1.000000000000000082E-05 ), #4667, 'distance_accuracy_value', 'NONE');
#37 = ORIENTED_EDGE ( 'NONE', *, *, #3810, .T. ) ;
#38 = CARTESIAN_POINT ( 'NONE',  ( 0.2903041750895616890, 0.03990445655887502052, 0.4989999999999998881 ) ) ;
#39 = CARTESIAN_POINT ( 'NONE',  ( 0.2886337631595290443, 0.1319062712725212194, 0.4989999999999999991 ) ) ;
#40 = CARTESIAN_POINT ( 'NONE',  ( 0.2903041750895616890, 0.03990445655887502052, 0.4989999999999998881 ) ) ;
#41 = MECHANICAL_DESIGN_GEOMETRIC_PRESENTATION_REPRESENTATION (  '', ( #5301 ), #3889 ) ;
#42 = CARTESIAN_POINT ( 'NONE',  ( -0.06627420348484054646, 0.05054113659290425387, 0.4989999999999999991 ) ) ;
#43 = CARTESIAN_POINT ( 'NONE',  ( 0.3362623107553748270, -0.04435125495989998556, 0.5000000000000000000 ) ) ;
#44 = FILL_AREA_STYLE ('',( #5874 ) ) ;
#45 = UNCERTAINTY_MEASURE_WITH_UNIT (LENGTH_MEASURE( 1.000000000000000082E-05 ), #4455, 'distance_accuracy_value', 'NONE');
#46 = FILL_AREA_STYLE_COLOUR ( '', #545 ) ;
#47 = CARTESIAN_POINT ( 'NONE',  ( -0.2381203520456223743, 0.05696043528673250256, 0.4999999999999998890 ) ) ;
#48 = PRESENTATION_LAYER_ASSIGNMENT (  '', '', ( #2790 ) ) ;
#49 = CARTESIAN_POINT ( 'NONE',  ( 0.1152345489130311706, -0.1423550100507636196, 0.5000000000000001110 ) ) ;
#50 = SURFACE_STYLE_FILL_AREA ( #2122 ) ;
#51 = CARTESIAN_POINT ( 'NONE',  ( -0.09652756146156518668, -0.1132268488832050418, 0.5000000000000000000 ) ) ;
#52 = ORIENTED_EDGE ( 'NONE', *, *, #3977, .T. ) ;
#53 = CARTESIAN_POINT ( 'NONE',  ( -0.08008714744776278260, 0.05388454617133062868, 0.4990000000000001101 ) ) ;
#54 = AXIS2_PLACEMENT_3D ( 'NONE', #5177, #5620, #6700 ) ;
#55 = VERTEX_POINT ( 'NONE', #1220 ) ;
#56 = CARTESIAN_POINT ( 'NONE',  ( -0.1367830512820856492, 0.1423352423403125289, 0.4989999999999999991 ) ) ;
#57 = B_SPLINE_CURVE_WITH_KNOTS ( 'NONE', 3,
 ( #6043, #5970, #5562, #341, #2440, #1278, #2340, #3444, #5529, #832, #4559, #4450, #1315, #1836, #6526, #6004, #3406, #5493, #3514 ),
 .UNSPECIFIED., .F., .F.,
 ( 4, 1, 1, 1, 1, 1, 1, 1, 1, 1, 1, 1, 1, 1, 1, 1, 4 ),
 ( 0.0000000000000000000, 0.05377235286584863133, 0.1059818572292504507, 0.1583489682067699966, 0.2110665590554146598, 0.2650654818272770719, 0.3214515762088941964, 0.3798653928783993217, 0.4414930983120409214, 0.5050069716968419442, 0.5691393563830159374, 0.6345161088946241756, 0.7015752733322172530, 0.7716030797018199605, 0.8439856083945355136, 0.9201114300935805401, 1.000000000000000000 ),
 .UNSPECIFIED. ) ;
#58 = CARTESIAN_POINT ( 'NONE',  ( -0.1156066210884872658, -0.1400183445290425766, 0.4999999999999998890 ) ) ;
#59 = CARTESIAN_POINT ( 'NONE',  ( 0.7800000000000001377, -0.4500000000000000111, 0.02000000000000005246 ) ) ;
#60 = PRESENTATION_STYLE_ASSIGNMENT (( #5913 ) ) ;
#61 = EDGE_CURVE ( 'NONE', #5483, #5797, #3286, .T. ) ;
#62 = B_SPLINE_SURFACE_WITH_KNOTS ( 'NONE', 3, 1, ( 
 ( #1470, #3040 ),
 ( #848, #393 ),
 ( #2527, #352 ),
 ( #3070, #5103 ),
 ( #318, #4569 ),
 ( #5639, #2495 ),
 ( #1951, #1885 ),
 ( #4603, #6058 ),
 ( #6710, #975 ),
 ( #1369, #6136 ),
 ( #2013, #5672 ) ),
 .UNSPECIFIED., .F., .F., .F.,
 ( 4, 1, 1, 1, 1, 1, 1, 1, 4 ),
 ( 2, 2 ),
 ( 0.0000000000000000000, 0.1409883969302530571, 0.2743358958706809680, 0.4023709462871973286, 0.5268425871878937850, 0.6486872251700482872, 0.7671360527700550325, 0.8830996635531125349, 1.000000000000000000 ),
 ( 0.0000000000000000000, 1.000000000000000000 ),
 .UNSPECIFIED. ) ;
#63 = CARTESIAN_POINT ( 'NONE',  ( -0.3329761366364953346, -0.02370176584750863583, 0.4990000000000002212 ) ) ;
#65 = ORIENTED_EDGE ( 'NONE', *, *, #3158, .F. ) ;
#64 = CARTESIAN_POINT ( 'NONE',  ( -0.2466637749248566935, 0.1509485394041881479, 0.5000000000000000000 ) ) ;
#66 = ORIENTED_EDGE ( 'NONE', *, *, #1505, .F. ) ;
#67 = CARTESIAN_POINT ( 'NONE',  ( 0.04995157908639732969, 0.05650933887673413591, 0.4989999999999998881 ) ) ;
#68 = DIRECTION ( 'NONE',  ( -1.000000000000000000, -0.0000000000000000000, -6.255012533570217206E-16 ) ) ;
#69 = VECTOR ( 'NONE', #1239, 1000.000000000000000 ) ;
#71 = CARTESIAN_POINT ( 'NONE',  ( -0.1451307371550470127, 0.05305545616126109559, 0.4989999999999998881 ) ) ;
#70 = CARTESIAN_POINT ( 'NONE',  ( 0.2780171863593650095, 0.1316846461154359549, 0.4989999999999999991 ) ) ;
#72 = CARTESIAN_POINT ( 'NONE',  ( -0.05084554252543811714, -0.07893668741795425992, 0.4999999999999998890 ) ) ;
#73 =( NAMED_UNIT ( * ) PLANE_ANGLE_UNIT ( ) SI_UNIT ( $, .RADIAN. ) );
#74 = ORIENTED_EDGE ( 'NONE', *, *, #2039, .T. ) ;
#75 = CARTESIAN_POINT ( 'NONE',  ( 0.3224543388308722669, -0.008540091316666800075, 0.4989999999999999991 ) ) ;
#76 = CARTESIAN_POINT ( 'NONE',  ( 0.3239849441611943326, 0.07639079118739976193, 0.4989999999999999991 ) ) ;
#77 = VECTOR ( 'NONE', #2568, 1000.000000000000000 ) ;
#78 = SURFACE_STYLE_USAGE ( .BOTH. , #5387 ) ;
#79 = PLANE ( 'NONE',  #6446 ) ;
#80 = CARTESIAN_POINT ( 'NONE',  ( -0.06115529440085630541, -0.1382481391333831022, 0.4989999999999999991 ) ) ;
#81 = EDGE_CURVE ( 'NONE', #5344, #3001, #147, .T. ) ;
#82 = CARTESIAN_POINT ( 'NONE',  ( -0.2533571572230679525, 0.1554630555548097981, 0.4999999999999998890 ) ) ;
#83 =( NAMED_UNIT ( * ) SI_UNIT ( $, .STERADIAN. ) SOLID_ANGLE_UNIT ( ) );
#84 = CARTESIAN_POINT ( 'NONE',  ( -0.01710604516170175296, -0.01223220576278851585, 0.4989999999999999991 ) ) ;
#85 = CARTESIAN_POINT ( 'NONE',  ( -0.3097981687585534272, -0.1398634879396183084, 0.4999999999999998890 ) ) ;
#86 = CARTESIAN_POINT ( 'NONE',  ( -0.1609533302537755617, -0.09094363780205937109, 0.5000000000000000000 ) ) ;
#87 = STYLED_ITEM ( 'NONE', ( #745 ), #6214 ) ;
#88 =( LENGTH_UNIT ( ) NAMED_UNIT ( * ) SI_UNIT ( .MILLI., .METRE. ) );
#89 = CARTESIAN_POINT ( 'NONE',  ( 0.3492131013988536981, -0.1114814792427511608, 0.4999999999999998890 ) ) ;
#90 = COLOUR_RGB ( '',0.7686274509803920907, 0.7686274509803920907, 0.7686274509803920907 ) ;
#91 = ORIENTED_EDGE ( 'NONE', *, *, #6437, .F. ) ;
#92 = CARTESIAN_POINT ( 'NONE',  ( -0.2958973822571389634, 0.1305661691134283042, 0.4989999999999999991 ) ) ;
#93 = DIRECTION ( 'NONE',  ( -0.0000000000000000000, -0.0000000000000000000, 1.000000000000000000 ) ) ;
#94 = ORIENTED_EDGE ( 'NONE', *, *, #4264, .T. ) ;
#95 = EDGE_CURVE ( 'NONE', #6145, #1364, #6341, .T. ) ;
#96 = CARTESIAN_POINT ( 'NONE',  ( -0.2363022757877388802, 0.009329430002441428671, 0.4989999999999999991 ) ) ;
#98 = DIRECTION ( 'NONE',  ( -0.0000000000000000000, -0.0000000000000000000, 1.000000000000000000 ) ) ;
#97 = CARTESIAN_POINT ( 'NONE',  ( -0.06195162643708956862, 0.1178724494829609254, 0.5000000000000000000 ) ) ;
#99 = CARTESIAN_POINT ( 'NONE',  ( -0.04732241742342487706, -0.06615599568075331005, 0.4999999999999995559 ) ) ;
#100 = UNCERTAINTY_MEASURE_WITH_UNIT (LENGTH_MEASURE( 1.000000000000000082E-05 ), #5013, 'distance_accuracy_value', 'NONE');
#101 = ORIENTED_EDGE ( 'NONE', *, *, #61, .F. ) ;
#102 = CARTESIAN_POINT ( 'NONE',  ( 0.2927793312142178972, 0.007243918710748841958, 0.4989999999999998881 ) ) ;
#103 = LINE ( 'NONE', #4288, #1935 ) ;
#104 = CARTESIAN_POINT ( 'NONE',  ( -0.04452764923739442604, -0.1264016154495176680, 0.5000000000000001110 ) ) ;
#105 = FILL_AREA_STYLE_COLOUR ( '', #697 ) ;
#106 = B_SPLINE_CURVE_WITH_KNOTS ( 'NONE', 3,
 ( #4303, #6508, #3260, #3358, #3231, #4840, #1193, #4907, #89, #5821, #1750, #6472, #6377, #6408, #1819, #3321, #666, #2801, #1125 ),
 .UNSPECIFIED., .F., .F.,
 ( 4, 1, 1, 1, 1, 1, 1, 1, 1, 1, 1, 1, 1, 1, 1, 1, 4 ),
 ( 0.0000000000000000000, 0.07299823311530313774, 0.1425151470928461561, 0.2102806538676657289, 0.2755108543094944018, 0.3397595173215647302, 0.4026892954439158512, 0.4662961870399116027, 0.5298895770136993200, 0.5925945618138374060, 0.6527761800677834847, 0.7116580061190114215, 0.7689098416905512101, 0.8256141046783275206, 0.8826237818447227879, 0.9405120262693222877, 1.000000000000000000 ),
 .UNSPECIFIED. ) ;
#107 = UNCERTAINTY_MEASURE_WITH_UNIT (LENGTH_MEASURE( 1.000000000000000082E-05 ), #3531, 'distance_accuracy_value', 'NONE');
#108 = SURFACE_STYLE_FILL_AREA ( #3767 ) ;
#109 = CARTESIAN_POINT ( 'NONE',  ( -0.03718900113705653904, -0.1182121282717181338, 0.4989999999999999991 ) ) ;
#110 = CARTESIAN_POINT ( 'NONE',  ( -0.2851862043591674167, -0.1445666738936624285, 0.4989999999999999991 ) ) ;
#111 = CARTESIAN_POINT ( 'NONE',  ( -0.2877721559569761389, 0.1320004655111084169, 0.5000000000000000000 ) ) ;
#112 = EDGE_CURVE ( 'NONE', #4449, #1769, #1089, .T. ) ;
#113 = CARTESIAN_POINT ( 'NONE',  ( 0.1319160947026820907, 0.1071126610619843184, 0.4989999999999998881 ) ) ;
#114 = DIRECTION ( 'NONE',  ( -5.421010862427515070E-15, 0.0000000000000000000, -1.000000000000000000 ) ) ;
#115 = FACE_OUTER_BOUND ( 'NONE', #2770, .T. ) ;
#116 = CARTESIAN_POINT ( 'NONE',  ( -0.1331163991643622702, 0.09924420272971415380, 0.4989999999999999991 ) ) ;
#117 = SURFACE_SIDE_STYLE ('',( #1191 ) ) ;
#118 = CARTESIAN_POINT ( 'NONE',  ( -0.08989399656695966356, -0.1445666738936624285, 0.5000000000000000000 ) ) ;
#119 = EDGE_CURVE ( 'NONE', #5528, #6725, #2009, .T. ) ;
#121 = ORIENTED_EDGE ( 'NONE', *, *, #4358, .T. ) ;
#120 = DIRECTION ( 'NONE',  ( 0.0000000000000000000, 1.000000000000000000, 0.0000000000000000000 ) ) ;
#122 = CARTESIAN_POINT ( 'NONE',  ( -0.3335420665888089720, 0.02619646027213246020, 0.4990000000000001101 ) ) ;
#123 = FILL_AREA_STYLE ('',( #2198 ) ) ;
#124 = ORIENTED_EDGE ( 'NONE', *, *, #5921, .F. ) ;
#125 = CARTESIAN_POINT ( 'NONE',  ( 0.06511260406557133062, 0.1126452988202986533, 0.4989999999999998881 ) ) ;
#126 = STYLED_ITEM ( 'NONE', ( #6690 ), #326 ) ;
#127 =( NAMED_UNIT ( * ) SI_UNIT ( $, .STERADIAN. ) SOLID_ANGLE_UNIT ( ) );
#128 = EDGE_CURVE ( 'NONE', #314, #1514, #5400, .T. ) ;
#129 = SURFACE_STYLE_USAGE ( .BOTH. , #1203 ) ;
#130 = CARTESIAN_POINT ( 'NONE',  ( -0.1605892522897001962, 0.1040966545980059749, 0.5000000000000000000 ) ) ;
#131 = VECTOR ( 'NONE', #2224, 1000.000000000000000 ) ;
#132 = ORIENTED_EDGE ( 'NONE', *, *, #5164, .F. ) ;
#133 = CARTESIAN_POINT ( 'NONE',  ( 0.3186765259361676872, 0.1130508723159699691, 0.4989999999999999991 ) ) ;
#134 = CARTESIAN_POINT ( 'NONE',  ( -0.1034726392320118593, 0.1301223351360077385, 0.4989999999999999991 ) ) ;
#135 = AXIS2_PLACEMENT_3D ( 'NONE', #1388, #4033, #373 ) ;
#136 = CARTESIAN_POINT ( 'NONE',  ( -0.03625830110339453571, 0.1392865093036545210, 0.4989999999999999991 ) ) ;
#137 = CARTESIAN_POINT ( 'NONE',  ( 0.3364249969395338713, -0.05063404402353259559, 0.4999999999999998890 ) ) ;
#138 = CARTESIAN_POINT ( 'NONE',  ( -0.04081428882790896079, -0.1224496901887843353, 0.4990000000000001101 ) ) ;
#139 = CARTESIAN_POINT ( 'NONE',  ( -0.5200000000000001288, -0.4500000000000000111, 0.4800000000000000377 ) ) ;
#140 = SURFACE_SIDE_STYLE ('',( #2753 ) ) ;
#141 = VECTOR ( 'NONE', #4433, 1000.000000000000000 ) ;
#142 = SURFACE_SIDE_STYLE ('',( #284 ) ) ;
#143 = VECTOR ( 'NONE', #4740, 1000.000000000000000 ) ;
#144 = CARTESIAN_POINT ( 'NONE',  ( -0.2936933627625140653, -0.1442473685166454911, 0.4999999999999998890 ) ) ;
#145 = CARTESIAN_POINT ( 'NONE',  ( -0.1152409042239423698, -0.1057645969119617724, 0.5000000000000000000 ) ) ;
#146 = CARTESIAN_POINT ( 'NONE',  ( -0.06166140224020135591, 0.1585856123319077104, 0.5000000000000000000 ) ) ;
#147 = LINE ( 'NONE', #4332, #2323 ) ;
#148 = CARTESIAN_POINT ( 'NONE',  ( 0.1414126928393119043, 0.1454899260265474781, 0.4990000000000001101 ) ) ;
#149 = PRESENTATION_LAYER_ASSIGNMENT (  '', '', ( #3127 ) ) ;
#150 = CARTESIAN_POINT ( 'NONE',  ( -0.3261571125423949336, -0.07274450891171216349, 0.5000000000000000000 ) ) ;
#151 = LINE ( 'NONE', #1223, #2771 ) ;
#152 = CARTESIAN_POINT ( 'NONE',  ( -0.1121186215337942882, 0.01862592653660039010, 0.5000000000000000000 ) ) ;
#153 = CARTESIAN_POINT ( 'NONE',  ( 0.1206763400511713796, -0.1035809638494556012, 0.4999999999999993339 ) ) ;
#154 =( NAMED_UNIT ( * ) PLANE_ANGLE_UNIT ( ) SI_UNIT ( $, .RADIAN. ) );
#155 = CARTESIAN_POINT ( 'NONE',  ( -0.3600377693877073737, 0.07560020120858625126, 0.4990000000000001101 ) ) ;
#156 = LINE ( 'NONE', #4942, #6218 ) ;
#157 = ORIENTED_EDGE ( 'NONE', *, *, #3281, .F. ) ;
#158 = FILL_AREA_STYLE ('',( #3785 ) ) ;
#159 = STYLED_ITEM ( 'NONE', ( #746 ), #4052 ) ;
#160 = FACE_OUTER_BOUND ( 'NONE', #607, .T. ) ;
#162 = CARTESIAN_POINT ( 'NONE',  ( 0.04475425644720396751, -0.1180972743984682466, 0.4989999999999999991 ) ) ;
#161 = CARTESIAN_POINT ( 'NONE',  ( 0.06538344124314339478, -0.09431653086311318768, 0.4999999999999998890 ) ) ;
#163 = CARTESIAN_POINT ( 'NONE',  ( -0.06299212530374229124, -0.09915250899458448453, 0.4989999999999999991 ) ) ;
#164 = UNCERTAINTY_MEASURE_WITH_UNIT (LENGTH_MEASURE( 1.000000000000000082E-05 ), #5607, 'distance_accuracy_value', 'NONE');
#165 = CARTESIAN_POINT ( 'NONE',  ( -0.08727630176176488785, 0.05413462480763622103, 0.4989999999999999991 ) ) ;
#166 = ORIENTED_EDGE ( 'NONE', *, *, #214, .T. ) ;
#167 = CARTESIAN_POINT ( 'NONE',  ( 0.2976493678943431531, 0.006513557708033881205, 0.4990000000000001101 ) ) ;
#168 = CARTESIAN_POINT ( 'NONE',  ( 0.3246809943333138215, 0.08507891512250337351, 0.4989999999999999991 ) ) ;
#169 = ADVANCED_FACE ( 'NONE', ( #5271 ), #5819, .F. ) ;
#170 = VECTOR ( 'NONE', #1753, 1000.000000000000000 ) ;
#171 = CARTESIAN_POINT ( 'NONE',  ( 0.2117496722642091544, 0.08919955987257130459, 0.4989999999999999991 ) ) ;
#172 = CARTESIAN_POINT ( 'NONE',  ( 0.1718325830879158245, -0.05685714121492355111, 0.5000000000000002220 ) ) ;
#173 = CARTESIAN_POINT ( 'NONE',  ( -0.2051334446189077287, 0.009207676755688173204, 0.5000000000000000000 ) ) ;
#174 =( LENGTH_UNIT ( ) NAMED_UNIT ( * ) SI_UNIT ( .MILLI., .METRE. ) );
#175 = UNCERTAINTY_MEASURE_WITH_UNIT (LENGTH_MEASURE( 1.000000000000000082E-05 ), #5132, 'distance_accuracy_value', 'NONE');
#176 =( LENGTH_UNIT ( ) NAMED_UNIT ( * ) SI_UNIT ( .MILLI., .METRE. ) );
#177 = ORIENTED_EDGE ( 'NONE', *, *, #4000, .F. ) ;
#178 = AXIS2_PLACEMENT_3D ( 'NONE', #4523, #4990, #2959 ) ;
#179 = AXIS2_PLACEMENT_3D ( 'NONE', #1416, #3084, #2950 ) ;
#180 = DIRECTION ( 'NONE',  ( 0.0000000000000000000, 0.0000000000000000000, -1.000000000000000000 ) ) ;
#181 = ADVANCED_FACE ( 'NONE', ( #2285 ), #2460, .T. ) ;
#182 = CARTESIAN_POINT ( 'NONE',  ( -0.2499020871154995771, 0.1071126610619843184, 0.4989999999999999991 ) ) ;
#183 = CARTESIAN_POINT ( 'NONE',  ( -0.3594804408340740998, -0.06250052785960683033, 0.4990000000000001101 ) ) ;
#184 = CARTESIAN_POINT ( 'NONE',  ( -0.1427512792379188877, -0.04426396396019122159, 0.5000000000000000000 ) ) ;
#185 = DIRECTION ( 'NONE',  ( -1.000000000000000000, 1.355252715606880937E-15, 0.0000000000000000000 ) ) ;
#186 = CARTESIAN_POINT ( 'NONE',  ( -0.2084325922092460370, 0.06542874343083540656, 0.4999999999999998890 ) ) ;
#187 = CARTESIAN_POINT ( 'NONE',  ( -0.3125427777829916098, -0.09936177919827650362, 0.5000000000000001110 ) ) ;
#188 = FACE_OUTER_BOUND ( 'NONE', #1482, .T. ) ;
#189 = CARTESIAN_POINT ( 'NONE',  ( -0.01812045760592070898, 0.08919955987257130459, 0.5000000000000000000 ) ) ;
#191 = VERTEX_POINT ( 'NONE', #2832 ) ;
#190 = CARTESIAN_POINT ( 'NONE',  ( 0.1380357759274407348, -0.07233360512463149483, 0.4999999999999995559 ) ) ;
#192 = FACE_OUTER_BOUND ( 'NONE', #6525, .T. ) ;
#193 = CARTESIAN_POINT ( 'NONE',  ( -0.3571544802212698877, 0.08941556916950811618, 0.4989999999999998881 ) ) ;
#194 = CARTESIAN_POINT ( 'NONE',  ( -0.7800000000000001377, -0.4500000000000000111, 0.4800000000000001488 ) ) ;
#195 = ORIENTED_EDGE ( 'NONE', *, *, #700, .F. ) ;
#196 = CARTESIAN_POINT ( 'NONE',  ( 0.1755377279141976388, -0.02588350034201679362, 0.4989999999999999991 ) ) ;
#197 = CARTESIAN_POINT ( 'NONE',  ( -0.05928673126121921516, 0.005434804064431812860, 0.4989999999999999991 ) ) ;
#198 = CARTESIAN_POINT ( 'NONE',  ( 0.07279325494502121574, 0.1221744617514145120, 0.5000000000000001110 ) ) ;
#199 = CARTESIAN_POINT ( 'NONE',  ( -0.2842730550085181274, -0.1133978427248312909, 0.4999999999999996669 ) ) ;
#200 = PRESENTATION_LAYER_ASSIGNMENT (  '', '', ( #4289 ) ) ;
#202 = CARTESIAN_POINT ( 'NONE',  ( 0.08812481905566757479, -0.1442473685166454911, 0.4999999999999997780 ) ) ;
#201 = LINE ( 'NONE', #6000, #4445 ) ;
#203 = CARTESIAN_POINT ( 'NONE',  ( 0.09571882810836498945, 0.1320567027297141205, 0.5000000000000002220 ) ) ;
#204 = CARTESIAN_POINT ( 'NONE',  ( 0.04823994656349572807, 0.1412518975797310006, 0.4999999999999998890 ) ) ;
#205 = ORIENTED_EDGE ( 'NONE', *, *, #4573, .F. ) ;
#206 = EDGE_CURVE ( 'NONE', #1662, #6145, #6504, .T. ) ;
#207 = CARTESIAN_POINT ( 'NONE',  ( 0.05132807408852072678, 0.06946465380086946917, 0.5000000000000002220 ) ) ;
#208 = FILL_AREA_STYLE ('',( #4853 ) ) ;
#209 = CARTESIAN_POINT ( 'NONE',  ( -0.05600576222208000776, 0.1558829621631369622, 0.5000000000000000000 ) ) ;
#210 = FACE_OUTER_BOUND ( 'NONE', #4477, .T. ) ;
#211 = DIRECTION ( 'NONE',  ( -1.000000000000000000, -1.355252715606880937E-15, 0.0000000000000000000 ) ) ;
#212 = CARTESIAN_POINT ( 'NONE',  ( 0.3673904864916877622, -0.04084540438887843822, 0.5000000000000000000 ) ) ;
#213 = EDGE_LOOP ( 'NONE', ( #4920, #5499, #873, #2825 ) ) ;
#214 = EDGE_CURVE ( 'NONE', #6485, #6113, #1529, .T. ) ;
#215 =( LENGTH_UNIT ( ) NAMED_UNIT ( * ) SI_UNIT ( .MILLI., .METRE. ) );
#216 = CARTESIAN_POINT ( 'NONE',  ( 0.2591019229769739307, 0.1586404124559460949, 0.4989999999999999991 ) ) ;
#217 = CARTESIAN_POINT ( 'NONE',  ( -0.1557220968908638037, 0.1158367258085148399, 0.4989999999999999991 ) ) ;
#218 = CARTESIAN_POINT ( 'NONE',  ( -0.2615759074761584979, 0.1223699634770310102, 0.4999999999999998890 ) ) ;
#219 = CARTESIAN_POINT ( 'NONE',  ( -0.3019673198450402163, -0.1426381237838648397, 0.4990000000000001101 ) ) ;
#220 = CARTESIAN_POINT ( 'NONE',  ( -0.3335467018422004770, -0.007680015203016250618, 0.4989999999999999991 ) ) ;
#221 = CARTESIAN_POINT ( 'NONE',  ( -0.01422435370981682545, -0.04278095960794817826, 0.4989999999999999991 ) ) ;
#222 = CARTESIAN_POINT ( 'NONE',  ( 0.3443711126752302398, 0.1292584809437076487, 0.4999999999999998890 ) ) ;
#223 = CARTESIAN_POINT ( 'NONE',  ( -0.2363022757877388802, 0.009329430002441428671, 0.5000000000000000000 ) ) ;
#224 = CARTESIAN_POINT ( 'NONE',  ( 0.1739919515502518499, -0.04193253707804503461, 0.4999999999999998890 ) ) ;
#225 = CARTESIAN_POINT ( 'NONE',  ( -0.09523552193177356462, 0.02293204978358757626, 0.5000000000000000000 ) ) ;
#227 = ORIENTED_EDGE ( 'NONE', *, *, #5757, .F. ) ;
#226 = CARTESIAN_POINT ( 'NONE',  ( 0.04827147997598129486, -0.007680015203016255822, 0.4990000000000001101 ) ) ;
#228 = CARTESIAN_POINT ( 'NONE',  ( -0.3337048731903362597, 0.009329430002441428671, 0.4989999999999999991 ) ) ;
#229 = CARTESIAN_POINT ( 'NONE',  ( 0.09376386024031600763, -0.1444590227595910492, 0.4999999999999998890 ) ) ;
#230 = ORIENTED_EDGE ( 'NONE', *, *, #4803, .F. ) ;
#231 = CARTESIAN_POINT ( 'NONE',  ( 0.3246870680327228476, 0.02551084968052684532, 0.5000000000000002220 ) ) ;
#232 = CARTESIAN_POINT ( 'NONE',  ( -0.2414557025733108653, -0.06231043204667918722, 0.4999999999999997780 ) ) ;
#234 = CARTESIAN_POINT ( 'NONE',  ( 0.3618745318371427988, -0.01497976246722242805, 0.5000000000000001110 ) ) ;
#233 = CARTESIAN_POINT ( 'NONE',  ( -0.08954627734974376918, 0.1320065786255963380, 0.4999999999999998890 ) ) ;
#235 = CARTESIAN_POINT ( 'NONE',  ( 0.1454604431827214439, 0.01517393440388073618, 0.5000000000000002220 ) ) ;
#236 = CARTESIAN_POINT ( 'NONE',  ( -0.2744157634271470747, -0.1119076345501752862, 0.4989999999999998881 ) ) ;
#237 = ORIENTED_EDGE ( 'NONE', *, *, #1542, .F. ) ;
#238 = CARTESIAN_POINT ( 'NONE',  ( -0.1469962692942324012, 0.01559972221023363075, 0.4989999999999999991 ) ) ;
#239 = FILL_AREA_STYLE_COLOUR ( '', #3798 ) ;
#240 = CARTESIAN_POINT ( 'NONE',  ( -0.08989399656695966356, -0.1445666738936624285, 0.5000000000000000000 ) ) ;
#242 = CARTESIAN_POINT ( 'NONE',  ( 0.3353546827547342346, 0.1410725525787588364, 0.5000000000000000000 ) ) ;
#241 =( GEOMETRIC_REPRESENTATION_CONTEXT ( 3 ) GLOBAL_UNCERTAINTY_ASSIGNED_CONTEXT ( ( #1711 ) ) GLOBAL_UNIT_ASSIGNED_CONTEXT ( ( #465, #2969, #426 ) ) REPRESENTATION_CONTEXT ( 'NONE', 'WORKASPACE' ) );
#243 = CARTESIAN_POINT ( 'NONE',  ( 0.3224543388308722669, -0.008540091316666800075, 0.4999999999999998890 ) ) ;
#244 = CARTESIAN_POINT ( 'NONE',  ( 0.2662951268096636070, 0.003241767664779093751, 0.4989999999999999991 ) ) ;
#245 = PRESENTATION_STYLE_ASSIGNMENT (( #4959 ) ) ;
#246 = ORIENTED_EDGE ( 'NONE', *, *, #5640, .T. ) ;
#247 = CARTESIAN_POINT ( 'NONE',  ( 0.1165091284589956089, -0.1071782603815497892, 0.4990000000000002212 ) ) ;
#248 = CARTESIAN_POINT ( 'NONE',  ( -0.3648063692810760150, 0.002408134031030801335, 0.5000000000000002220 ) ) ;
#249 = CARTESIAN_POINT ( 'NONE',  ( -0.09731435709779596988, 0.1318197834296716553, 0.5000000000000000000 ) ) ;
#250 = FACE_OUTER_BOUND ( 'NONE', #3175, .T. ) ;
#251 = COLOUR_RGB ( '',1.000000000000000000, 1.000000000000000000, 1.000000000000000000 ) ;
#252 = CARTESIAN_POINT ( 'NONE',  ( 0.3188486808873262079, -0.004829237549153171834, 0.4999999999999998890 ) ) ;
#253 = SURFACE_STYLE_USAGE ( .BOTH. , #3388 ) ;
#254 = CARTESIAN_POINT ( 'NONE',  ( -0.2235001838783507166, 0.1211280232643391352, 0.5000000000000001110 ) ) ;
#255 = CARTESIAN_POINT ( 'NONE',  ( -0.3085186097971128749, -0.1037373534998122238, 0.4999999999999998890 ) ) ;
#256 = MECHANICAL_DESIGN_GEOMETRIC_PRESENTATION_REPRESENTATION (  '', ( #3559 ), #1251 ) ;
#257 = FILL_AREA_STYLE ('',( #2911 ) ) ;
#258 = FACE_BOUND ( 'NONE', #888, .T. ) ;
#260 = ORIENTED_EDGE ( 'NONE', *, *, #2625, .T. ) ;
#259 = CARTESIAN_POINT ( 'NONE',  ( 0.06173972130111085588, -0.08839569932422397525, 0.4990000000000001101 ) ) ;
#261 =( GEOMETRIC_REPRESENTATION_CONTEXT ( 3 ) GLOBAL_UNCERTAINTY_ASSIGNED_CONTEXT ( ( #5736 ) ) GLOBAL_UNIT_ASSIGNED_CONTEXT ( ( #3097, #5226, #2618 ) ) REPRESENTATION_CONTEXT ( 'NONE', 'WORKASPACE' ) );
#262 = CARTESIAN_POINT ( 'NONE',  ( 0.08812481905566757479, -0.1442473685166454911, 0.4999999999999997780 ) ) ;
#263 =( NAMED_UNIT ( * ) SI_UNIT ( $, .STERADIAN. ) SOLID_ANGLE_UNIT ( ) );
#264 = ORIENTED_EDGE ( 'NONE', *, *, #6269, .F. ) ;
#265 = DIRECTION ( 'NONE',  ( -0.0000000000000000000, -0.0000000000000000000, 1.000000000000000000 ) ) ;
#266 = CARTESIAN_POINT ( 'NONE',  ( 0.08592079956104285710, 0.1305661691134283042, 0.4989999999999999991 ) ) ;
#267 = CARTESIAN_POINT ( 'NONE',  ( -0.05928673126121921516, 0.005434804064431812860, 0.4989999999999999991 ) ) ;
#268 = EDGE_CURVE ( 'NONE', #4480, #1803, #2738, .T. ) ;
#269 =( LENGTH_UNIT ( ) NAMED_UNIT ( * ) SI_UNIT ( .MILLI., .METRE. ) );
#270 = CARTESIAN_POINT ( 'NONE',  ( -0.7800000000000001377, 0.4500000000000000111, 0.4800000000000001488 ) ) ;
#271 = FILL_AREA_STYLE ('',( #1832 ) ) ;
#272 = CARTESIAN_POINT ( 'NONE',  ( 0.2828713350011881067, 0.1631633693503943272, 0.5000000000000000000 ) ) ;
#273 = VERTEX_POINT ( 'NONE', #4470 ) ;
#274 = DIRECTION ( 'NONE',  ( -0.0000000000000000000, -0.0000000000000000000, 1.000000000000000000 ) ) ;
#275 = CARTESIAN_POINT ( 'NONE',  ( 0.1403624792448710523, -0.06231043204667922886, 0.5000000000000001110 ) ) ;
#276 = VECTOR ( 'NONE', #1055, 1000.000000000000000 ) ;
#278 = FILL_AREA_STYLE ('',( #1398 ) ) ;
#277 = CARTESIAN_POINT ( 'NONE',  ( 0.1614955231665707036, -0.09488909288150074173, 0.5000000000000001110 ) ) ;
#279 = PRESENTATION_STYLE_ASSIGNMENT (( #312 ) ) ;
#280 = EDGE_LOOP ( 'NONE', ( #4580, #2419, #3379, #1601 ) ) ;
#281 = CARTESIAN_POINT ( 'NONE',  ( 0.1074024183910346486, -0.1119076345501752723, 0.4990000000000001101 ) ) ;
#282 =( NAMED_UNIT ( * ) SI_UNIT ( $, .STERADIAN. ) SOLID_ANGLE_UNIT ( ) );
#283 = STYLED_ITEM ( 'NONE', ( #5727 ), #5086 ) ;
#284 = SURFACE_STYLE_FILL_AREA ( #1849 ) ;
#285 = CARTESIAN_POINT ( 'NONE',  ( 0.3011380419562818544, 0.1292113236194647463, 0.5000000000000001110 ) ) ;
#286 =( LENGTH_UNIT ( ) NAMED_UNIT ( * ) SI_UNIT ( .MILLI., .METRE. ) );
#287 = CARTESIAN_POINT ( 'NONE',  ( 0.3329695972607005228, -0.02711040126166357547, 0.5000000000000000000 ) ) ;
#288 = CARTESIAN_POINT ( 'NONE',  ( -0.06195162643708956862, 0.1178724494829609254, 0.4989999999999999991 ) ) ;
#289 = EDGE_CURVE ( 'NONE', #2145, #5250, #853, .T. ) ;
#290 = CARTESIAN_POINT ( 'NONE',  ( 0.1504995369499600999, 0.1340845385474427887, 0.4989999999999999991 ) ) ;
#291 = CARTESIAN_POINT ( 'NONE',  ( -0.3041196469133142788, -0.1072325499370980900, 0.5000000000000002220 ) ) ;
#292 = PRESENTATION_STYLE_ASSIGNMENT (( #1445 ) ) ;
#294 = VERTEX_POINT ( 'NONE', #6620 ) ;
#293 = CARTESIAN_POINT ( 'NONE',  ( -0.2296058472163103048, 0.1315696897427011680, 0.4989999999999999991 ) ) ;
#295 = SURFACE_STYLE_FILL_AREA ( #3396 ) ;
#296 = EDGE_LOOP ( 'NONE', ( #4462, #4161, #132, #2295, #1845, #2137, #643, #3018 ) ) ;
#297 = CARTESIAN_POINT ( 'NONE',  ( 0.1237592223204004582, -0.1393232756009439854, 0.4989999999999998881 ) ) ;
#298 = EDGE_CURVE ( 'NONE', #2325, #2000, #1764, .T. ) ;
#299 = CARTESIAN_POINT ( 'NONE',  ( 0.04816913369018169244, 0.01511299779022749930, 0.4989999999999999991 ) ) ;
#300 = CARTESIAN_POINT ( 'NONE',  ( 0.1541949467693134179, 0.1281791040090159151, 0.4989999999999999991 ) ) ;
#301 = CARTESIAN_POINT ( 'NONE',  ( -0.1031606198808489444, 0.02193887506718763744, 0.4989999999999999991 ) ) ;
#302 = COLOUR_RGB ( '',0.7921568627450980005, 0.8196078431372548767, 0.9333333333333333481 ) ;
#303 = CARTESIAN_POINT ( 'NONE',  ( 0.09751063970483894727, 0.1319913547441742829, 0.5000000000000002220 ) ) ;
#304 = UNCERTAINTY_MEASURE_WITH_UNIT (LENGTH_MEASURE( 1.000000000000000082E-05 ), #3588, 'distance_accuracy_value', 'NONE');
#305 = CARTESIAN_POINT ( 'NONE',  ( -0.2395311021183997580, -0.05082316656292694412, 0.4989999999999998881 ) ) ;
#306 = EDGE_LOOP ( 'NONE', ( #5783, #4079, #3481, #670 ) ) ;
#307 = CARTESIAN_POINT ( 'NONE',  ( -0.1275062992552591090, -0.09375310958279421680, 0.4989999999999999991 ) ) ;
#308 = CARTESIAN_POINT ( 'NONE',  ( 0.04811330862784551909, 0.009329430002441428671, 0.4989999999999999991 ) ) ;
#310 = CARTESIAN_POINT ( 'NONE',  ( -0.7705000000000001847, -0.3500000000000003109, 0.2295000000000034235 ) ) ;
#309 = CARTESIAN_POINT ( 'NONE',  ( 0.2855930164200532473, -0.1445666738936624285, 0.5000000000000000000 ) ) ;
#311 = CARTESIAN_POINT ( 'NONE',  ( 0.2927793312142178972, 0.007243918710748841958, 0.4989999999999998881 ) ) ;
#312 = SURFACE_STYLE_USAGE ( .BOTH. , #3934 ) ;
#313 = CARTESIAN_POINT ( 'NONE',  ( 0.3290870202938867006, 0.02179582990934207654, 0.5000000000000000000 ) ) ;
#314 = VERTEX_POINT ( 'NONE', #1474 ) ;
#315 = CARTESIAN_POINT ( 'NONE',  ( -0.09845427577439015698, 0.02286533618490989295, 0.4999999999999998890 ) ) ;
#316 = CARTESIAN_POINT ( 'NONE',  ( 0.1025479297289632608, -0.1132250639287294691, 0.4989999999999999991 ) ) ;
#317 = FACE_OUTER_BOUND ( 'NONE', #4298, .T. ) ;
#318 = CARTESIAN_POINT ( 'NONE',  ( -0.1285373954582074152, 0.03904825797579221380, 0.4990000000000002212 ) ) ;
#319 = CARTESIAN_POINT ( 'NONE',  ( 0.3137328773940721849, 0.1197572002831547439, 0.5000000000000001110 ) ) ;
#320 = FILL_AREA_STYLE ('',( #2971 ) ) ;
#321 = CARTESIAN_POINT ( 'NONE',  ( 0.3141373248980207089, 0.05481834736813177150, 0.4989999999999999991 ) ) ;
#322 = CARTESIAN_POINT ( 'NONE',  ( -0.06493065346197431087, 0.1212256460071947373, 0.4989999999999996660 ) ) ;
#323 = DIRECTION ( 'NONE',  ( 0.0000000000000000000, 0.0000000000000000000, 1.000000000000000000 ) ) ;
#324 = CARTESIAN_POINT ( 'NONE',  ( -0.2995526963715151592, -0.1100586623999444541, 0.5000000000000001110 ) ) ;
#325 = PRESENTATION_STYLE_ASSIGNMENT (( #2945 ) ) ;
#326 = ADVANCED_FACE ( 'NONE', ( #3111 ), #2157, .T. ) ;
#327 = FACE_OUTER_BOUND ( 'NONE', #1198, .T. ) ;
#329 = ORIENTED_EDGE ( 'NONE', *, *, #2151, .F. ) ;
#328 = SURFACE_SIDE_STYLE ('',( #5010 ) ) ;
#330 = CARTESIAN_POINT ( 'NONE',  ( 0.3186033277840108480, 0.1545867508625865805, 0.4990000000000001101 ) ) ;
#331 = CARTESIAN_POINT ( 'NONE',  ( -0.2843075421133429148, 0.1319913547441743384, 0.5000000000000001110 ) ) ;
#332 = ORIENTED_EDGE ( 'NONE', *, *, #3368, .T. ) ;
#333 = CARTESIAN_POINT ( 'NONE',  ( 0.1514332891664015857, -0.1145339276333229156, 0.4990000000000001101 ) ) ;
#334 = CARTESIAN_POINT ( 'NONE',  ( 0.06879696539604084060, 0.1178340681311237231, 0.4989999999999999991 ) ) ;
#335 = CARTESIAN_POINT ( 'NONE',  ( -0.07924841908025068160, 0.02064106499926205568, 0.4990000000000002212 ) ) ;
#336 = CARTESIAN_POINT ( 'NONE',  ( -0.05316205733877078093, -0.08474020367056749048, 0.4999999999999998890 ) ) ;
#337 = SURFACE_STYLE_USAGE ( .BOTH. , #2922 ) ;
#338 = CARTESIAN_POINT ( 'NONE',  ( 0.1244021778877370810, 0.1181026474345394511, 0.4989999999999999991 ) ) ;
#339 = PRESENTATION_STYLE_ASSIGNMENT (( #6767 ) ) ;
#340 = VERTEX_POINT ( 'NONE', #6532 ) ;
#341 = CARTESIAN_POINT ( 'NONE',  ( -0.07304925705087203514, 0.05262902462907837614, 0.4999999999999998890 ) ) ;
#342 = CARTESIAN_POINT ( 'NONE',  ( -0.1310862841685031532, -0.08863388972780084085, 0.5000000000000000000 ) ) ;
#343 = CARTESIAN_POINT ( 'NONE',  ( -0.02562980031220005867, 0.1209700752023443182, 0.5000000000000001110 ) ) ;
#345 = LINE ( 'NONE', #310, #6277 ) ;
#344 =( LENGTH_UNIT ( ) NAMED_UNIT ( * ) SI_UNIT ( .MILLI., .METRE. ) );
#346 = LINE ( 'NONE', #2450, #821 ) ;
#347 = CARTESIAN_POINT ( 'NONE',  ( 0.1414126928393119043, 0.1454899260265474781, 0.5000000000000001110 ) ) ;
#348 = ORIENTED_EDGE ( 'NONE', *, *, #6097, .T. ) ;
#349 = CARTESIAN_POINT ( 'NONE',  ( 0.2716774319857620523, 0.1621794745251139702, 0.4990000000000001101 ) ) ;
#350 = CARTESIAN_POINT ( 'NONE',  ( 0.3364367618066340659, 0.03452538077226037505, 0.4990000000000001101 ) ) ;
#351 = VECTOR ( 'NONE', #1569, 1000.000000000000114 ) ;
#352 = CARTESIAN_POINT ( 'NONE',  ( -0.1417974670756664557, 0.02455049015041180921, 0.5000000000000000000 ) ) ;
#353 = EDGE_CURVE ( 'NONE', #3586, #2080, #345, .T. ) ;
#354 = CARTESIAN_POINT ( 'NONE',  ( -0.09307080687456126267, 0.1319772316438897197, 0.5000000000000000000 ) ) ;
#355 = CARTESIAN_POINT ( 'NONE',  ( 0.1504995369499600999, 0.1340845385474427887, 0.5000000000000000000 ) ) ;
#356 = STYLED_ITEM ( 'NONE', ( #2638 ), #2093 ) ;
#357 = CARTESIAN_POINT ( 'NONE',  ( 0.2877690646267291874, -0.1133657052092582190, 0.4989999999999999991 ) ) ;
#358 = CARTESIAN_POINT ( 'NONE',  ( 0.06173972130111085588, -0.08839569932422397525, 0.5000000000000001110 ) ) ;
#359 = PRESENTATION_LAYER_ASSIGNMENT (  '', '', ( #3114 ) ) ;
#360 = DIRECTION ( 'NONE',  ( -5.421010862427515070E-15, 0.0000000000000000000, 1.000000000000000000 ) ) ;
#361 = FILL_AREA_STYLE ('',( #1959 ) ) ;
#362 = LINE ( 'NONE', #6030, #2232 ) ;
#364 = VERTEX_POINT ( 'NONE', #5565 ) ;
#363 = CARTESIAN_POINT ( 'NONE',  ( 0.0000000000000000000, -0.4500000000000000111, 0.0000000000000000000 ) ) ;
#365 = CARTESIAN_POINT ( 'NONE',  ( 0.2949409442869390108, 0.04139191199588029835, 0.4999999999999998890 ) ) ;
#366 = CARTESIAN_POINT ( 'NONE',  ( -0.01422435370981682545, -0.04278095960794817826, 0.4989999999999999991 ) ) ;
#367 = CARTESIAN_POINT ( 'NONE',  ( 0.06210725343250562275, 0.1536574566385918439, 0.4989999999999999991 ) ) ;
#368 = ORIENTED_EDGE ( 'NONE', *, *, #4845, .F. ) ;
#369 = CARTESIAN_POINT ( 'NONE',  ( 0.2716774319857620523, 0.1621794745251139702, 0.5000000000000001110 ) ) ;
#370 = CARTESIAN_POINT ( 'NONE',  ( 0.1351552277555305992, 0.09999446014096852187, 0.5000000000000002220 ) ) ;
#371 =( GEOMETRIC_REPRESENTATION_CONTEXT ( 3 ) GLOBAL_UNCERTAINTY_ASSIGNED_CONTEXT ( ( #4251 ) ) GLOBAL_UNIT_ASSIGNED_CONTEXT ( ( #733, #1256, #5945 ) ) REPRESENTATION_CONTEXT ( 'NONE', 'WORKASPACE' ) );
#372 = SURFACE_STYLE_USAGE ( .BOTH. , #2985 ) ;
#373 = DIRECTION ( 'NONE',  ( 0.0000000000000000000, 0.0000000000000000000, -1.000000000000000000 ) ) ;
#374 =( NAMED_UNIT ( * ) PLANE_ANGLE_UNIT ( ) SI_UNIT ( $, .RADIAN. ) );
#375 = CARTESIAN_POINT ( 'NONE',  ( -0.2819705474390417632, -0.1444567335670743913, 0.5000000000000002220 ) ) ;
#376 =( NAMED_UNIT ( * ) PLANE_ANGLE_UNIT ( ) SI_UNIT ( $, .RADIAN. ) );
#377 = ORIENTED_EDGE ( 'NONE', *, *, #1110, .F. ) ;
#378 = CARTESIAN_POINT ( 'NONE',  ( -0.5399999999999999245, 0.4500000000000000111, -0.0009999999999999158867 ) ) ;
#379 =( LENGTH_UNIT ( ) NAMED_UNIT ( * ) SI_UNIT ( .MILLI., .METRE. ) );
#380 = EDGE_CURVE ( 'NONE', #3586, #3119, #6047, .T. ) ;
#381 = PRESENTATION_LAYER_ASSIGNMENT (  '', '', ( #3345 ) ) ;
#382 = CARTESIAN_POINT ( 'NONE',  ( -0.06299212530374229124, -0.09915250899458448453, 0.4989999999999999991 ) ) ;
#384 = CARTESIAN_POINT ( 'NONE',  ( -0.04539318487864799773, -0.04387673882872740461, 0.5000000000000000000 ) ) ;
#383 = CARTESIAN_POINT ( 'NONE',  ( 0.2187656211353512792, -0.1016612002240610407, 0.4990000000000001101 ) ) ;
#385 = CARTESIAN_POINT ( 'NONE',  ( 0.03222924311542148951, 0.1136077813506119749, 0.4989999999999997771 ) ) ;
#386 = UNCERTAINTY_MEASURE_WITH_UNIT (LENGTH_MEASURE( 1.000000000000000082E-05 ), #4009, 'distance_accuracy_value', 'NONE');
#387 = ORIENTED_EDGE ( 'NONE', *, *, #298, .F. ) ;
#388 = B_SPLINE_CURVE_WITH_KNOTS ( 'NONE', 3,
 ( #5260, #1074, #5836, #587, #2273, #4255, #3731, #3177, #556, #75, #2687, #4887, #2653, #2181, #3272, #167, #102, #3826, #5352 ),
 .UNSPECIFIED., .F., .F.,
 ( 4, 1, 1, 1, 1, 1, 1, 1, 1, 1, 1, 1, 1, 1, 1, 1, 4 ),
 ( 0.0000000000000000000, 0.07553170670764647321, 0.1470578195305884961, 0.2158553469488314336, 0.2825051018261502955, 0.3471197186959702474, 0.4107715378315261456, 0.4731813908398391777, 0.5355995226640021256, 0.5966025870578031132, 0.6562480021656950102, 0.7136688321210812314, 0.7699489930252690906, 0.8261510603738746461, 0.8828291921799018560, 0.9402680167549573031, 1.000000000000000000 ),
 .UNSPECIFIED. ) ;
#389 = DIRECTION ( 'NONE',  ( 1.000000000000000000, 0.0000000000000000000, -0.0000000000000000000 ) ) ;
#390 = FILL_AREA_STYLE ('',( #4049 ) ) ;
#391 = CARTESIAN_POINT ( 'NONE',  ( -0.2203226586516111307, -0.09488909288150075561, 0.4989999999999999991 ) ) ;
#392 = EDGE_CURVE ( 'NONE', #6698, #5207, #2895, .T. ) ;
#393 = CARTESIAN_POINT ( 'NONE',  ( -0.1452314536948126900, 0.01863820188757165167, 0.5000000000000000000 ) ) ;
#394 = CARTESIAN_POINT ( 'NONE',  ( -0.1452314536948126900, 0.01863820188757165167, 0.5000000000000000000 ) ) ;
#395 = CARTESIAN_POINT ( 'NONE',  ( 0.09699723719927409726, 0.1632255338985452997, 0.4989999999999999991 ) ) ;
#396 = CARTESIAN_POINT ( 'NONE',  ( 0.3215411523886928524, -0.09595238252470410234, 0.4989999999999999991 ) ) ;
#397 = ADVANCED_FACE ( 'NONE', ( #6568 ), #1320, .F. ) ;
#398 = LINE ( 'NONE', #2054, #633 ) ;
#399 = CARTESIAN_POINT ( 'NONE',  ( 0.05566106927578676894, -0.07274450891171216349, 0.5000000000000000000 ) ) ;
#400 = PRESENTATION_LAYER_ASSIGNMENT (  '', '', ( #4482 ) ) ;
#401 = B_SPLINE_CURVE_WITH_KNOTS ( 'NONE', 3,
 ( #2879, #1385, #4406, #1787, #782, #4944, #6114 ),
 .UNSPECIFIED., .F., .F.,
 ( 4, 1, 1, 1, 4 ),
 ( 0.0000000000000000000, 0.2081614228391137078, 0.4437428907768917741, 0.7079862851435053672, 1.000000000000000000 ),
 .UNSPECIFIED. ) ;
#402 = COLOUR_RGB ( '',1.000000000000000000, 1.000000000000000000, 1.000000000000000000 ) ;
#403 = CARTESIAN_POINT ( 'NONE',  ( 0.01714134063699647090, -0.01067170301994723770, 0.5000000000000002220 ) ) ;
#404 =( NAMED_UNIT ( * ) PLANE_ANGLE_UNIT ( ) SI_UNIT ( $, .RADIAN. ) );
#406 = EDGE_LOOP ( 'NONE', ( #6576, #3963, #3879, #4960 ) ) ;
#405 = FILL_AREA_STYLE_COLOUR ( '', #1031 ) ;
#407 = CARTESIAN_POINT ( 'NONE',  ( 0.3547504503640271367, 0.1012118835126737115, 0.4990000000000001101 ) ) ;
#408 = ORIENTED_EDGE ( 'NONE', *, *, #2625, .F. ) ;
#409 = CARTESIAN_POINT ( 'NONE',  ( 0.2851668800564169937, 0.1632255338985453275, 0.4990000000000001101 ) ) ;
#410 = PRESENTATION_LAYER_ASSIGNMENT (  '', '', ( #3369 ) ) ;
#411 = CARTESIAN_POINT ( 'NONE',  ( -0.2958973822571389634, 0.1305661691134283042, 0.4989999999999999991 ) ) ;
#412 = CARTESIAN_POINT ( 'NONE',  ( 0.1673908597216705874, 0.09611892334299379503, 0.4989999999999998881 ) ) ;
#413 = CARTESIAN_POINT ( 'NONE',  ( -0.3636183786635668325, -0.02951647080323194228, 0.4989999999999998881 ) ) ;
#414 = CARTESIAN_POINT ( 'NONE',  ( 0.3297621494405061915, 0.02861554773518767275, 0.4999999999999998890 ) ) ;
#415 = VERTEX_POINT ( 'NONE', #2415 ) ;
#416 = CARTESIAN_POINT ( 'NONE',  ( 0.3137844922692627492, -0.1036507243260419986, 0.4990000000000001101 ) ) ;
#417 = CARTESIAN_POINT ( 'NONE',  ( 0.1453534327925276592, -0.007537670874974929103, 0.5000000000000001110 ) ) ;
#418 = CARTESIAN_POINT ( 'NONE',  ( -0.1726866609042556344, -0.03452073478758975467, 0.4989999999999999991 ) ) ;
#419 = EDGE_CURVE ( 'NONE', #2080, #4286, #4493, .T. ) ;
#420 = CARTESIAN_POINT ( 'NONE',  ( 0.07846761903255547455, 0.1610319621919648336, 0.5000000000000004441 ) ) ;
#421 =( NAMED_UNIT ( * ) SI_UNIT ( $, .STERADIAN. ) SOLID_ANGLE_UNIT ( ) );
#422 = EDGE_LOOP ( 'NONE', ( #1052, #4670, #66, #6798 ) ) ;
#423 =( NAMED_UNIT ( * ) PLANE_ANGLE_UNIT ( ) SI_UNIT ( $, .RADIAN. ) );
#424 = CARTESIAN_POINT ( 'NONE',  ( -0.2851862043591674167, -0.1445666738936624285, 0.4989999999999999991 ) ) ;
#425 = MECHANICAL_DESIGN_GEOMETRIC_PRESENTATION_REPRESENTATION (  '', ( #4921 ), #1646 ) ;
#426 =( NAMED_UNIT ( * ) SI_UNIT ( $, .STERADIAN. ) SOLID_ANGLE_UNIT ( ) );
#427 = VECTOR ( 'NONE', #5911, 1000.000000000000000 ) ;
#428 = EDGE_CURVE ( 'NONE', #898, #474, #3650, .T. ) ;
#429 = LINE ( 'NONE', #5707, #2563 ) ;
#430 = CARTESIAN_POINT ( 'NONE',  ( -0.03229296563918146457, 0.1336938360932717618, 0.4989999999999999991 ) ) ;
#431 = CARTESIAN_POINT ( 'NONE',  ( 0.3186033277840108480, 0.1545867508625865805, 0.5000000000000002220 ) ) ;
#432 =( NAMED_UNIT ( * ) PLANE_ANGLE_UNIT ( ) SI_UNIT ( $, .RADIAN. ) );
#433 = LINE ( 'NONE', #1013, #3803 ) ;
#434 = B_SPLINE_CURVE_WITH_KNOTS ( 'NONE', 3,
 ( #4651, #6223, #3582, #3061, #2582, #5187, #2680, #455, #4685, #1065, #4787 ),
 .UNSPECIFIED., .F., .F.,
 ( 4, 1, 1, 1, 1, 1, 1, 1, 4 ),
 ( 0.0000000000000000000, 0.09543861110911565360, 0.1984189556487925277, 0.3095503447174332012, 0.4291841245509658287, 0.5580754939063420350, 0.6954918765135520431, 0.8432052366845271818, 1.000000000000000000 ),
 .UNSPECIFIED. ) ;
#435 = ADVANCED_FACE ( 'NONE', ( #6257 ), #3748, .T. ) ;
#436 = CARTESIAN_POINT ( 'NONE',  ( 0.3464241001178461898, 0.01044482517457050695, 0.4989999999999999991 ) ) ;
#437 = EDGE_CURVE ( 'NONE', #1277, #5927, #868, .T. ) ;
#438 = CARTESIAN_POINT ( 'NONE',  ( 0.3674175717206825675, -0.06028492598747450804, 0.4989999999999999991 ) ) ;
#439 = ORIENTED_EDGE ( 'NONE', *, *, #6437, .T. ) ;
#440 = CARTESIAN_POINT ( 'NONE',  ( -0.04928928877475188125, 0.08530345597646739331, 0.4989999999999999991 ) ) ;
#441 = CARTESIAN_POINT ( 'NONE',  ( 0.01694447745901434682, 0.009207676755688173204, 0.4989999999999999991 ) ) ;
#442 = ORIENTED_EDGE ( 'NONE', *, *, #112, .T. ) ;
#443 = CARTESIAN_POINT ( 'NONE',  ( -0.5399999999999999245, 0.4500000000000000111, -0.0009999999999999158867 ) ) ;
#444 = CARTESIAN_POINT ( 'NONE',  ( 0.1244021778877370810, 0.1181026474345394511, 0.5000000000000000000 ) ) ;
#445 = CARTESIAN_POINT ( 'NONE',  ( -0.3285218318392455483, 0.08091735354968815352, 0.4989999999999998881 ) ) ;
#446 = CARTESIAN_POINT ( 'NONE',  ( 0.2429185034330403337, 0.08530345597646739331, 0.4989999999999999991 ) ) ;
#447 = EDGE_CURVE ( 'NONE', #4286, #4532, #1759, .T. ) ;
#448 = B_SPLINE_SURFACE_WITH_KNOTS ( 'NONE', 3, 1, ( 
 ( #2231, #4345 ),
 ( #613, #5924 ),
 ( #2682, #202 ),
 ( #715, #5286 ),
 ( #6385, #5380 ),
 ( #2177, #677 ),
 ( #4283, #4822 ),
 ( #5831, #4884 ),
 ( #162, #1700 ),
 ( #2815, #2202 ),
 ( #4313, #3370 ),
 ( #3565, #5139 ),
 ( #2885, #3891 ),
 ( #919, #6693 ),
 ( #6001, #1512 ),
 ( #6171, #5966 ),
 ( #3601, #403 ),
 ( #1831, #4411 ),
 ( #4635, #6483 ) ),
 .UNSPECIFIED., .F., .F., .F.,
 ( 4, 1, 1, 1, 1, 1, 1, 1, 1, 1, 1, 1, 1, 1, 1, 1, 4 ),
 ( 2, 2 ),
 ( 0.0000000000000000000, 0.04461140070214173609, 0.08771103364401504343, 0.1305519678448845700, 0.1734812435493595373, 0.2172750310008216834, 0.2633226479506833306, 0.3118589299127199066, 0.3634664861580829132, 0.4194362964783542314, 0.4808868625215614867, 0.5492072408141098760, 0.6242104105436929729, 0.7063843999137413565, 0.7964922683424537908, 0.8942066700976123439, 1.000000000000000000 ),
 ( 0.0000000000000000000, 1.000000000000000000 ),
 .UNSPECIFIED. ) ;
#449 = CARTESIAN_POINT ( 'NONE',  ( 0.3186765259361676872, 0.1130508723159699691, 0.4989999999999999991 ) ) ;
#450 = B_SPLINE_CURVE_WITH_KNOTS ( 'NONE', 3,
 ( #4738, #4196, #1017, #4636, #6757, #5782, #4771, #19, #5268, #2123, #3673 ),
 .UNSPECIFIED., .F., .F.,
 ( 4, 1, 1, 1, 1, 1, 1, 1, 4 ),
 ( 0.0000000000000000000, 0.09321839406069579170, 0.1938574851185505543, 0.3031616225397821829, 0.4216003745329101049, 0.5505359843336935510, 0.6892597431086406878, 0.8389726057502736589, 1.000000000000000000 ),
 .UNSPECIFIED. ) ;
#451 = CARTESIAN_POINT ( 'NONE',  ( -0.3429095239612204860, -0.1099190716672146517, 0.4989999999999998881 ) ) ;
#452 = SURFACE_STYLE_USAGE ( .BOTH. , #2481 ) ;
#453 = ORIENTED_EDGE ( 'NONE', *, *, #5141, .T. ) ;
#454 = CARTESIAN_POINT ( 'NONE',  ( 0.3364249969395338713, -0.05063404402353259559, 0.5000000000000001110 ) ) ;
#455 = CARTESIAN_POINT ( 'NONE',  ( -0.1461737433300686895, 0.04130597184408049682, 0.5000000000000001110 ) ) ;
#457 = SURFACE_SIDE_STYLE ('',( #939 ) ) ;
#456 = SURFACE_STYLE_USAGE ( .BOTH. , #938 ) ;
#458 = CARTESIAN_POINT ( 'NONE',  ( 0.03692303875622395676, 0.1239936458895451454, 0.5000000000000006661 ) ) ;
#459 = UNCERTAINTY_MEASURE_WITH_UNIT (LENGTH_MEASURE( 1.000000000000000082E-05 ), #2032, 'distance_accuracy_value', 'NONE');
#460 = CARTESIAN_POINT ( 'NONE',  ( -0.04613902177909588731, -0.02899003769595266330, 0.4989999999999999991 ) ) ;
#461 = ORIENTED_EDGE ( 'NONE', *, *, #3549, .F. ) ;
#462 = CARTESIAN_POINT ( 'NONE',  ( 0.2475059231518024205, -0.08569831101236836945, 0.4989999999999999991 ) ) ;
#463 = DIRECTION ( 'NONE',  ( 0.0000000000000000000, 0.0000000000000000000, 1.000000000000000000 ) ) ;
#464 = CARTESIAN_POINT ( 'NONE',  ( 0.2853797116339071294, 0.03892437751101736343, 0.4989999999999999991 ) ) ;
#465 =( LENGTH_UNIT ( ) NAMED_UNIT ( * ) SI_UNIT ( .MILLI., .METRE. ) );
#466 = LINE ( 'NONE', #5198, #4004 ) ;
#467 = CARTESIAN_POINT ( 'NONE',  ( -0.1367830512820856492, 0.1423352423403125289, 0.5000000000000000000 ) ) ;
#468 = CARTESIAN_POINT ( 'NONE',  ( 0.3301217493159399052, 0.1462769257909473097, 0.5000000000000002220 ) ) ;
#469 = CARTESIAN_POINT ( 'NONE',  ( 0.06538344124314339478, -0.09431653086311318768, 0.5000000000000000000 ) ) ;
#470 = CARTESIAN_POINT ( 'NONE',  ( -0.1152409042239423698, -0.1057645969119617724, 0.4989999999999999991 ) ) ;
#471 = ORIENTED_EDGE ( 'NONE', *, *, #5575, .T. ) ;
#472 = CARTESIAN_POINT ( 'NONE',  ( 0.2851668800564169937, 0.1632255338985453275, 0.4990000000000001101 ) ) ;
#473 =( NAMED_UNIT ( * ) PLANE_ANGLE_UNIT ( ) SI_UNIT ( $, .RADIAN. ) );
#474 = VERTEX_POINT ( 'NONE', #5896 ) ;
#475 = CARTESIAN_POINT ( 'NONE',  ( 0.2178110829043176100, 0.1140900033078978137, 0.5000000000000002220 ) ) ;
#476 = CARTESIAN_POINT ( 'NONE',  ( 0.1454604431827214439, 0.01517393440388073618, 0.5000000000000000000 ) ) ;
#477 = LINE ( 'NONE', #3125, #3904 ) ;
#478 = EDGE_CURVE ( 'NONE', #5927, #2339, #5801, .T. ) ;
#479 = MECHANICAL_DESIGN_GEOMETRIC_PRESENTATION_REPRESENTATION (  '', ( #4970 ), #3875 ) ;
#480 = CARTESIAN_POINT ( 'NONE',  ( -0.04539318487864799773, -0.04387673882872740461, 0.5000000000000000000 ) ) ;
#481 = CARTESIAN_POINT ( 'NONE',  ( -0.2052772636585493971, -0.008702789788698969686, 0.4990000000000001101 ) ) ;
#482 = CARTESIAN_POINT ( 'NONE',  ( 0.3558117407278080790, 0.08178490025101406435, 0.5000000000000000000 ) ) ;
#483 =( GEOMETRIC_REPRESENTATION_CONTEXT ( 3 ) GLOBAL_UNCERTAINTY_ASSIGNED_CONTEXT ( ( #4801 ) ) GLOBAL_UNIT_ASSIGNED_CONTEXT ( ( #6333, #2750, #1177 ) ) REPRESENTATION_CONTEXT ( 'NONE', 'WORKASPACE' ) );
#484 = EDGE_LOOP ( 'NONE', ( #3893, #3719, #6684, #862, #2612, #3122, #4370, #994, #6281, #3990, #2199 ) ) ;
#485 = FILL_AREA_STYLE ('',( #2034 ) ) ;
#486 = ADVANCED_FACE ( 'NONE', ( #2744 ), #448, .T. ) ;
#487 = CARTESIAN_POINT ( 'NONE',  ( -0.5399999999999999245, 0.3500000000000000333, 0.4800000000000000377 ) ) ;
#489 = CARTESIAN_POINT ( 'NONE',  ( -0.1308426612642819009, -0.1315282682552996463, 0.4999999999999998890 ) ) ;
#488 = CARTESIAN_POINT ( 'NONE',  ( 0.2548467612129464155, 0.1173408546320624385, 0.5000000000000001110 ) ) ;
#490 = CARTESIAN_POINT ( 'NONE',  ( 0.07000001283054992085, 0.1579482536689636174, 0.5000000000000007772 ) ) ;
#491 = ORIENTED_EDGE ( 'NONE', *, *, #3337, .T. ) ;
#492 = CARTESIAN_POINT ( 'NONE',  ( 0.2402077286683450830, -0.06191112546040264397, 0.5000000000000002220 ) ) ;
#493 = SURFACE_STYLE_FILL_AREA ( #3623 ) ;
#494 = AXIS2_PLACEMENT_3D ( 'NONE', #5069, #2459, #4054 ) ;
#495 = CARTESIAN_POINT ( 'NONE',  ( -0.01445554440493060019, -0.03216917123678040419, 0.4990000000000001101 ) ) ;
#496 = MECHANICAL_DESIGN_GEOMETRIC_PRESENTATION_REPRESENTATION (  '', ( #3569 ), #4349 ) ;
#497 = DIRECTION ( 'NONE',  ( 0.0000000000000000000, 1.000000000000000000, 0.0000000000000000000 ) ) ;
#498 = CARTESIAN_POINT ( 'NONE',  ( -0.1557220968908638037, 0.1158367258085148399, 0.5000000000000000000 ) ) ;
#499 = CARTESIAN_POINT ( 'NONE',  ( -0.02396194640527524872, -0.09498305690644559540, 0.4989999999999999991 ) ) ;
#500 = CARTESIAN_POINT ( 'NONE',  ( 0.3186033277840108480, 0.1545867508625865805, 0.4990000000000001101 ) ) ;
#501 = CARTESIAN_POINT ( 'NONE',  ( -0.3647281018038766032, 0.02723960817167099535, 0.4999999999999998890 ) ) ;
#502 = MECHANICAL_DESIGN_GEOMETRIC_PRESENTATION_REPRESENTATION (  '', ( #3467 ), #1818 ) ;
#503 =( NAMED_UNIT ( * ) SI_UNIT ( $, .STERADIAN. ) SOLID_ANGLE_UNIT ( ) );
#504 = B_SPLINE_SURFACE_WITH_KNOTS ( 'NONE', 3, 1, ( 
 ( #2521, #5771 ),
 ( #2683, #1068 ),
 ( #2648, #5319 ),
 ( #649, #2745 ),
 ( #2233, #2143 ),
 ( #3203, #1102 ),
 ( #1732, #5287 ),
 ( #2715, #3726 ),
 ( #163, #4284 ),
 ( #2203, #2270 ),
 ( #1670, #4754 ),
 ( #4789, #581 ),
 ( #6325, #72 ),
 ( #4378, #4823 ),
 ( #3269, #99 ),
 ( #3756, #2777 ),
 ( #3823, #678 ),
 ( #5349, #5832 ),
 ( #1137, #3300 ) ),
 .UNSPECIFIED., .F., .F., .F.,
 ( 4, 1, 1, 1, 1, 1, 1, 1, 1, 1, 1, 1, 1, 1, 1, 1, 4 ),
 ( 2, 2 ),
 ( 0.0000000000000000000, 0.04828715761055955152, 0.09604379558437681208, 0.1436314314878043841, 0.1929183553288602027, 0.2443499336523359822, 0.2982579089532412242, 0.3551950479219347367, 0.4161155148320717645, 0.4798107870793598129, 0.5453825751854418646, 0.6125423832672090008, 0.6826619831497879876, 0.7558181143978953687, 0.8333891049195435441, 0.9141695683727341093, 1.000000000000000000 ),
 ( 0.0000000000000000000, 1.000000000000000000 ),
 .UNSPECIFIED. ) ;
#505 = CARTESIAN_POINT ( 'NONE',  ( -0.2466637749248566935, 0.1509485394041881479, 0.4989999999999999991 ) ) ;
#507 = CARTESIAN_POINT ( 'NONE',  ( 0.3675938281083648840, -0.05026878428327284654, 0.5000000000000000000 ) ) ;
#506 = VECTOR ( 'NONE', #6629, 1000.000000000000000 ) ;
#508 = ORIENTED_EDGE ( 'NONE', *, *, #936, .F. ) ;
#509 = ADVANCED_FACE ( 'NONE', ( #3079 ), #5216, .T. ) ;
#510 = CARTESIAN_POINT ( 'NONE',  ( 0.1010717817999388646, 0.1318614786664695782, 0.4989999999999998881 ) ) ;
#511 = DIRECTION ( 'NONE',  ( 0.0000000000000000000, -1.000000000000000000, 0.0000000000000000000 ) ) ;
#512 = ORIENTED_EDGE ( 'NONE', *, *, #4000, .T. ) ;
#513 = CARTESIAN_POINT ( 'NONE',  ( 0.2701912307057675600, 0.03855020922322065918, 0.5000000000000000000 ) ) ;
#514 = FILL_AREA_STYLE ('',( #6276 ) ) ;
#515 = VECTOR ( 'NONE', #3892, 1000.000000000000000 ) ;
#516 = CARTESIAN_POINT ( 'NONE',  ( 0.3137328773940721849, 0.1197572002831547439, 0.4990000000000001101 ) ) ;
#517 = EDGE_CURVE ( 'NONE', #314, #3027, #2903, .T. ) ;
#518 = PRESENTATION_STYLE_ASSIGNMENT (( #547 ) ) ;
#519 = CARTESIAN_POINT ( 'NONE',  ( -0.2502200539729303452, -0.1349110276354184290, 0.5000000000000003331 ) ) ;
#520 = STYLED_ITEM ( 'NONE', ( #5905 ), #5500 ) ;
#521 = VERTEX_POINT ( 'NONE', #1614 ) ;
#522 = FACE_OUTER_BOUND ( 'NONE', #3311, .T. ) ;
#524 = CARTESIAN_POINT ( 'NONE',  ( -0.1505189744151178011, -0.1107787369958020129, 0.5000000000000000000 ) ) ;
#523 = CARTESIAN_POINT ( 'NONE',  ( 0.2154681477330493422, -0.09401330463373941404, 0.5000000000000000000 ) ) ;
#525 = CARTESIAN_POINT ( 'NONE',  ( 0.02178041243047440512, 0.07560020120858625126, 0.4990000000000001101 ) ) ;
#526 = UNCERTAINTY_MEASURE_WITH_UNIT (LENGTH_MEASURE( 1.000000000000000082E-05 ), #1993, 'distance_accuracy_value', 'NONE');
#527 = ORIENTED_EDGE ( 'NONE', *, *, #3005, .F. ) ;
#528 = CARTESIAN_POINT ( 'NONE',  ( 0.3193899878790434910, 0.06262759157649436248, 0.4989999999999998881 ) ) ;
#529 = PRODUCT_CONTEXT ( 'NONE', #1246, 'mechanical' ) ;
#530 = CARTESIAN_POINT ( 'NONE',  ( 0.01979673056125511379, -0.04680386558681851744, 0.4989999999999999991 ) ) ;
#531 =( NAMED_UNIT ( * ) PLANE_ANGLE_UNIT ( ) SI_UNIT ( $, .RADIAN. ) );
#532 = CARTESIAN_POINT ( 'NONE',  ( -0.2580589594977812928, -0.1393232756009439854, 0.4999999999999998890 ) ) ;
#533 = CARTESIAN_POINT ( 'NONE',  ( -0.1647825383223563700, 0.09083752087112813289, 0.5000000000000001110 ) ) ;
#534 = DIRECTION ( 'NONE',  ( 1.000000000000000000, 0.0000000000000000000, -5.421010862427515070E-15 ) ) ;
#535 = CARTESIAN_POINT ( 'NONE',  ( 0.2325062255070130535, -0.1213734387421058769, 0.4990000000000001101 ) ) ;
#536 = CARTESIAN_POINT ( 'NONE',  ( -0.1368716239581728167, -0.07713023099964892715, 0.4989999999999999991 ) ) ;
#537 = ORIENTED_EDGE ( 'NONE', *, *, #2828, .T. ) ;
#538 = CARTESIAN_POINT ( 'NONE',  ( -0.2235001838783507166, 0.1211280232643391352, 0.4990000000000001101 ) ) ;
#539 = EDGE_LOOP ( 'NONE', ( #2509, #4741, #6625, #5975 ) ) ;
#540 = FILL_AREA_STYLE ('',( #5272 ) ) ;
#541 = CARTESIAN_POINT ( 'NONE',  ( 0.8000000000000001554, -0.4500000000000000111, 0.5000000000000000000 ) ) ;
#542 = CARTESIAN_POINT ( 'NONE',  ( -0.3167055777526103788, 0.1126452988202986255, 0.4989999999999998881 ) ) ;
#543 = EDGE_CURVE ( 'NONE', #6242, #3858, #6338, .T. ) ;
#544 = CARTESIAN_POINT ( 'NONE',  ( 0.2584384517676098225, 0.1214301811458735614, 0.4989999999999998881 ) ) ;
#545 = COLOUR_RGB ( '',0.0000000000000000000, 0.0000000000000000000, 0.0000000000000000000 ) ;
#546 = CARTESIAN_POINT ( 'NONE',  ( -0.3164347405750383979, -0.09431653086311318768, 0.4999999999999995559 ) ) ;
#547 = SURFACE_STYLE_USAGE ( .BOTH. , #2168 ) ;
#548 = CARTESIAN_POINT ( 'NONE',  ( 0.4999999999999998890, -0.4500000000000000111, 0.5000000000000000000 ) ) ;
#549 = ORIENTED_EDGE ( 'NONE', *, *, #6460, .T. ) ;
#550 = CARTESIAN_POINT ( 'NONE',  ( 0.3364249969395338713, -0.05063404402353259559, 0.4989999999999999991 ) ) ;
#551 = CARTESIAN_POINT ( 'NONE',  ( -0.08989399656695966356, -0.1445666738936624285, 0.4989999999999999991 ) ) ;
#552 = CARTESIAN_POINT ( 'NONE',  ( 0.2500606897808336782, 0.1100630991124542518, 0.4989999999999998881 ) ) ;
#553 = CARTESIAN_POINT ( 'NONE',  ( -0.1647825383223563700, 0.09083752087112813289, 0.5000000000000001110 ) ) ;
#554 = ORIENTED_EDGE ( 'NONE', *, *, #6470, .T. ) ;
#555 = CARTESIAN_POINT ( 'NONE',  ( -0.2842730550085181274, -0.1133978427248312909, 0.4989999999999999991 ) ) ;
#556 = CARTESIAN_POINT ( 'NONE',  ( 0.3257201807922140424, -0.01265760543951805275, 0.4989999999999999991 ) ) ;
#557 = B_SPLINE_SURFACE_WITH_KNOTS ( 'NONE', 3, 1, ( 
 ( #1573, #2462 ),
 ( #3528, #6661 ),
 ( #1957, #2601 ),
 ( #5608, #3046 ),
 ( #6203, #1510 ),
 ( #915, #4703 ),
 ( #6691, #4634 ),
 ( #6168, #5137 ),
 ( #5710, #6236 ),
 ( #1543, #1475 ),
 ( #3562, #3010 ) ),
 .UNSPECIFIED., .F., .F., .F.,
 ( 4, 1, 1, 1, 1, 1, 1, 1, 4 ),
 ( 2, 2 ),
 ( 0.0000000000000000000, 0.09543861110911565360, 0.1984189556487925277, 0.3095503447174332012, 0.4291841245509658287, 0.5580754939063420350, 0.6954918765135520431, 0.8432052366845271818, 1.000000000000000000 ),
 ( 0.0000000000000000000, 1.000000000000000000 ),
 .UNSPECIFIED. ) ;
#558 = EDGE_CURVE ( 'NONE', #4978, #1664, #3186, .T. ) ;
#559 = CARTESIAN_POINT ( 'NONE',  ( -0.01955324486174004478, -0.003122570958754485818, 0.5000000000000000000 ) ) ;
#560 = CARTESIAN_POINT ( 'NONE',  ( 0.3363697923422873659, -0.04850209384204741403, 0.4999999999999998890 ) ) ;
#561 = CARTESIAN_POINT ( 'NONE',  ( -0.02877644701494182916, 0.1275876699797382219, 0.4989999999999999991 ) ) ;
#562 = CARTESIAN_POINT ( 'NONE',  ( -0.03069739980922111741, -0.1083692444046392839, 0.4990000000000001101 ) ) ;
#563 = CARTESIAN_POINT ( 'NONE',  ( -0.2395916724968748523, 0.06996765166811613756, 0.5000000000000000000 ) ) ;
#564 = ADVANCED_FACE ( 'NONE', ( #6369 ), #5703, .T. ) ;
#565 = CARTESIAN_POINT ( 'NONE',  ( 0.3309028092594506476, -0.1297968512260974927, 0.4990000000000001101 ) ) ;
#566 = VERTEX_POINT ( 'NONE', #1184 ) ;
#567 = CARTESIAN_POINT ( 'NONE',  ( -0.2296058472163103048, 0.1315696897427011680, 0.4989999999999999991 ) ) ;
#569 = DIRECTION ( 'NONE',  ( -0.0000000000000000000, -0.0000000000000000000, 1.000000000000000000 ) ) ;
#568 =( GEOMETRIC_REPRESENTATION_CONTEXT ( 3 ) GLOBAL_UNCERTAINTY_ASSIGNED_CONTEXT ( ( #2722 ) ) GLOBAL_UNIT_ASSIGNED_CONTEXT ( ( #1853, #2907, #6659 ) ) REPRESENTATION_CONTEXT ( 'NONE', 'WORKASPACE' ) );
#570 = CARTESIAN_POINT ( 'NONE',  ( -0.1739069766486984470, 0.008621157596907092283, 0.4989999999999999991 ) ) ;
#571 =( NAMED_UNIT ( * ) PLANE_ANGLE_UNIT ( ) SI_UNIT ( $, .RADIAN. ) );
#572 = CARTESIAN_POINT ( 'NONE',  ( -0.04545075410995320225, -0.04651526509452409697, 0.5000000000000000000 ) ) ;
#573 = DIRECTION ( 'NONE',  ( -0.9922778767136675171, 0.1240347345892088698, 0.0000000000000000000 ) ) ;
#574 = PRESENTATION_STYLE_ASSIGNMENT (( #6317 ) ) ;
#575 = VERTEX_POINT ( 'NONE', #767 ) ;
#576 = FACE_OUTER_BOUND ( 'NONE', #4867, .T. ) ;
#577 = CARTESIAN_POINT ( 'NONE',  ( -0.1505189744151178011, -0.1107787369958020129, 0.4990000000000001101 ) ) ;
#579 = CARTESIAN_POINT ( 'NONE',  ( -0.1469962692942324012, 0.01559972221023363075, 0.4989999999999999991 ) ) ;
#578 = CARTESIAN_POINT ( 'NONE',  ( 0.2126462725533919129, -0.08593944754282506482, 0.4989999999999998881 ) ) ;
#580 = COLOUR_RGB ( '',1.000000000000000000, 1.000000000000000000, 1.000000000000000000 ) ;
#581 = CARTESIAN_POINT ( 'NONE',  ( -0.05316205733877078093, -0.08474020367056749048, 0.4999999999999996669 ) ) ;
#582 = UNCERTAINTY_MEASURE_WITH_UNIT (LENGTH_MEASURE( 1.000000000000000082E-05 ), #5475, 'distance_accuracy_value', 'NONE');
#583 = CARTESIAN_POINT ( 'NONE',  ( -0.1296188715969913141, 0.1488269590900563322, 0.4990000000000001101 ) ) ;
#584 = ORIENTED_EDGE ( 'NONE', *, *, #447, .F. ) ;
#585 = DIRECTION ( 'NONE',  ( 0.0000000000000000000, 1.000000000000000000, 0.0000000000000000000 ) ) ;
#586 = ADVANCED_FACE ( 'NONE', ( #3282 ), #6753, .T. ) ;
#587 = CARTESIAN_POINT ( 'NONE',  ( 0.3356711462490360454, -0.03827971592248582966, 0.4989999999999999991 ) ) ;
#588 =( NAMED_UNIT ( * ) PLANE_ANGLE_UNIT ( ) SI_UNIT ( $, .RADIAN. ) );
#589 = MECHANICAL_DESIGN_GEOMETRIC_PRESENTATION_REPRESENTATION (  '', ( #4985 ), #371 ) ;
#590 = CARTESIAN_POINT ( 'NONE',  ( -0.01663265119298354411, -0.07119866027575748324, 0.5000000000000000000 ) ) ;
#591 =( NAMED_UNIT ( * ) PLANE_ANGLE_UNIT ( ) SI_UNIT ( $, .RADIAN. ) );
#592 = VECTOR ( 'NONE', #5532, 1000.000000000000000 ) ;
#593 = UNCERTAINTY_MEASURE_WITH_UNIT (LENGTH_MEASURE( 1.000000000000000082E-05 ), #269, 'distance_accuracy_value', 'NONE');
#594 = PRESENTATION_LAYER_ASSIGNMENT (  '', '', ( #3569 ) ) ;
#595 = CARTESIAN_POINT ( 'NONE',  ( -0.09320609681198045726, -0.1133406688892809322, 0.4990000000000001101 ) ) ;
#596 = EDGE_CURVE ( 'NONE', #1593, #6035, #106, .T. ) ;
#597 = CARTESIAN_POINT ( 'NONE',  ( -0.02637387501219182195, 0.01348511406708011520, 0.4990000000000002212 ) ) ;
#598 = DIRECTION ( 'NONE',  ( 1.000000000000000000, -0.0000000000000000000, -9.680376540049147084E-17 ) ) ;
#599 = CARTESIAN_POINT ( 'NONE',  ( -0.1650152842720997159, -0.07892198868424447900, 0.4999999999999997780 ) ) ;
#600 = SURFACE_STYLE_FILL_AREA ( #6310 ) ;
#601 = PRESENTATION_LAYER_ASSIGNMENT (  '', '', ( #2254 ) ) ;
#602 =( NAMED_UNIT ( * ) PLANE_ANGLE_UNIT ( ) SI_UNIT ( $, .RADIAN. ) );
#603 = CARTESIAN_POINT ( 'NONE',  ( -0.1281752457949398849, 0.005512409362681918584, 0.5000000000000000000 ) ) ;
#604 = CARTESIAN_POINT ( 'NONE',  ( 0.09921765664764201076, -0.1133400795675549022, 0.4989999999999999991 ) ) ;
#605 = SURFACE_STYLE_FILL_AREA ( #6412 ) ;
#606 = CARTESIAN_POINT ( 'NONE',  ( 0.5200000000000000178, -0.4500000000000000111, 0.4800000000000000377 ) ) ;
#607 = EDGE_LOOP ( 'NONE', ( #6318, #4434, #2667, #6260 ) ) ;
#608 = VECTOR ( 'NONE', #4340, 1000.000000000000000 ) ;
#609 = CARTESIAN_POINT ( 'NONE',  ( 0.08130235722385048547, 0.1286317476230179890, 0.5000000000000000000 ) ) ;
#610 = CARTESIAN_POINT ( 'NONE',  ( -0.2370205005000041165, -0.02343912402562274219, 0.4999999999999997780 ) ) ;
#611 =( GEOMETRIC_REPRESENTATION_CONTEXT ( 3 ) GLOBAL_UNCERTAINTY_ASSIGNED_CONTEXT ( ( #2178 ) ) GLOBAL_UNIT_ASSIGNED_CONTEXT ( ( #2245, #689, #1022 ) ) REPRESENTATION_CONTEXT ( 'NONE', 'WORKASPACE' ) );
#613 = CARTESIAN_POINT ( 'NONE',  ( 0.09376386024031600763, -0.1444590227595910492, 0.4989999999999998881 ) ) ;
#612 = DIRECTION ( 'NONE',  ( -1.000000000000000000, 1.355252715606880937E-15, -6.255012533570217206E-16 ) ) ;
#614 =( NAMED_UNIT ( * ) PLANE_ANGLE_UNIT ( ) SI_UNIT ( $, .RADIAN. ) );
#615 = CARTESIAN_POINT ( 'NONE',  ( -0.1557220968908638037, 0.1158367258085148399, 0.4989999999999999991 ) ) ;
#616 = ORIENTED_EDGE ( 'NONE', *, *, #1790, .F. ) ;
#617 = CARTESIAN_POINT ( 'NONE',  ( 0.08592079956104285710, 0.1305661691134283042, 0.5000000000000000000 ) ) ;
#618 = CARTESIAN_POINT ( 'NONE',  ( 0.3228796724475741509, 0.07152130899323698443, 0.5000000000000001110 ) ) ;
#619 = CARTESIAN_POINT ( 'NONE',  ( -0.08657381172008504766, -0.1444297223054104296, 0.5000000000000001110 ) ) ;
#620 = EDGE_CURVE ( 'NONE', #1825, #273, #5889, .T. ) ;
#621 = B_SPLINE_CURVE_WITH_KNOTS ( 'NONE', 3,
 ( #773, #6505, #4472, #3980, #735, #1258, #2797, #3873, #1375, #696, #4398, #4365, #4903, #1333, #1777 ),
 .UNSPECIFIED., .F., .F.,
 ( 4, 1, 1, 1, 1, 1, 1, 1, 1, 1, 1, 1, 4 ),
 ( 0.0000000000000000000, 0.1157650784265954330, 0.2252032054860274302, 0.3349430611455465612, 0.4481580580999232066, 0.5071195114202255994, 0.5672858645983624992, 0.6306224506208056857, 0.6965576080074882270, 0.7662657032136763746, 0.8400942303236406117, 0.9174810998729969747, 1.000000000000000000 ),
 .UNSPECIFIED. ) ;
#622 = CARTESIAN_POINT ( 'NONE',  ( 0.3310531164392943038, -0.02194489426323125575, 0.4989999999999997771 ) ) ;
#623 = CARTESIAN_POINT ( 'NONE',  ( 0.3618745318371427988, -0.01497976246722242805, 0.4990000000000001101 ) ) ;
#624 = CARTESIAN_POINT ( 'NONE',  ( 0.09699723719927409726, 0.1632255338985452997, 0.5000000000000000000 ) ) ;
#625 = CARTESIAN_POINT ( 'NONE',  ( -0.07998151782653596664, -0.1441578021682543009, 0.4999999999999998890 ) ) ;
#626 = CARTESIAN_POINT ( 'NONE',  ( 0.7800000000000001377, 0.4500000000000000111, 0.4800000000000001488 ) ) ;
#627 = ADVANCED_FACE ( 'NONE', ( #5439 ), #2766, .F. ) ;
#628 = CARTESIAN_POINT ( 'NONE',  ( -0.2936933627625140653, -0.1442473685166454911, 0.4989999999999997771 ) ) ;
#629 = CARTESIAN_POINT ( 'NONE',  ( -0.06493065346197431087, 0.1212256460071947373, 0.4989999999999996660 ) ) ;
#630 = CARTESIAN_POINT ( 'NONE',  ( -0.07304925705087203514, 0.05262902462907837614, 0.4989999999999998881 ) ) ;
#631 = CARTESIAN_POINT ( 'NONE',  ( -0.5000000000000001110, -0.4500000000000000111, 0.02000000000000008021 ) ) ;
#632 = CARTESIAN_POINT ( 'NONE',  ( -0.1247980049430496841, 0.1135375829491854782, 0.4989999999999999991 ) ) ;
#633 = VECTOR ( 'NONE', #854, 1000.000000000000000 ) ;
#634 = B_SPLINE_CURVE_WITH_KNOTS ( 'NONE', 3,
 ( #441, #2508, #6148, #4674, #4548, #3471, #2471, #924, #3989, #4583, #5047, #5550, #1516, #367, #6627, #1930, #1481, #5175, #3536 ),
 .UNSPECIFIED., .F., .F.,
 ( 4, 1, 1, 1, 1, 1, 1, 1, 1, 1, 1, 1, 1, 1, 1, 1, 4 ),
 ( 0.0000000000000000000, 0.09514348807164518806, 0.1847457720530777392, 0.2683084903083867712, 0.3466242220093578297, 0.4193377299534534752, 0.4872737010492217968, 0.5502487944465247471, 0.6091667059941574536, 0.6639479924279677592, 0.7154822751577647466, 0.7640415713753497817, 0.8109810218191543241, 0.8569367060899879540, 0.9028761937633786872, 0.9504445482262284806, 1.000000000000000000 ),
 .UNSPECIFIED. ) ;
#635 = EDGE_CURVE ( 'NONE', #2000, #5152, #4811, .T. ) ;
#636 = EDGE_CURVE ( 'NONE', #2128, #4655, #1780, .T. ) ;
#637 = CARTESIAN_POINT ( 'NONE',  ( -0.2363022757877388802, 0.009329430002441428671, 0.4989999999999999991 ) ) ;
#638 = STYLED_ITEM ( 'NONE', ( #3834 ), #6742 ) ;
#640 = VERTEX_POINT ( 'NONE', #5311 ) ;
#639 = CARTESIAN_POINT ( 'NONE',  ( 0.04816765749934467239, 0.003484855984208565152, 0.4989999999999999991 ) ) ;
#641 = CARTESIAN_POINT ( 'NONE',  ( -0.3329878081225437492, 0.04209822964776982479, 0.4990000000000002212 ) ) ;
#642 = LINE ( 'NONE', #606, #1838 ) ;
#643 = ORIENTED_EDGE ( 'NONE', *, *, #2528, .T. ) ;
#644 = EDGE_CURVE ( 'NONE', #2707, #1071, #3780, .T. ) ;
#645 = CARTESIAN_POINT ( 'NONE',  ( -0.2653090533591861977, -0.1071782603815497892, 0.4989999999999999991 ) ) ;
#647 = CARTESIAN_POINT ( 'NONE',  ( -0.1461737433300686895, 0.04130597184408049682, 0.4990000000000001101 ) ) ;
#646 = CARTESIAN_POINT ( 'NONE',  ( -0.8000000000000001554, 0.4500000000000000111, 0.5000000000000000000 ) ) ;
#648 = B_SPLINE_CURVE_WITH_KNOTS ( 'NONE', 3,
 ( #3981, #1376, #6028, #3423, #3599, #2092, #5072, #399, #4192, #358, #469, #6141, #6266, #4158, #2974, #5204, #2561, #4576, #950 ),
 .UNSPECIFIED., .F., .F.,
 ( 4, 1, 1, 1, 1, 1, 1, 1, 1, 1, 1, 1, 1, 1, 1, 1, 4 ),
 ( 0.0000000000000000000, 0.1206795854909984977, 0.2305338289379845196, 0.3309550632170780160, 0.4208116729085197294, 0.5011270243297456517, 0.5713493660207026315, 0.6332246655567607130, 0.6858987127109708037, 0.7331104517484663408, 0.7764365142131891551, 0.8173386407956978461, 0.8554870737933412128, 0.8921333757432465816, 0.9276904481916801171, 0.9634616402638018773, 1.000000000000000000 ),
 .UNSPECIFIED. ) ;
#649 = CARTESIAN_POINT ( 'NONE',  ( -0.08274435718617707824, -0.1123509389467723246, 0.4989999999999999991 ) ) ;
#650 = SURFACE_STYLE_USAGE ( .BOTH. , #5772 ) ;
#651 = VERTEX_POINT ( 'NONE', #118 ) ;
#652 = CARTESIAN_POINT ( 'NONE',  ( 0.3243285117430302900, 0.09634541504918801846, 0.4989999999999999991 ) ) ;
#653 = CARTESIAN_POINT ( 'NONE',  ( -0.3571544802212698877, 0.08941556916950811618, 0.4989999999999998881 ) ) ;
#654 = CARTESIAN_POINT ( 'NONE',  ( -0.2051951004557313885, 0.01598680212136813911, 0.4999999999999998890 ) ) ;
#655 = DIRECTION ( 'NONE',  ( 0.0000000000000000000, -0.0000000000000000000, 1.000000000000000000 ) ) ;
#656 = CARTESIAN_POINT ( 'NONE',  ( -0.02770240579460195307, -0.1028654851667882564, 0.4989999999999999991 ) ) ;
#657 = CARTESIAN_POINT ( 'NONE',  ( 0.7800000000000001377, -0.4500000000000000111, 0.4800000000000001488 ) ) ;
#658 = B_SPLINE_SURFACE_WITH_KNOTS ( 'NONE', 3, 1, ( 
 ( #2640, #1430 ),
 ( #604, #3519 ),
 ( #5097, #2134 ),
 ( #4240, #6315 ),
 ( #1626, #3718 ),
 ( #5792, #3197 ),
 ( #1194, #153 ),
 ( #2837, #5440 ),
 ( #4908, #1723 ),
 ( #3815, #4841 ),
 ( #3292, #2257 ),
 ( #2802, #190 ),
 ( #1263, #776 ),
 ( #4873, #6410 ),
 ( #4973, #4338 ),
 ( #1162, #5373 ),
 ( #667, #4938 ),
 ( #2291, #4369 ),
 ( #6443, #1751 ) ),
 .UNSPECIFIED., .F., .F., .F.,
 ( 4, 1, 1, 1, 1, 1, 1, 1, 1, 1, 1, 1, 1, 1, 1, 1, 4 ),
 ( 2, 2 ),
 ( 0.0000000000000000000, 0.03475612679208861522, 0.06920497968908576047, 0.1040637835934719452, 0.1399556082715866512, 0.1777369218184897404, 0.2184284661752968759, 0.2625622612246631959, 0.3103376776290858174, 0.3642496298805921739, 0.4261424154125437180, 0.4974026320891993813, 0.5784347426665222835, 0.6686249014675862412, 0.7690992835489116608, 0.8795114840670519296, 0.9999999999999998890 ),
 ( 0.0000000000000000000, 1.000000000000000000 ),
 .UNSPECIFIED. ) ;
#659 = CARTESIAN_POINT ( 'NONE',  ( -0.2659484154648971144, 0.1259233261452060160, 0.5000000000000000000 ) ) ;
#660 = CARTESIAN_POINT ( 'NONE',  ( -0.2313186448682217067, 0.1340845385474428164, 0.4989999999999999991 ) ) ;
#661 = CARTESIAN_POINT ( 'NONE',  ( -0.07510675714248393753, 0.1286016538432284140, 0.5000000000000000000 ) ) ;
#662 = CARTESIAN_POINT ( 'NONE',  ( 0.3022786061696248749, 0.005191176734783501875, 0.5000000000000000000 ) ) ;
#663 = CARTESIAN_POINT ( 'NONE',  ( -0.7800000000000001377, -0.4500000000000000111, 0.4800000000000001488 ) ) ;
#664 = DIRECTION ( 'NONE',  ( 0.0000000000000000000, 0.0000000000000000000, 1.000000000000000000 ) ) ;
#665 = CARTESIAN_POINT ( 'NONE',  ( 0.2877845748616116861, 0.007381378054389486909, 0.4989999999999999991 ) ) ;
#666 = CARTESIAN_POINT ( 'NONE',  ( 0.2938105552185922842, -0.1443131424491872206, 0.5000000000000000000 ) ) ;
#667 = CARTESIAN_POINT ( 'NONE',  ( 0.1453534327925276592, -0.007537670874974929103, 0.4990000000000001101 ) ) ;
#668 = FILL_AREA_STYLE_COLOUR ( '', #1083 ) ;
#669 = CARTESIAN_POINT ( 'NONE',  ( -0.2395311021183997580, -0.05082316656292694412, 0.4999999999999998890 ) ) ;
#670 = ORIENTED_EDGE ( 'NONE', *, *, #5902, .T. ) ;
#671 = EDGE_CURVE ( 'NONE', #474, #1514, #3305, .T. ) ;
#672 = CARTESIAN_POINT ( 'NONE',  ( 0.05132807408852072678, 0.06946465380086946917, 0.4990000000000002212 ) ) ;
#673 =( GEOMETRIC_REPRESENTATION_CONTEXT ( 3 ) GLOBAL_UNCERTAINTY_ASSIGNED_CONTEXT ( ( #4325 ) ) GLOBAL_UNIT_ASSIGNED_CONTEXT ( ( #4118, #977, #3626 ) ) REPRESENTATION_CONTEXT ( 'NONE', 'WORKASPACE' ) );
#674 = AXIS2_PLACEMENT_3D ( 'NONE', #2796, #4902, #185 ) ;
#675 = CARTESIAN_POINT ( 'NONE',  ( -0.2611418417670103298, -0.1035809638494556706, 0.4989999999999999991 ) ) ;
#677 = CARTESIAN_POINT ( 'NONE',  ( 0.06459090678599306579, -0.1360515706902424293, 0.5000000000000000000 ) ) ;
#676 = CARTESIAN_POINT ( 'NONE',  ( 0.05566106927578676894, -0.07274450891171216349, 0.4999999999999998890 ) ) ;
#678 = CARTESIAN_POINT ( 'NONE',  ( -0.04556250539647250380, -0.05163707579153599403, 0.4999999999999998890 ) ) ;
#679 = STYLED_ITEM ( 'NONE', ( #3594 ), #1588 ) ;
#680 = VECTOR ( 'NONE', #1262, 1000.000000000000000 ) ;
#681 = ORIENTED_EDGE ( 'NONE', *, *, #1735, .T. ) ;
#682 = EDGE_CURVE ( 'NONE', #2453, #6462, #5340, .T. ) ;
#683 = CARTESIAN_POINT ( 'NONE',  ( -0.4999999999999998890, 0.4500000000000000111, 0.5000000000000000000 ) ) ;
#684 = CARTESIAN_POINT ( 'NONE',  ( -0.1247980049430496841, 0.1135375829491854782, 0.4989999999999999991 ) ) ;
#685 =( LENGTH_UNIT ( ) NAMED_UNIT ( * ) SI_UNIT ( .MILLI., .METRE. ) );
#686 = PRESENTATION_STYLE_ASSIGNMENT (( #2306 ) ) ;
#687 = SURFACE_STYLE_USAGE ( .BOTH. , #4324 ) ;
#688 = ORIENTED_EDGE ( 'NONE', *, *, #1351, .T. ) ;
#689 =( NAMED_UNIT ( * ) PLANE_ANGLE_UNIT ( ) SI_UNIT ( $, .RADIAN. ) );
#690 = CARTESIAN_POINT ( 'NONE',  ( 0.5000000000000002220, -0.4500000000000000111, 5.421010862427522170E-17 ) ) ;
#691 = CARTESIAN_POINT ( 'NONE',  ( -0.2363577386354604182, 0.01517393440388073965, 0.4990000000000001101 ) ) ;
#692 = COLOUR_RGB ( '',1.000000000000000000, 1.000000000000000000, 1.000000000000000000 ) ;
#693 = CARTESIAN_POINT ( 'NONE',  ( -0.06296337964791492992, 0.1190112801553859789, 0.4999999999999998890 ) ) ;
#694 = SURFACE_STYLE_USAGE ( .BOTH. , #6025 ) ;
#695 = CARTESIAN_POINT ( 'NONE',  ( -0.1427957822812453703, -0.04162430376379233632, 0.4989999999999999991 ) ) ;
#696 = CARTESIAN_POINT ( 'NONE',  ( 0.2481522188282991870, 0.1058111487630297165, 0.5000000000000000000 ) ) ;
#697 = COLOUR_RGB ( '',1.000000000000000000, 1.000000000000000000, 1.000000000000000000 ) ;
#698 = CARTESIAN_POINT ( 'NONE',  ( -0.1148203845835122777, 0.1238872428420599581, 0.4989999999999999991 ) ) ;
#699 = DIRECTION ( 'NONE',  ( 1.000000000000000000, 0.0000000000000000000, -2.168404344971008868E-16 ) ) ;
#700 = EDGE_CURVE ( 'NONE', #5483, #3950, #4337, .T. ) ;
#702 = DIRECTION ( 'NONE',  ( -0.0000000000000000000, -0.0000000000000000000, 1.000000000000000000 ) ) ;
#701 = COLOUR_RGB ( '',1.000000000000000000, 1.000000000000000000, 1.000000000000000000 ) ;
#704 = VERTEX_POINT ( 'NONE', #5915 ) ;
#703 = CARTESIAN_POINT ( 'NONE',  ( 0.2959538725957535643, -0.1123615132211655959, 0.5000000000000001110 ) ) ;
#705 = SURFACE_STYLE_USAGE ( .BOTH. , #6069 ) ;
#706 = CARTESIAN_POINT ( 'NONE',  ( -0.2942768077264237836, 0.1628927976262533051, 0.5000000000000000000 ) ) ;
#707 = CARTESIAN_POINT ( 'NONE',  ( -0.2534107226599918161, -0.09407112786315029174, 0.5000000000000000000 ) ) ;
#708 = ORIENTED_EDGE ( 'NONE', *, *, #904, .F. ) ;
#709 = CARTESIAN_POINT ( 'NONE',  ( 0.1766358421267636425, 0.003118541669219569799, 0.4989999999999999991 ) ) ;
#710 = CARTESIAN_POINT ( 'NONE',  ( 0.09404602586120566765, 0.1320004655111084446, 0.4989999999999999991 ) ) ;
#711 = DIRECTION ( 'NONE',  ( 1.000000000000000000, 0.0000000000000000000, 0.0000000000000000000 ) ) ;
#712 = PRESENTATION_LAYER_ASSIGNMENT (  '', '', ( #5645 ) ) ;
#713 = CARTESIAN_POINT ( 'NONE',  ( -0.2437824058907410718, -0.07233360512463153646, 0.4999999999999997780 ) ) ;
#715 = CARTESIAN_POINT ( 'NONE',  ( 0.07985086197314171519, -0.1426381237838648397, 0.4990000000000001101 ) ) ;
#714 = CARTESIAN_POINT ( 'NONE',  ( 0.04816765749934467239, 0.003484855984208565152, 0.4989999999999999991 ) ) ;
#716 = FACE_OUTER_BOUND ( 'NONE', #539, .T. ) ;
#717 = UNCERTAINTY_MEASURE_WITH_UNIT (LENGTH_MEASURE( 1.000000000000000082E-05 ), #1984, 'distance_accuracy_value', 'NONE');
#718 = CARTESIAN_POINT ( 'NONE',  ( 0.07000001283054992085, 0.1579482536689636174, 0.5000000000000001110 ) ) ;
#719 = ORIENTED_EDGE ( 'NONE', *, *, #5202, .T. ) ;
#720 = SURFACE_STYLE_FILL_AREA ( #5420 ) ;
#721 = CARTESIAN_POINT ( 'NONE',  ( 0.3247366852512221236, 0.08688624818425959295, 0.4989999999999999991 ) ) ;
#722 = AXIS2_PLACEMENT_3D ( 'NONE', #2172, #1694, #3233 ) ;
#723 = LINE ( 'NONE', #1765, #4213 ) ;
#724 = CARTESIAN_POINT ( 'NONE',  ( 0.09984763437914002948, -0.1444567335670744190, 0.5000000000000001110 ) ) ;
#725 = PLANE ( 'NONE',  #812 ) ;
#726 = CARTESIAN_POINT ( 'NONE',  ( 0.3551459902755434994, -0.0007120977253463020877, 0.4999999999999997780 ) ) ;
#727 = EDGE_LOOP ( 'NONE', ( #4391, #934, #6554, #957 ) ) ;
#728 = VECTOR ( 'NONE', #4794, 1000.000000000000000 ) ;
#729 = CARTESIAN_POINT ( 'NONE',  ( -0.2381203520456223743, 0.05696043528673250256, 0.4999999999999997780 ) ) ;
#730 = SURFACE_STYLE_USAGE ( .BOTH. , #4863 ) ;
#731 = CARTESIAN_POINT ( 'NONE',  ( -0.06493065346197431087, 0.1212256460071947373, 0.4999999999999996669 ) ) ;
#732 = B_SPLINE_CURVE_WITH_KNOTS ( 'NONE', 3,
 ( #5576, #6104, #2944, #2426, #224, #736, #1334, #4473, #3390, #4904, #3355, #886, #4399, #5949, #6587, #5008, #1778, #5041, #4541 ),
 .UNSPECIFIED., .F., .F.,
 ( 4, 1, 1, 1, 1, 1, 1, 1, 1, 1, 1, 1, 1, 1, 1, 1, 4 ),
 ( 0.0000000000000000000, 0.09461717910809144816, 0.1836879983719772735, 0.2673423192650712377, 0.3451199086331388499, 0.4179131261566898514, 0.4859235696282112049, 0.5491582703543163024, 0.6081407685528292806, 0.6632543324827677722, 0.7145929467936155133, 0.7632116109258703096, 0.8100106062874760093, 0.8561688043370043744, 0.9024550121772491051, 0.9500755117454149357, 1.000000000000000000 ),
 .UNSPECIFIED. ) ;
#733 =( LENGTH_UNIT ( ) NAMED_UNIT ( * ) SI_UNIT ( .MILLI., .METRE. ) );
#734 = CARTESIAN_POINT ( 'NONE',  ( 0.3301217493159399052, 0.1462769257909473097, 0.5000000000000001110 ) ) ;
#735 = CARTESIAN_POINT ( 'NONE',  ( 0.2635068455297135959, 0.1257493445778910535, 0.5000000000000000000 ) ) ;
#736 = CARTESIAN_POINT ( 'NONE',  ( 0.1718325830879158245, -0.05685714121492355111, 0.5000000000000001110 ) ) ;
#737 = CARTESIAN_POINT ( 'NONE',  ( -0.1031606198808489444, 0.02193887506718763744, 0.5000000000000000000 ) ) ;
#739 = ORIENTED_EDGE ( 'NONE', *, *, #5766, .F. ) ;
#738 = CARTESIAN_POINT ( 'NONE',  ( 0.04992046885152458952, -0.03820148929383111042, 0.4990000000000001101 ) ) ;
#740 = CARTESIAN_POINT ( 'NONE',  ( -0.3337048731903362597, 0.009329430002441428671, 0.5000000000000000000 ) ) ;
#741 = CARTESIAN_POINT ( 'NONE',  ( 0.03362627000276694617, -0.1003954948538945263, 0.5000000000000003331 ) ) ;
#742 = CARTESIAN_POINT ( 'NONE',  ( -0.2051334446189077287, 0.009207676755688173204, 0.4989999999999999991 ) ) ;
#743 = ORIENTED_EDGE ( 'NONE', *, *, #1660, .F. ) ;
#744 = CARTESIAN_POINT ( 'NONE',  ( 0.09984763437914002948, -0.1444567335670744190, 0.4989999999999999991 ) ) ;
#745 = PRESENTATION_STYLE_ASSIGNMENT (( #3474 ) ) ;
#746 = PRESENTATION_STYLE_ASSIGNMENT (( #372 ) ) ;
#747 = B_SPLINE_CURVE_WITH_KNOTS ( 'NONE', 3,
 ( #97, #2229, #3924, #4917, #2334, #4344, #1311, #5965, #4821, #233, #4410 ),
 .UNSPECIFIED., .F., .F.,
 ( 4, 1, 1, 1, 1, 1, 1, 1, 4 ),
 ( 0.0000000000000000000, 0.1368690137668589213, 0.2661309337679564346, 0.3902278937045994267, 0.5119954587179704752, 0.6322911673904002550, 0.7536066998355525071, 0.8757019646520879386, 1.000000000000000000 ),
 .UNSPECIFIED. ) ;
#748 = CARTESIAN_POINT ( 'NONE',  ( -0.2534107226599918161, -0.09407112786315029174, 0.4989999999999999991 ) ) ;
#749 = AXIS2_PLACEMENT_3D ( 'NONE', #2560, #2973, #323 ) ;
#751 = CARTESIAN_POINT ( 'NONE',  ( 0.3586809107306929700, -0.007513528459973949775, 0.4989999999999999991 ) ) ;
#750 = CARTESIAN_POINT ( 'NONE',  ( 0.04811330862784551909, 0.009329430002441428671, 0.4989999999999999991 ) ) ;
#752 = CARTESIAN_POINT ( 'NONE',  ( 0.1436978297725596265, 0.05696043528673253725, 0.5000000000000004441 ) ) ;
#753 = CARTESIAN_POINT ( 'NONE',  ( 0.2783454956115668510, 0.1630408072773828765, 0.4999999999999997780 ) ) ;
#754 = VERTEX_POINT ( 'NONE', #1891 ) ;
#755 = CARTESIAN_POINT ( 'NONE',  ( -0.2848209446189077232, 0.1632255338985452997, 0.4989999999999999991 ) ) ;
#756 =( NAMED_UNIT ( * ) PLANE_ANGLE_UNIT ( ) SI_UNIT ( $, .RADIAN. ) );
#758 = CARTESIAN_POINT ( 'NONE',  ( 0.3558547331746577114, 0.08788359136351599210, 0.4990000000000001101 ) ) ;
#757 = CARTESIAN_POINT ( 'NONE',  ( 0.1567367554107589878, -0.1052760647850525533, 0.4989999999999999991 ) ) ;
#759 = DIRECTION ( 'NONE',  ( -1.000000000000000000, 0.0000000000000000000, -6.255012533570217206E-16 ) ) ;
#760 = CARTESIAN_POINT ( 'NONE',  ( 0.2429185034330403337, 0.08530345597646739331, 0.4989999999999999991 ) ) ;
#761 = CARTESIAN_POINT ( 'NONE',  ( -0.5000000000000002220, -0.4500000000000000111, 5.421010862427522170E-17 ) ) ;
#762 = VERTEX_POINT ( 'NONE', #6589 ) ;
#763 = CARTESIAN_POINT ( 'NONE',  ( -0.1164062496486271137, 0.01620371390811617407, 0.4989999999999999991 ) ) ;
#764 = CARTESIAN_POINT ( 'NONE',  ( 0.2153356136421761824, 0.1063012076345939971, 0.4989999999999998881 ) ) ;
#765 = FACE_OUTER_BOUND ( 'NONE', #3552, .T. ) ;
#766 = CARTESIAN_POINT ( 'NONE',  ( -0.2574160039304447256, 0.1181026474345394234, 0.4989999999999999991 ) ) ;
#767 = CARTESIAN_POINT ( 'NONE',  ( -0.06195162643708956862, 0.1178724494829609254, 0.5000000000000000000 ) ) ;
#768 = CARTESIAN_POINT ( 'NONE',  ( -0.1034726392320118593, 0.1301223351360077385, 0.5000000000000000000 ) ) ;
#769 =( LENGTH_UNIT ( ) NAMED_UNIT ( * ) SI_UNIT ( .MILLI., .METRE. ) );
#770 = CARTESIAN_POINT ( 'NONE',  ( -0.02304414861114955498, 0.1137838268913009404, 0.5000000000000000000 ) ) ;
#771 = CARTESIAN_POINT ( 'NONE',  ( 0.2875856380083025576, 0.1631541861161962537, 0.4999999999999998890 ) ) ;
#772 = EDGE_CURVE ( 'NONE', #6220, #191, #2872, .T. ) ;
#773 = CARTESIAN_POINT ( 'NONE',  ( 0.2860191527836896674, 0.1320567027297141205, 0.5000000000000000000 ) ) ;
#774 = SURFACE_SIDE_STYLE ('',( #5476 ) ) ;
#775 = FILL_AREA_STYLE_COLOUR ( '', #580 ) ;
#777 = VERTEX_POINT ( 'NONE', #3983 ) ;
#776 = CARTESIAN_POINT ( 'NONE',  ( 0.1403624792448710523, -0.06231043204667922886, 0.4999999999999996669 ) ) ;
#778 = CARTESIAN_POINT ( 'NONE',  ( -0.7800000000000001377, -0.4500000000000000111, 0.4800000000000001488 ) ) ;
#779 = CARTESIAN_POINT ( 'NONE',  ( -0.3537591191779947408, 0.1020982065975550579, 0.4990000000000002212 ) ) ;
#780 = CARTESIAN_POINT ( 'NONE',  ( -0.2653090533591861977, -0.1071782603815497892, 0.5000000000000000000 ) ) ;
#781 = ORIENTED_EDGE ( 'NONE', *, *, #2655, .F. ) ;
#782 = CARTESIAN_POINT ( 'NONE',  ( 0.2722242951412051082, 0.005102692372502647469, 0.4989999999999999991 ) ) ;
#783 = CARTESIAN_POINT ( 'NONE',  ( -0.05077817867099113786, -0.009784080265331484769, 0.4989999999999998881 ) ) ;
#784 = FACE_OUTER_BOUND ( 'NONE', #892, .T. ) ;
#786 = SURFACE_STYLE_FILL_AREA ( #361 ) ;
#785 = CARTESIAN_POINT ( 'NONE',  ( 0.06538344124314339478, -0.09431653086311318768, 0.4989999999999999991 ) ) ;
#787 = CARTESIAN_POINT ( 'NONE',  ( 0.2851668800564169937, 0.1632255338985453275, 0.5000000000000001110 ) ) ;
#788 = ORIENTED_EDGE ( 'NONE', *, *, #6598, .T. ) ;
#789 = SURFACE_STYLE_USAGE ( .BOTH. , #1352 ) ;
#790 = PRESENTATION_LAYER_ASSIGNMENT (  '', '', ( #4336 ) ) ;
#791 = CARTESIAN_POINT ( 'NONE',  ( -0.1342716465808566351, -0.08311193253023616001, 0.4989999999999998881 ) ) ;
#792 = VECTOR ( 'NONE', #6681, 1000.000000000000000 ) ;
#793 = CARTESIAN_POINT ( 'NONE',  ( -0.01812045760592070898, 0.08919955987257130459, 0.4989999999999999991 ) ) ;
#796 = DIRECTION ( 'NONE',  ( 0.0000000000000000000, 0.0000000000000000000, 1.000000000000000000 ) ) ;
#795 = STYLED_ITEM ( 'NONE', ( #6686 ), #1611 ) ;
#794 = FILL_AREA_STYLE_COLOUR ( '', #6294 ) ;
#797 = MECHANICAL_DESIGN_GEOMETRIC_PRESENTATION_REPRESENTATION (  '', ( #2554 ), #5290 ) ;
#798 = ADVANCED_FACE ( 'NONE', ( #258, #6066, #2361, #6107, #1858 ), #2504, .T. ) ;
#799 = CARTESIAN_POINT ( 'NONE',  ( -0.5399999999999999245, -0.3499999999999999778, -0.0009999999999999158867 ) ) ;
#800 =( NAMED_UNIT ( * ) SI_UNIT ( $, .STERADIAN. ) SOLID_ANGLE_UNIT ( ) );
#801 = UNCERTAINTY_MEASURE_WITH_UNIT (LENGTH_MEASURE( 1.000000000000000082E-05 ), #6588, 'distance_accuracy_value', 'NONE');
#802 =( NAMED_UNIT ( * ) SI_UNIT ( $, .STERADIAN. ) SOLID_ANGLE_UNIT ( ) );
#803 = ORIENTED_EDGE ( 'NONE', *, *, #4314, .F. ) ;
#804 = CARTESIAN_POINT ( 'NONE',  ( -0.1031606198808489444, 0.02193887506718763744, 0.5000000000000000000 ) ) ;
#805 = DIRECTION ( 'NONE',  ( 0.7071067811865523467, -9.583083854271156033E-16, 0.7071067811865426878 ) ) ;
#806 = PLANE ( 'NONE',  #6763 ) ;
#807 =( GEOMETRIC_REPRESENTATION_CONTEXT ( 3 ) GLOBAL_UNCERTAINTY_ASSIGNED_CONTEXT ( ( #4045 ) ) GLOBAL_UNIT_ASSIGNED_CONTEXT ( ( #88, #4301, #2800 ) ) REPRESENTATION_CONTEXT ( 'NONE', 'WORKASPACE' ) );
#808 = SURFACE_STYLE_USAGE ( .BOTH. , #142 ) ;
#809 = EDGE_CURVE ( 'NONE', #3347, #1672, #5578, .T. ) ;
#810 = CARTESIAN_POINT ( 'NONE',  ( -0.2860473386419835062, -0.1133427515082089804, 0.4989999999999999991 ) ) ;
#811 =( GEOMETRIC_REPRESENTATION_CONTEXT ( 3 ) GLOBAL_UNCERTAINTY_ASSIGNED_CONTEXT ( ( #801 ) ) GLOBAL_UNIT_ASSIGNED_CONTEXT ( ( #6588, #3982, #5073 ) ) REPRESENTATION_CONTEXT ( 'NONE', 'WORKASPACE' ) );
#812 = AXIS2_PLACEMENT_3D ( 'NONE', #1283, #5461, #759 ) ;
#813 = DIRECTION ( 'NONE',  ( 0.0000000000000000000, 1.000000000000000000, 0.0000000000000000000 ) ) ;
#814 = CARTESIAN_POINT ( 'NONE',  ( 0.3125053826566164816, 0.1578106403023426807, 0.5000000000000000000 ) ) ;
#815 = CARTESIAN_POINT ( 'NONE',  ( 0.1522123346018714740, 0.1315696897427011680, 0.4989999999999999991 ) ) ;
#816 = DIRECTION ( 'NONE',  ( 0.0000000000000000000, 1.000000000000000000, -0.0000000000000000000 ) ) ;
#817 = EDGE_CURVE ( 'NONE', #294, #754, #4059, .T. ) ;
#818 = SURFACE_STYLE_FILL_AREA ( #5513 ) ;
#819 = EDGE_LOOP ( 'NONE', ( #4545, #1893, #4816, #6130, #3168, #52, #2717, #554 ) ) ;
#820 = DIRECTION ( 'NONE',  ( -0.7071067811865523467, 0.0000000000000000000, -0.7071067811865426878 ) ) ;
#821 = VECTOR ( 'NONE', #6647, 1000.000000000000000 ) ;
#822 = CARTESIAN_POINT ( 'NONE',  ( -0.3269165019221422219, 0.1480251955943655828, 0.5000000000000000000 ) ) ;
#823 = CARTESIAN_POINT ( 'NONE',  ( -0.5399999999999999245, -0.4500000000000000111, -0.0009999999999999158867 ) ) ;
#824 = ORIENTED_EDGE ( 'NONE', *, *, #6506, .T. ) ;
#825 = PRESENTATION_STYLE_ASSIGNMENT (( #5521 ) ) ;
#826 = CARTESIAN_POINT ( 'NONE',  ( 0.3510617658992268852, 0.05695305147752335873, 0.4989999999999999991 ) ) ;
#827 = CARTESIAN_POINT ( 'NONE',  ( 0.1733855896089355475, 0.06542874343083539268, 0.4989999999999997771 ) ) ;
#828 = SURFACE_STYLE_FILL_AREA ( #2955 ) ;
#829 = CARTESIAN_POINT ( 'NONE',  ( 0.1112209731479515962, 0.1286922356254947553, 0.4990000000000002212 ) ) ;
#830 = CARTESIAN_POINT ( 'NONE',  ( -0.2534107226599918161, -0.09407112786315029174, 0.4989999999999999991 ) ) ;
#831 = EDGE_LOOP ( 'NONE', ( #803, #3848, #3051, #5805, #4037, #4781, #6016, #1500 ) ) ;
#832 = CARTESIAN_POINT ( 'NONE',  ( -0.03591083516167241363, 0.02780549444043576082, 0.5000000000000001110 ) ) ;
#833 = MECHANICAL_DESIGN_GEOMETRIC_PRESENTATION_REPRESENTATION (  '', ( #5758 ), #4786 ) ;
#834 = CARTESIAN_POINT ( 'NONE',  ( -0.1310862841685031532, -0.08863388972780084085, 0.4990000000000001101 ) ) ;
#835 = LINE ( 'NONE', #2381, #4329 ) ;
#836 =( GEOMETRIC_REPRESENTATION_CONTEXT ( 3 ) GLOBAL_UNCERTAINTY_ASSIGNED_CONTEXT ( ( #5256 ) ) GLOBAL_UNIT_ASSIGNED_CONTEXT ( ( #6178, #2570, #4640 ) ) REPRESENTATION_CONTEXT ( 'NONE', 'WORKASPACE' ) );
#838 = SURFACE_SIDE_STYLE ('',( #2345 ) ) ;
#837 =( NAMED_UNIT ( * ) PLANE_ANGLE_UNIT ( ) SI_UNIT ( $, .RADIAN. ) );
#839 = CARTESIAN_POINT ( 'NONE',  ( 0.3257201807922140424, -0.01265760543951805275, 0.4989999999999999991 ) ) ;
#840 = CARTESIAN_POINT ( 'NONE',  ( 0.2453807628081863534, -0.08042007651395317869, 0.4990000000000001101 ) ) ;
#841 = CARTESIAN_POINT ( 'NONE',  ( 0.3221189904460273201, 0.02393981961283103005, 0.5000000000000000000 ) ) ;
#842 = ORIENTED_EDGE ( 'NONE', *, *, #1741, .F. ) ;
#843 = PLANE ( 'NONE',  #3509 ) ;
#844 = CARTESIAN_POINT ( 'NONE',  ( 0.1766230813624503349, 0.01598680212136813564, 0.5000000000000000000 ) ) ;
#845 = LINE ( 'NONE', #2937, #5768 ) ;
#846 = STYLED_ITEM ( 'NONE', ( #2968 ), #4798 ) ;
#847 = EDGE_CURVE ( 'NONE', #3001, #1364, #1335, .T. ) ;
#848 = CARTESIAN_POINT ( 'NONE',  ( -0.1452314536948126900, 0.01863820188757165167, 0.4989999999999999991 ) ) ;
#850 = PLANE ( 'NONE',  #3984 ) ;
#849 = VECTOR ( 'NONE', #2328, 1000.000000000000000 ) ;
#851 = CARTESIAN_POINT ( 'NONE',  ( 0.1212666915454983091, 0.1589597259316671563, 0.4989999999999999991 ) ) ;
#852 = CARTESIAN_POINT ( 'NONE',  ( 0.2524974153431018831, -0.09487035128229406866, 0.4989999999999999991 ) ) ;
#853 = LINE ( 'NONE', #2941, #6717 ) ;
#854 = DIRECTION ( 'NONE',  ( 1.000000000000000000, 0.0000000000000000000, 0.0000000000000000000 ) ) ;
#855 = EDGE_CURVE ( 'NONE', #5441, #3639, #362, .T. ) ;
#856 = FACE_OUTER_BOUND ( 'NONE', #1023, .T. ) ;
#857 =( NAMED_UNIT ( * ) SI_UNIT ( $, .STERADIAN. ) SOLID_ANGLE_UNIT ( ) );
#859 = ORIENTED_EDGE ( 'NONE', *, *, #2559, .F. ) ;
#858 = SURFACE_STYLE_FILL_AREA ( #1892 ) ;
#860 = DIRECTION ( 'NONE',  ( 0.7071067811865426878, 0.0000000000000000000, -0.7071067811865523467 ) ) ;
#861 = CARTESIAN_POINT ( 'NONE',  ( -0.2807464000182428587, 0.1318614786664696059, 0.5000000000000001110 ) ) ;
#862 = ORIENTED_EDGE ( 'NONE', *, *, #5999, .F. ) ;
#863 = FILL_AREA_STYLE ('',( #2843 ) ) ;
#864 = DIRECTION ( 'NONE',  ( -0.0000000000000000000, -0.0000000000000000000, 1.000000000000000000 ) ) ;
#865 = CARTESIAN_POINT ( 'NONE',  ( 0.3538632957465710493, 0.06581930842574325313, 0.5000000000000002220 ) ) ;
#866 = CARTESIAN_POINT ( 'NONE',  ( -0.08274435718617707824, -0.1123509389467723246, 0.5000000000000000000 ) ) ;
#867 = CARTESIAN_POINT ( 'NONE',  ( 0.09577084317619831422, -0.1133427515082089249, 0.4989999999999998881 ) ) ;
#868 = B_SPLINE_CURVE_WITH_KNOTS ( 'NONE', 3,
 ( #3268, #4918, #5415, #2269, #6451, #6356, #71, #647, #5864, #2714, #6324 ),
 .UNSPECIFIED., .F., .F.,
 ( 4, 1, 1, 1, 1, 1, 1, 1, 4 ),
 ( 0.0000000000000000000, 0.09543861110911565360, 0.1984189556487925277, 0.3095503447174332012, 0.4291841245509658287, 0.5580754939063420350, 0.6954918765135520431, 0.8432052366845271818, 1.000000000000000000 ),
 .UNSPECIFIED. ) ;
#869 = COLOUR_RGB ( '',1.000000000000000000, 1.000000000000000000, 1.000000000000000000 ) ;
#870 = CARTESIAN_POINT ( 'NONE',  ( 0.1422265093213068154, 0.06996765166811608205, 0.4989999999999997771 ) ) ;
#871 = UNCERTAINTY_MEASURE_WITH_UNIT (LENGTH_MEASURE( 1.000000000000000082E-05 ), #4657, 'distance_accuracy_value', 'NONE');
#872 = CARTESIAN_POINT ( 'NONE',  ( 0.2938105552185922842, -0.1443131424491872206, 0.4989999999999999991 ) ) ;
#873 = ORIENTED_EDGE ( 'NONE', *, *, #3357, .T. ) ;
#874 = ADVANCED_FACE ( 'NONE', ( #327 ), #4679, .T. ) ;
#875 = CARTESIAN_POINT ( 'NONE',  ( 0.1320197637656922995, -0.08806151053125461925, 0.5000000000000000000 ) ) ;
#877 = CARTESIAN_POINT ( 'NONE',  ( 0.3479897571724289707, 0.1228187940017460983, 0.4990000000000001101 ) ) ;
#876 = PRESENTATION_STYLE_ASSIGNMENT (( #4923 ) ) ;
#878 = CARTESIAN_POINT ( 'NONE',  ( 0.2729209201009057395, -0.1113963700557164122, 0.4990000000000001101 ) ) ;
#879 = SURFACE_STYLE_USAGE ( .BOTH. , #1363 ) ;
#880 = ORIENTED_EDGE ( 'NONE', *, *, #6156, .F. ) ;
#881 = CARTESIAN_POINT ( 'NONE',  ( -0.1121186215337942882, 0.01862592653660039010, 0.5000000000000000000 ) ) ;
#882 = CARTESIAN_POINT ( 'NONE',  ( 0.1352706491382405229, -0.08089284829732469595, 0.4989999999999999991 ) ) ;
#883 = CARTESIAN_POINT ( 'NONE',  ( -0.2502200539729303452, -0.1349110276354184290, 0.4990000000000001101 ) ) ;
#884 = FACE_OUTER_BOUND ( 'NONE', #2736, .T. ) ;
#885 = CARTESIAN_POINT ( 'NONE',  ( 0.5000000000000001110, 0.4500000000000000111, 0.02000000000000008021 ) ) ;
#886 = CARTESIAN_POINT ( 'NONE',  ( 0.1453984185852272015, -0.1225064007141489636, 0.5000000000000000000 ) ) ;
#888 = EDGE_LOOP ( 'NONE', ( #4307, #2677, #5699, #6611, #3015, #1172, #5342, #2063, #4072, #6551, #3973 ) ) ;
#887 = CARTESIAN_POINT ( 'NONE',  ( 0.08717689821401870820, -0.1119027074789025605, 0.4989999999999999991 ) ) ;
#889 = EDGE_CURVE ( 'NONE', #6775, #5826, #450, .T. ) ;
#890 = CARTESIAN_POINT ( 'NONE',  ( 0.2993463810622218890, 0.04322039850243720310, 0.5000000000000001110 ) ) ;
#891 = CARTESIAN_POINT ( 'NONE',  ( -0.01663265119298354411, -0.07119866027575748324, 0.5000000000000000000 ) ) ;
#892 = EDGE_LOOP ( 'NONE', ( #1797, #6414, #3818, #442 ) ) ;
#893 = CARTESIAN_POINT ( 'NONE',  ( 0.1379937489256583272, 0.09149283822291183477, 0.4999999999999998890 ) ) ;
#894 = CARTESIAN_POINT ( 'NONE',  ( 0.3221189904460273201, 0.02393981961283103005, 0.4989999999999999991 ) ) ;
#895 = CARTESIAN_POINT ( 'NONE',  ( -0.06661540059195832086, -0.1030066816047680023, 0.5000000000000001110 ) ) ;
#896 = ADVANCED_FACE ( 'NONE', ( #2059 ), #3195, .T. ) ;
#897 = CARTESIAN_POINT ( 'NONE',  ( -0.2756876344622222752, -0.1442419266017315738, 0.5000000000000002220 ) ) ;
#898 = VERTEX_POINT ( 'NONE', #4395 ) ;
#899 = DIRECTION ( 'NONE',  ( -0.0000000000000000000, -0.0000000000000000000, 1.000000000000000000 ) ) ;
#900 = CARTESIAN_POINT ( 'NONE',  ( -0.1426644895672250501, -0.04941181952387344034, 0.4999999999999998890 ) ) ;
#901 = CARTESIAN_POINT ( 'NONE',  ( -0.02304414861114955498, 0.1137838268913009404, 0.4989999999999999991 ) ) ;
#903 = DIRECTION ( 'NONE',  ( -0.0000000000000000000, -0.0000000000000000000, 1.000000000000000000 ) ) ;
#902 = PRESENTATION_STYLE_ASSIGNMENT (( #456 ) ) ;
#904 = EDGE_CURVE ( 'NONE', #1514, #6174, #5837, .T. ) ;
#905 = CARTESIAN_POINT ( 'NONE',  ( 0.03692303875622395676, 0.1239936458895451454, 0.4989999999999999991 ) ) ;
#906 = PRESENTATION_LAYER_ASSIGNMENT (  '', '', ( #1014 ) ) ;
#907 = VERTEX_POINT ( 'NONE', #4295 ) ;
#908 = CARTESIAN_POINT ( 'NONE',  ( -0.1031606198808489444, 0.02193887506718763744, 0.4989999999999999991 ) ) ;
#909 = LINE ( 'NONE', #1847, #2380 ) ;
#910 = CARTESIAN_POINT ( 'NONE',  ( -0.2819705474390417632, -0.1444567335670743913, 0.4989999999999999991 ) ) ;
#911 = SURFACE_SIDE_STYLE ('',( #2457 ) ) ;
#912 = CARTESIAN_POINT ( 'NONE',  ( -0.1317818271570655730, 0.1018260942287741999, 0.5000000000000000000 ) ) ;
#913 = MECHANICAL_DESIGN_GEOMETRIC_PRESENTATION_REPRESENTATION (  '', ( #356 ), #1586 ) ;
#914 = DIRECTION ( 'NONE',  ( 0.0000000000000000000, 1.000000000000000000, 0.0000000000000000000 ) ) ;
#915 = CARTESIAN_POINT ( 'NONE',  ( -0.1434948733920920205, 0.06392623784859502445, 0.4989999999999999991 ) ) ;
#916 = MECHANICAL_DESIGN_GEOMETRIC_PRESENTATION_REPRESENTATION (  '', ( #6074 ), #3554 ) ;
#918 = VECTOR ( 'NONE', #6694, 1000.000000000000000 ) ;
#917 =( NAMED_UNIT ( * ) SI_UNIT ( $, .STERADIAN. ) SOLID_ANGLE_UNIT ( ) );
#919 = CARTESIAN_POINT ( 'NONE',  ( 0.02233774098410771028, -0.06250052785960683033, 0.4990000000000001101 ) ) ;
#920 = SURFACE_STYLE_USAGE ( .BOTH. , #6624 ) ;
#921 = EDGE_LOOP ( 'NONE', ( #512, #2411, #5859, #2947 ) ) ;
#922 = CARTESIAN_POINT ( 'NONE',  ( -0.2995526963715151592, -0.1100586623999444541, 0.4990000000000001101 ) ) ;
#923 =( NAMED_UNIT ( * ) SI_UNIT ( $, .STERADIAN. ) SOLID_ANGLE_UNIT ( ) );
#924 = CARTESIAN_POINT ( 'NONE',  ( 0.02805906264018718371, 0.1020982065975550163, 0.4989999999999999991 ) ) ;
#925 = VERTEX_POINT ( 'NONE', #3315 ) ;
#926 = CARTESIAN_POINT ( 'NONE',  ( 0.2828713350011881067, 0.1631633693503943272, 0.5000000000000000000 ) ) ;
#927 = COLOUR_RGB ( '',1.000000000000000000, 1.000000000000000000, 1.000000000000000000 ) ;
#928 = CARTESIAN_POINT ( 'NONE',  ( -0.3335420665888089720, 0.02619646027213246020, 0.4990000000000001101 ) ) ;
#929 = EDGE_CURVE ( 'NONE', #907, #5024, #4630, .T. ) ;
#930 = CARTESIAN_POINT ( 'NONE',  ( -0.07444087125235569757, -0.1088331950784329899, 0.5000000000000001110 ) ) ;
#931 = CARTESIAN_POINT ( 'NONE',  ( -0.1371143044850046122, -0.009319634172314718301, 0.4989999999999997771 ) ) ;
#932 = CARTESIAN_POINT ( 'NONE',  ( -0.2099855987302659266, -0.05685714121492353029, 0.5000000000000001110 ) ) ;
#933 = CARTESIAN_POINT ( 'NONE',  ( 0.3538632957465710493, 0.06581930842574325313, 0.5000000000000001110 ) ) ;
#934 = ORIENTED_EDGE ( 'NONE', *, *, #5398, .F. ) ;
#935 = CARTESIAN_POINT ( 'NONE',  ( 0.2877690646267291874, -0.1133657052092582190, 0.4989999999999999991 ) ) ;
#936 = EDGE_CURVE ( 'NONE', #1547, #6210, #3732, .T. ) ;
#937 = CARTESIAN_POINT ( 'NONE',  ( 0.1380357759274407348, -0.07233360512463149483, 0.5000000000000000000 ) ) ;
#939 = SURFACE_STYLE_FILL_AREA ( #969 ) ;
#938 = SURFACE_SIDE_STYLE ('',( #6125 ) ) ;
#940 = CARTESIAN_POINT ( 'NONE',  ( 0.02805906264018718371, 0.1020982065975550163, 0.5000000000000006661 ) ) ;
#941 =( GEOMETRIC_REPRESENTATION_CONTEXT ( 3 ) GLOBAL_UNCERTAINTY_ASSIGNED_CONTEXT ( ( #6707 ) ) GLOBAL_UNIT_ASSIGNED_CONTEXT ( ( #2073, #1594, #3688 ) ) REPRESENTATION_CONTEXT ( 'NONE', 'WORKASPACE' ) );
#942 = UNCERTAINTY_MEASURE_WITH_UNIT (LENGTH_MEASURE( 1.000000000000000082E-05 ), #2300, 'distance_accuracy_value', 'NONE');
#943 = CARTESIAN_POINT ( 'NONE',  ( -0.2942768077264237836, 0.1628927976262533051, 0.5000000000000000000 ) ) ;
#944 = EDGE_LOOP ( 'NONE', ( #4278, #5056, #4886, #719 ) ) ;
#945 = CARTESIAN_POINT ( 'NONE',  ( 0.3556285981763497861, 0.07526988598674637376, 0.4990000000000001101 ) ) ;
#946 = CARTESIAN_POINT ( 'NONE',  ( -0.1435478630519637644, 0.1347389118439028810, 0.5000000000000001110 ) ) ;
#947 = COLOUR_RGB ( '',1.000000000000000000, 1.000000000000000000, 1.000000000000000000 ) ;
#948 = CARTESIAN_POINT ( 'NONE',  ( 0.3306771210256688187, -0.08136028736721033494, 0.4990000000000001101 ) ) ;
#949 =( NAMED_UNIT ( * ) PLANE_ANGLE_UNIT ( ) SI_UNIT ( $, .RADIAN. ) );
#950 = CARTESIAN_POINT ( 'NONE',  ( 0.09754512680966366533, -0.1133978427248312909, 0.4999999999999997780 ) ) ;
#951 =( GEOMETRIC_REPRESENTATION_CONTEXT ( 3 ) GLOBAL_UNCERTAINTY_ASSIGNED_CONTEXT ( ( #2112 ) ) GLOBAL_UNIT_ASSIGNED_CONTEXT ( ( #2204, #73, #2234 ) ) REPRESENTATION_CONTEXT ( 'NONE', 'WORKASPACE' ) );
#952 = CARTESIAN_POINT ( 'NONE',  ( 0.3618745318371427988, -0.01497976246722242805, 0.4990000000000001101 ) ) ;
#953 = CARTESIAN_POINT ( 'NONE',  ( 0.2883569717858376902, -0.1444813990183582975, 0.5000000000000000000 ) ) ;
#954 = ORIENTED_EDGE ( 'NONE', *, *, #4323, .T. ) ;
#955 = CARTESIAN_POINT ( 'NONE',  ( -0.3085186097971128749, -0.1037373534998122238, 0.4999999999999994449 ) ) ;
#956 = LINE ( 'NONE', #1964, #2703 ) ;
#957 = ORIENTED_EDGE ( 'NONE', *, *, #128, .T. ) ;
#958 = DIRECTION ( 'NONE',  ( -1.000000000000000000, 0.0000000000000000000, -0.0000000000000000000 ) ) ;
#959 = CARTESIAN_POINT ( 'NONE',  ( 0.2778895180685271304, 0.006346270382161204801, 0.5000000000000001110 ) ) ;
#960 = PRESENTATION_LAYER_ASSIGNMENT (  '', '', ( #520 ) ) ;
#961 = CARTESIAN_POINT ( 'NONE',  ( -0.3329878081225437492, 0.04209822964776982479, 0.4990000000000002212 ) ) ;
#962 = CARTESIAN_POINT ( 'NONE',  ( 0.2634748529784170512, -0.1414187839361779331, 0.4999999999999998890 ) ) ;
#963 = CARTESIAN_POINT ( 'NONE',  ( -0.3285009029069899666, -0.06271811948527544756, 0.4990000000000001101 ) ) ;
#964 = CARTESIAN_POINT ( 'NONE',  ( -0.2051823396914182196, 0.003118541669219570666, 0.5000000000000002220 ) ) ;
#965 = ORIENTED_EDGE ( 'NONE', *, *, #2776, .T. ) ;
#966 = CARTESIAN_POINT ( 'NONE',  ( 0.3356348995189587514, -0.06385075220789676598, 0.4989999999999999991 ) ) ;
#967 = CARTESIAN_POINT ( 'NONE',  ( -0.1233728753482553758, -0.1362112780273985191, 0.4990000000000001101 ) ) ;
#969 = FILL_AREA_STYLE ('',( #5735 ) ) ;
#968 = CARTESIAN_POINT ( 'NONE',  ( 0.2439763963613674203, -0.1315584560049569141, 0.4989999999999999991 ) ) ;
#970 = CARTESIAN_POINT ( 'NONE',  ( 0.01709008001430506810, 0.02723960817167099188, 0.4989999999999998881 ) ) ;
#971 = ORIENTED_EDGE ( 'NONE', *, *, #3030, .T. ) ;
#972 = CARTESIAN_POINT ( 'NONE',  ( 0.3073322466014714593, 0.04824052352072799588, 0.4990000000000001101 ) ) ;
#973 = VECTOR ( 'NONE', #5852, 1000.000000000000000 ) ;
#974 = B_SPLINE_CURVE_WITH_KNOTS ( 'NONE', 3,
 ( #1047, #2628, #4735, #3706, #3152, #16, #6300, #5234, #1610, #535, #2120, #4223, #3365, #5484, #4550, #3505, #6072, #2433, #5552 ),
 .UNSPECIFIED., .F., .F.,
 ( 4, 1, 1, 1, 1, 1, 1, 1, 1, 1, 1, 1, 1, 1, 1, 1, 4 ),
 ( 0.0000000000000000000, 0.05995467585363760399, 0.1180978898675012906, 0.1750457486046257671, 0.2314535405606922003, 0.2877811793083051572, 0.3455247788684752686, 0.4040166228726639330, 0.4651872996083072920, 0.5272598040041245326, 0.5893650537812860080, 0.6527983117331828122, 0.7177065904431721988, 0.7841455700727245626, 0.8529710952659380618, 0.9249429511415288019, 1.000000000000000000 ),
 .UNSPECIFIED. ) ;
#975 = CARTESIAN_POINT ( 'NONE',  ( -0.09598627735134235284, 0.05378621409956058086, 0.4999999999999998890 ) ) ;
#976 = STYLED_ITEM ( 'NONE', ( #4150 ), #6782 ) ;
#977 =( NAMED_UNIT ( * ) PLANE_ANGLE_UNIT ( ) SI_UNIT ( $, .RADIAN. ) );
#978 = CARTESIAN_POINT ( 'NONE',  ( -0.1739069766486984470, 0.008621157596907092283, 0.5000000000000000000 ) ) ;
#979 = CARTESIAN_POINT ( 'NONE',  ( 0.2959538725957535643, -0.1123615132211655959, 0.4990000000000001101 ) ) ;
#980 = SURFACE_STYLE_FILL_AREA ( #5644 ) ;
#981 = FILL_AREA_STYLE_COLOUR ( '', #947 ) ;
#982 = CARTESIAN_POINT ( 'NONE',  ( -0.7800000000000001377, -0.4500000000000000111, 0.4800000000000001488 ) ) ;
#983 = B_SPLINE_CURVE_WITH_KNOTS ( 'NONE', 3,
 ( #5218, #3090, #1455, #4171, #5182, #3543, #1489, #5625, #5150, #451, #4645, #5120, #3129, #6766, #1557, #413, #2514, #6730, #2031 ),
 .UNSPECIFIED., .F., .F.,
 ( 4, 1, 1, 1, 1, 1, 1, 1, 1, 1, 1, 1, 1, 1, 1, 1, 4 ),
 ( 0.0000000000000000000, 0.04461140070214173609, 0.08771103364401504343, 0.1305519678448845700, 0.1734812435493595373, 0.2172750310008216834, 0.2633226479506833306, 0.3118589299127199066, 0.3634664861580829132, 0.4194362964783542314, 0.4808868625215614867, 0.5492072408141098760, 0.6242104105436929729, 0.7063843999137413565, 0.7964922683424537908, 0.8942066700976123439, 1.000000000000000000 ),
 .UNSPECIFIED. ) ;
#984 = CARTESIAN_POINT ( 'NONE',  ( -0.06195162643708956862, 0.1178724494829609254, 0.4989999999999999991 ) ) ;
#985 = EDGE_CURVE ( 'NONE', #3586, #4532, #2353, .T. ) ;
#986 = ORIENTED_EDGE ( 'NONE', *, *, #95, .F. ) ;
#987 = CARTESIAN_POINT ( 'NONE',  ( -0.2895586526484963397, -0.1132337257826071947, 0.4999999999999995559 ) ) ;
#988 = ORIENTED_EDGE ( 'NONE', *, *, #5631, .T. ) ;
#989 = PLANE ( 'NONE',  #1396 ) ;
#990 = CARTESIAN_POINT ( 'NONE',  ( -0.3090249268731605770, 0.1221744617514145120, 0.4990000000000001101 ) ) ;
#991 = CARTESIAN_POINT ( 'NONE',  ( -0.01812045760592070898, 0.08919955987257130459, 0.5000000000000000000 ) ) ;
#992 = CARTESIAN_POINT ( 'NONE',  ( -0.2502200539729303452, -0.1349110276354184290, 0.4990000000000001101 ) ) ;
#993 = CARTESIAN_POINT ( 'NONE',  ( 0.3095456496405514790, -0.1409869622471028872, 0.4990000000000001101 ) ) ;
#994 = ORIENTED_EDGE ( 'NONE', *, *, #3810, .F. ) ;
#995 = SURFACE_STYLE_USAGE ( .BOTH. , #6221 ) ;
#996 = CARTESIAN_POINT ( 'NONE',  ( -0.2842730550085181274, -0.1133978427248312909, 0.4989999999999999991 ) ) ;
#997 = CARTESIAN_POINT ( 'NONE',  ( 0.2780171863593650095, 0.1316846461154359549, 0.5000000000000000000 ) ) ;
#998 = CARTESIAN_POINT ( 'NONE',  ( 0.09699723719927409726, 0.1632255338985452997, 0.4989999999999999991 ) ) ;
#999 = B_SPLINE_CURVE_WITH_KNOTS ( 'NONE', 3,
 ( #5595, #5058, #4005, #5495, #3448, #1494, #4492, #5531, #382, #4596, #5027, #3546, #3031, #1975, #2413, #6605, #5630, #5126, #2518 ),
 .UNSPECIFIED., .F., .F.,
 ( 4, 1, 1, 1, 1, 1, 1, 1, 1, 1, 1, 1, 1, 1, 1, 1, 4 ),
 ( 0.0000000000000000000, 0.04828715761055955152, 0.09604379558437681208, 0.1436314314878043841, 0.1929183553288602027, 0.2443499336523359822, 0.2982579089532412242, 0.3551950479219347367, 0.4161155148320717645, 0.4798107870793598129, 0.5453825751854418646, 0.6125423832672090008, 0.6826619831497879876, 0.7558181143978953687, 0.8333891049195435441, 0.9141695683727341093, 1.000000000000000000 ),
 .UNSPECIFIED. ) ;
#1000 = UNCERTAINTY_MEASURE_WITH_UNIT (LENGTH_MEASURE( 1.000000000000000082E-05 ), #5374, 'distance_accuracy_value', 'NONE');
#1001 = CARTESIAN_POINT ( 'NONE',  ( -0.04724229754179429946, -0.02213787045297556377, 0.4999999999999997780 ) ) ;
#1002 = ORIENTED_EDGE ( 'NONE', *, *, #3573, .F. ) ;
#1003 = CARTESIAN_POINT ( 'NONE',  ( 0.3247366852512221236, 0.08688624818425959295, 0.4989999999999999991 ) ) ;
#1004 = CARTESIAN_POINT ( 'NONE',  ( 0.05755366692527084244, -0.1311780678248185839, 0.4990000000000002212 ) ) ;
#1005 = CARTESIAN_POINT ( 'NONE',  ( 0.2748787307057675711, 0.03812407285958428066, 0.5000000000000000000 ) ) ;
#1006 = CARTESIAN_POINT ( 'NONE',  ( -0.07304925705087203514, 0.05262902462907837614, 0.4989999999999998881 ) ) ;
#1007 = EDGE_CURVE ( 'NONE', #4148, #6515, #1842, .T. ) ;
#1008 = CARTESIAN_POINT ( 'NONE',  ( -0.2502200539729303452, -0.1349110276354184290, 0.5000000000000001110 ) ) ;
#1009 = CARTESIAN_POINT ( 'NONE',  ( -0.03625830110339453571, 0.1392865093036545210, 0.4989999999999999991 ) ) ;
#1010 = UNCERTAINTY_MEASURE_WITH_UNIT (LENGTH_MEASURE( 1.000000000000000082E-05 ), #4418, 'distance_accuracy_value', 'NONE');
#1011 = CARTESIAN_POINT ( 'NONE',  ( -0.3648242093018139176, 0.01533731835329995262, 0.4989999999999998881 ) ) ;
#1012 = STYLED_ITEM ( 'NONE', ( #2822 ), #1326 ) ;
#1013 = CARTESIAN_POINT ( 'NONE',  ( 0.5399999999999999245, 0.3499999999999999778, 0.5000000000000000000 ) ) ;
#1014 = STYLED_ITEM ( 'NONE', ( #2356 ), #181 ) ;
#1015 = EDGE_CURVE ( 'NONE', #6478, #1662, #3495, .T. ) ;
#1016 =( LENGTH_UNIT ( ) NAMED_UNIT ( * ) SI_UNIT ( .MILLI., .METRE. ) );
#1017 = CARTESIAN_POINT ( 'NONE',  ( 0.1583179979398310899, 0.1211280232643391075, 0.4989999999999999991 ) ) ;
#1018 = VECTOR ( 'NONE', #5296, 1000.000000000000114 ) ;
#1019 = MECHANICAL_DESIGN_GEOMETRIC_PRESENTATION_REPRESENTATION (  '', ( #3218 ), #1909 ) ;
#1020 = ORIENTED_EDGE ( 'NONE', *, *, #1735, .F. ) ;
#1021 = CARTESIAN_POINT ( 'NONE',  ( -0.5200000000000001288, 0.3499999999999999223, 0.4800000000000000377 ) ) ;
#1022 =( NAMED_UNIT ( * ) SI_UNIT ( $, .STERADIAN. ) SOLID_ANGLE_UNIT ( ) );
#1023 = EDGE_LOOP ( 'NONE', ( #5238, #4522, #4878, #4200 ) ) ;
#1024 = CARTESIAN_POINT ( 'NONE',  ( 0.2242114674806416907, 0.1279557830040737310, 0.4999999999999998890 ) ) ;
#1025 = CARTESIAN_POINT ( 'NONE',  ( -0.3130212164221409243, 0.1178340681311237093, 0.4989999999999998881 ) ) ;
#1026 = COLOUR_RGB ( '',0.0000000000000000000, 0.0000000000000000000, 0.0000000000000000000 ) ;
#1027 = CARTESIAN_POINT ( 'NONE',  ( 0.2154681477330493422, -0.09401330463373941404, 0.5000000000000000000 ) ) ;
#1028 = CARTESIAN_POINT ( 'NONE',  ( 0.3011380419562818544, 0.1292113236194647463, 0.4990000000000001101 ) ) ;
#1029 = CARTESIAN_POINT ( 'NONE',  ( -0.2162826238040774507, -0.08331778055493833934, 0.5000000000000001110 ) ) ;
#1030 = CARTESIAN_POINT ( 'NONE',  ( -0.5399999999999999245, 0.4500000000000000111, 0.5000000000000000000 ) ) ;
#1031 = COLOUR_RGB ( '',1.000000000000000000, 1.000000000000000000, 1.000000000000000000 ) ;
#1032 = ORIENTED_EDGE ( 'NONE', *, *, #4871, .F. ) ;
#1033 = CARTESIAN_POINT ( 'NONE',  ( -0.1682158314194570348, -0.06549810181122642239, 0.4990000000000001101 ) ) ;
#1034 = CARTESIAN_POINT ( 'NONE',  ( -0.07487820363944150404, 0.01865343052554902306, 0.5000000000000000000 ) ) ;
#1035 = CARTESIAN_POINT ( 'NONE',  ( 0.01808333035340079289, 0.04450253193274574665, 0.5000000000000007772 ) ) ;
#1036 = CARTESIAN_POINT ( 'NONE',  ( -0.3395124388710942798, 0.1331978084637003290, 0.4999999999999997780 ) ) ;
#1037 = ORIENTED_EDGE ( 'NONE', *, *, #128, .F. ) ;
#1038 = CARTESIAN_POINT ( 'NONE',  ( 0.2729209201009057395, -0.1113963700557164122, 0.4990000000000001101 ) ) ;
#1039 = CARTESIAN_POINT ( 'NONE',  ( 0.02535664550054100505, -0.07668518716176138394, 0.4989999999999998881 ) ) ;
#1040 = PRESENTATION_LAYER_ASSIGNMENT (  '', '', ( #5101 ) ) ;
#1041 = CARTESIAN_POINT ( 'NONE',  ( 0.3073322466014714593, 0.04824052352072799588, 0.4990000000000001101 ) ) ;
#1042 = DIRECTION ( 'NONE',  ( -2.168404344971008868E-16, -0.0000000000000000000, -1.000000000000000000 ) ) ;
#1043 = CARTESIAN_POINT ( 'NONE',  ( -0.1219776885218817053, 0.1541203157236309129, 0.5000000000000001110 ) ) ;
#1044 = CARTESIAN_POINT ( 'NONE',  ( -0.02770240579460195307, -0.1028654851667882564, 0.4989999999999999991 ) ) ;
#1045 = EDGE_CURVE ( 'NONE', #6162, #5516, #2813, .T. ) ;
#1046 = PRESENTATION_LAYER_ASSIGNMENT (  '', '', ( #3467 ) ) ;
#1047 = CARTESIAN_POINT ( 'NONE',  ( 0.2855930164200532473, -0.1445666738936624285, 0.4989999999999999991 ) ) ;
#1048 = B_SPLINE_SURFACE_WITH_KNOTS ( 'NONE', 3, 1, ( 
 ( #5530, #3 ),
 ( #935, #3649 ),
 ( #6189, #1527 ),
 ( #5221, #2580 ),
 ( #3029, #3093 ),
 ( #3169, #5124 ),
 ( #6283, #4684 ),
 ( #416, #2517 ),
 ( #32, #3614 ),
 ( #6320, #6254 ),
 ( #2001, #4622 ),
 ( #2138, #4105 ),
 ( #4244, #1492 ),
 ( #3581, #1631 ),
 ( #5660, #5251 ),
 ( #966, #5693 ),
 ( #4174, #1559 ),
 ( #3059, #5153 ),
 ( #550, #454 ) ),
 .UNSPECIFIED., .F., .F., .F.,
 ( 4, 1, 1, 1, 1, 1, 1, 1, 1, 1, 1, 1, 1, 1, 1, 1, 4 ),
 ( 2, 2 ),
 ( 0.0000000000000000000, 0.05650241027450737114, 0.1110564464579730515, 0.1655086868080420104, 0.2203290377182243742, 0.2757407885876147491, 0.3332850859044624858, 0.3929748187600228260, 0.4555092167423497873, 0.5194401825455128296, 0.5835877417386593491, 0.6480552408676211185, 0.7143507389482618430, 0.7813227569257552574, 0.8513325106795982533, 0.9237956167459157042, 1.000000000000000000 ),
 ( 0.0000000000000000000, 1.000000000000000000 ),
 .UNSPECIFIED. ) ;
#1049 =( NAMED_UNIT ( * ) SI_UNIT ( $, .STERADIAN. ) SOLID_ANGLE_UNIT ( ) );
#1051 = CARTESIAN_POINT ( 'NONE',  ( 0.3643539557827725206, -0.07922656048579944377, 0.5000000000000001110 ) ) ;
#1050 = AXIS2_PLACEMENT_3D ( 'NONE', #3991, #3473, #5049 ) ;
#1052 = ORIENTED_EDGE ( 'NONE', *, *, #2812, .F. ) ;
#1053 = CARTESIAN_POINT ( 'NONE',  ( -0.1417974670756664557, 0.02455049015041180921, 0.4989999999999999991 ) ) ;
#1054 = ORIENTED_EDGE ( 'NONE', *, *, #81, .F. ) ;
#1055 = DIRECTION ( 'NONE',  ( -1.000000000000000000, -0.0000000000000000000, -0.0000000000000000000 ) ) ;
#1056 = CARTESIAN_POINT ( 'NONE',  ( -0.1739646134500765495, 0.001598098833610248591, 0.5000000000000000000 ) ) ;
#1057 = SURFACE_STYLE_FILL_AREA ( #514 ) ;
#1058 = MECHANICAL_DESIGN_GEOMETRIC_PRESENTATION_REPRESENTATION (  '', ( #283 ), #2263 ) ;
#1059 = CARTESIAN_POINT ( 'NONE',  ( 0.2830320953978763265, -0.1444990501089657153, 0.4999999999999998890 ) ) ;
#1060 = CARTESIAN_POINT ( 'NONE',  ( -0.3164347405750383979, -0.09431653086311318768, 0.4989999999999999991 ) ) ;
#1061 = CARTESIAN_POINT ( 'NONE',  ( -0.2763832437660704855, 0.1629548578888670440, 0.5000000000000000000 ) ) ;
#1062 = CARTESIAN_POINT ( 'NONE',  ( -0.01812045760592070898, 0.08919955987257130459, 0.4989999999999999991 ) ) ;
#1063 = VECTOR ( 'NONE', #4328, 1000.000000000000000 ) ;
#1064 = ORIENTED_EDGE ( 'NONE', *, *, #5921, .T. ) ;
#1065 = CARTESIAN_POINT ( 'NONE',  ( -0.1469483955771161143, 0.02006500091758352255, 0.5000000000000001110 ) ) ;
#1066 =( LENGTH_UNIT ( ) NAMED_UNIT ( * ) SI_UNIT ( .MILLI., .METRE. ) );
#1067 = B_SPLINE_CURVE_WITH_KNOTS ( 'NONE', 3,
 ( #4202, #5214, #4097, #411, #2573, #6762, #990, #1025, #542, #4133, #4641, #6180, #445, #1967, #1485, #961, #928, #5654, #4711 ),
 .UNSPECIFIED., .F., .F.,
 ( 4, 1, 1, 1, 1, 1, 1, 1, 1, 1, 1, 1, 1, 1, 1, 1, 4 ),
 ( 0.0000000000000000000, 0.03481888132959226612, 0.06891955580719819063, 0.1034513888417891575, 0.1390496088211285453, 0.1771753219263879076, 0.2179403376185281571, 0.2619036500779326482, 0.3097653282277579301, 0.3632138529075506495, 0.4256205765081692571, 0.4969126734317582117, 0.5776735780836566025, 0.6680265813160586319, 0.7686823766893837728, 0.8792939339028130741, 1.000000000000000000 ),
 .UNSPECIFIED. ) ;
#1068 = CARTESIAN_POINT ( 'NONE',  ( -0.09005288347600774734, -0.1133338713050828506, 0.4999999999999998890 ) ) ;
#1069 = UNCERTAINTY_MEASURE_WITH_UNIT (LENGTH_MEASURE( 1.000000000000000082E-05 ), #1511, 'distance_accuracy_value', 'NONE');
#1070 = CARTESIAN_POINT ( 'NONE',  ( -0.1726041375766127484, 0.04166731379970708277, 0.4989999999999998881 ) ) ;
#1071 = VERTEX_POINT ( 'NONE', #6059 ) ;
#1072 = ADVANCED_FACE ( 'NONE', ( #884 ), #850, .F. ) ;
#1073 = CARTESIAN_POINT ( 'NONE',  ( 0.2553455655552795966, -0.09876587489124043218, 0.5000000000000000000 ) ) ;
#1074 = CARTESIAN_POINT ( 'NONE',  ( 0.3363697923422873659, -0.04850209384204741403, 0.4989999999999999991 ) ) ;
#1075 = FACE_OUTER_BOUND ( 'NONE', #2439, .T. ) ;
#1076 = CARTESIAN_POINT ( 'NONE',  ( -0.03083009430901894124, 0.02095169246617895401, 0.4999999999999996669 ) ) ;
#1077 = CARTESIAN_POINT ( 'NONE',  ( -0.05600576222208000776, 0.1558829621631369622, 0.4989999999999999991 ) ) ;
#1078 = UNCERTAINTY_MEASURE_WITH_UNIT (LENGTH_MEASURE( 1.000000000000000082E-05 ), #1016, 'distance_accuracy_value', 'NONE');
#1079 = SURFACE_STYLE_USAGE ( .BOTH. , #3215 ) ;
#1080 = VECTOR ( 'NONE', #5886, 1000.000000000000000 ) ;
#1081 = CARTESIAN_POINT ( 'NONE',  ( -0.02770240579460195307, -0.1028654851667882564, 0.5000000000000000000 ) ) ;
#1082 = B_SPLINE_CURVE_WITH_KNOTS ( 'NONE', 3,
 ( #3681, #1059, #2610, #5244, #962, #6764, #2030, #4135, #4745, #2103, #5721, #3575, #2132, #1027, #1624, #3716, #5655, #3055, #4642 ),
 .UNSPECIFIED., .F., .F.,
 ( 4, 1, 1, 1, 1, 1, 1, 1, 1, 1, 1, 1, 1, 1, 1, 1, 4 ),
 ( 0.0000000000000000000, 0.05995467585363760399, 0.1180978898675012906, 0.1750457486046257671, 0.2314535405606922003, 0.2877811793083051572, 0.3455247788684752686, 0.4040166228726639330, 0.4651872996083072920, 0.5272598040041245326, 0.5893650537812860080, 0.6527983117331828122, 0.7177065904431721988, 0.7841455700727245626, 0.8529710952659380618, 0.9249429511415288019, 1.000000000000000000 ),
 .UNSPECIFIED. ) ;
#1083 = COLOUR_RGB ( '',0.7686274509803920907, 0.7686274509803920907, 0.7686274509803920907 ) ;
#1084 = CARTESIAN_POINT ( 'NONE',  ( 0.1655355580141043559, -0.08331778055493836710, 0.4989999999999999991 ) ) ;
#1085 = CARTESIAN_POINT ( 'NONE',  ( -0.1419229636443342102, -0.05694066434380612440, 0.4989999999999999991 ) ) ;
#1086 = CARTESIAN_POINT ( 'NONE',  ( 0.3095456496405514790, -0.1409869622471028872, 0.5000000000000001110 ) ) ;
#1087 = ORIENTED_EDGE ( 'NONE', *, *, #4264, .F. ) ;
#1088 = CARTESIAN_POINT ( 'NONE',  ( -0.1209185498857514723, 0.04447296977186575295, 0.4989999999999997771 ) ) ;
#1089 = LINE ( 'NONE', #3809, #1119 ) ;
#1090 =( GEOMETRIC_REPRESENTATION_CONTEXT ( 3 ) GLOBAL_UNCERTAINTY_ASSIGNED_CONTEXT ( ( #3961 ) ) GLOBAL_UNIT_ASSIGNED_CONTEXT ( ( #5740, #3036, #5701 ) ) REPRESENTATION_CONTEXT ( 'NONE', 'WORKASPACE' ) );
#1091 = FACE_OUTER_BOUND ( 'NONE', #921, .T. ) ;
#1092 = CARTESIAN_POINT ( 'NONE',  ( -0.1317818271570655730, 0.1018260942287741999, 0.5000000000000000000 ) ) ;
#1093 = EDGE_CURVE ( 'NONE', #2982, #5528, #6409, .T. ) ;
#1094 = CARTESIAN_POINT ( 'NONE',  ( -0.3336505243188370717, 0.003484855984208566886, 0.4999999999999995559 ) ) ;
#1095 = ORIENTED_EDGE ( 'NONE', *, *, #6192, .T. ) ;
#1096 = CARTESIAN_POINT ( 'NONE',  ( -0.3262944222776688608, 0.09095850755464338078, 0.5000000000000001110 ) ) ;
#1097 = PLANE ( 'NONE',  #6105 ) ;
#1098 = ORIENTED_EDGE ( 'NONE', *, *, #809, .T. ) ;
#1099 = SURFACE_SIDE_STYLE ('',( #2174 ) ) ;
#1101 = SURFACE_STYLE_USAGE ( .BOTH. , #3725 ) ;
#1100 = CARTESIAN_POINT ( 'NONE',  ( 0.2450164125862964726, 0.09624364713823857498, 0.5000000000000000000 ) ) ;
#1102 = CARTESIAN_POINT ( 'NONE',  ( -0.07444087125235569757, -0.1088331950784329899, 0.4999999999999998890 ) ) ;
#1103 = CARTESIAN_POINT ( 'NONE',  ( -0.09020554626756351058, 0.1631011094241720805, 0.5000000000000001110 ) ) ;
#1104 = VERTEX_POINT ( 'NONE', #5641 ) ;
#1105 = DIRECTION ( 'NONE',  ( -0.9922778767136675171, -0.1240347345892088698, 0.0000000000000000000 ) ) ;
#1106 = DIRECTION ( 'NONE',  ( 0.7071067811865513475, 0.0000000000000000000, 0.7071067811865436870 ) ) ;
#1107 = B_SPLINE_SURFACE_WITH_KNOTS ( 'NONE', 3, 1, ( 
 ( #2490, #2042 ),
 ( #5668, #4147 ),
 ( #5158, #3521 ),
 ( #460, #6683 ),
 ( #2548, #1001 ),
 ( #4654, #1533 ),
 ( #2587, #4515 ),
 ( #4374, #5446 ),
 ( #6447, #3366 ),
 ( #197, #5050 ),
 ( #2809, #1827 ),
 ( #6480, #5485 ),
 ( #3434, #4483 ),
 ( #3852, #6556 ),
 ( #6517, #2919 ),
 ( #1755, #2330 ),
 ( #5554, #5412 ),
 ( #5919, #1230 ),
 ( #3885, #1386 ) ),
 .UNSPECIFIED., .F., .F., .F.,
 ( 4, 1, 1, 1, 1, 1, 1, 1, 1, 1, 1, 1, 1, 1, 1, 1, 4 ),
 ( 2, 2 ),
 ( 0.0000000000000000000, 0.08398611369624739420, 0.1629199936422910944, 0.2385524220234914172, 0.3098954312087017215, 0.3776192977303573506, 0.4424526634953891979, 0.5054992281266067478, 0.5671230060389782501, 0.6266295832334767280, 0.6827467646689142633, 0.7374765652016590511, 0.7896228356673525850, 0.8417020369471359675, 0.8933643115404473756, 0.9463953602359703732, 1.000000000000000000 ),
 ( 0.0000000000000000000, 1.000000000000000000 ),
 .UNSPECIFIED. ) ;
#1108 = CARTESIAN_POINT ( 'NONE',  ( 0.3170129983638020899, 0.05856538390698304980, 0.5000000000000000000 ) ) ;
#1109 = CARTESIAN_POINT ( 'NONE',  ( -0.04730003058215582340, 0.03933169638682560559, 0.4990000000000001101 ) ) ;
#1110 = EDGE_CURVE ( 'NONE', #2022, #1071, #5777, .T. ) ;
#1111 = CARTESIAN_POINT ( 'NONE',  ( 0.3364249969395338713, -0.05063404402353259559, 0.4989999999999999991 ) ) ;
#1112 = CARTESIAN_POINT ( 'NONE',  ( -0.2807464000182428587, 0.1318614786664696059, 0.4990000000000001101 ) ) ;
#1113 = FACE_OUTER_BOUND ( 'NONE', #944, .T. ) ;
#1114 = SURFACE_STYLE_FILL_AREA ( #2787 ) ;
#1115 =( NAMED_UNIT ( * ) SI_UNIT ( $, .STERADIAN. ) SOLID_ANGLE_UNIT ( ) );
#1116 = CARTESIAN_POINT ( 'NONE',  ( -0.1427512792379188877, -0.04426396396019122159, 0.4989999999999999991 ) ) ;
#1117 = CARTESIAN_POINT ( 'NONE',  ( -0.06195162643708956862, 0.1178724494829609254, 0.5000000000000000000 ) ) ;
#1118 = CARTESIAN_POINT ( 'NONE',  ( -0.04730003058215582340, 0.03933169638682560559, 0.4990000000000001101 ) ) ;
#1120 = ORIENTED_EDGE ( 'NONE', *, *, #847, .T. ) ;
#1119 = VECTOR ( 'NONE', #2761, 1000.000000000000000 ) ;
#1121 = CARTESIAN_POINT ( 'NONE',  ( -0.09020554626756351058, 0.1631011094241720805, 0.4990000000000001101 ) ) ;
#1122 = LINE ( 'NONE', #2609, #3940 ) ;
#1123 = PRESENTATION_LAYER_ASSIGNMENT (  '', '', ( #795 ) ) ;
#1124 = FILL_AREA_STYLE ('',( #3844 ) ) ;
#1125 = CARTESIAN_POINT ( 'NONE',  ( 0.2855930164200532473, -0.1445666738936624285, 0.5000000000000000000 ) ) ;
#1127 = ORIENTED_EDGE ( 'NONE', *, *, #1133, .F. ) ;
#1126 = FILL_AREA_STYLE ('',( #4204 ) ) ;
#1128 = CARTESIAN_POINT ( 'NONE',  ( -0.3304901077296611422, 0.06946465380086948305, 0.4990000000000001101 ) ) ;
#1129 = ORIENTED_EDGE ( 'NONE', *, *, #1542, .T. ) ;
#1130 = STYLED_ITEM ( 'NONE', ( #4847 ), #2023 ) ;
#1131 = CARTESIAN_POINT ( 'NONE',  ( 0.04883037369563813374, 0.04209822964776981785, 0.4990000000000001101 ) ) ;
#1132 = COLOUR_RGB ( '',0.0000000000000000000, 0.0000000000000000000, 0.0000000000000000000 ) ;
#1133 = EDGE_CURVE ( 'NONE', #2339, #4939, #5679, .T. ) ;
#1134 = CARTESIAN_POINT ( 'NONE',  ( -0.2744157634271470747, -0.1119076345501752862, 0.4999999999999995559 ) ) ;
#1135 = CARTESIAN_POINT ( 'NONE',  ( 0.2081512663956662790, -0.06204422528052171149, 0.5000000000000001110 ) ) ;
#1136 = COLOUR_RGB ( '',1.000000000000000000, 1.000000000000000000, 1.000000000000000000 ) ;
#1137 = CARTESIAN_POINT ( 'NONE',  ( -0.04539318487864799773, -0.04387673882872740461, 0.4989999999999999991 ) ) ;
#1138 = CARTESIAN_POINT ( 'NONE',  ( -0.08709367189163499945, 0.1632255338985452997, 0.5000000000000000000 ) ) ;
#1139 = ORIENTED_EDGE ( 'NONE', *, *, #2222, .T. ) ;
#1140 = CARTESIAN_POINT ( 'NONE',  ( 0.3247366852512221236, 0.08688624818425959295, 0.4989999999999999991 ) ) ;
#1141 = CARTESIAN_POINT ( 'NONE',  ( -0.1148203845835122777, 0.1238872428420599581, 0.4989999999999999991 ) ) ;
#1142 = EDGE_CURVE ( 'NONE', #2878, #340, #429, .T. ) ;
#1143 = STYLED_ITEM ( 'NONE', ( #1523 ), #2726 ) ;
#1144 = B_SPLINE_CURVE_WITH_KNOTS ( 'NONE', 3,
 ( #1873, #4988, #4448, #2271, #2376, #6524, #4950, #1349, #4380, #2778, #2849, #204, #6081, #3857, #718, #6453, #1761, #5967, #1276 ),
 .UNSPECIFIED., .F., .F.,
 ( 4, 1, 1, 1, 1, 1, 1, 1, 1, 1, 1, 1, 1, 1, 1, 1, 4 ),
 ( 0.0000000000000000000, 0.09514348807164518806, 0.1847457720530777392, 0.2683084903083867712, 0.3466242220093578297, 0.4193377299534534752, 0.4872737010492217968, 0.5502487944465247471, 0.6091667059941574536, 0.6639479924279677592, 0.7154822751577647466, 0.7640415713753497817, 0.8109810218191543241, 0.8569367060899879540, 0.9028761937633786872, 0.9504445482262284806, 1.000000000000000000 ),
 .UNSPECIFIED. ) ;
#1145 = CARTESIAN_POINT ( 'NONE',  ( 0.3329695972607005228, -0.02711040126166357547, 0.4999999999999998890 ) ) ;
#1146 = FACE_OUTER_BOUND ( 'NONE', #2169, .T. ) ;
#1147 = STYLED_ITEM ( 'NONE', ( #5666 ), #3421 ) ;
#1148 = CARTESIAN_POINT ( 'NONE',  ( -0.4999999999999998890, -0.4500000000000000111, 0.5000000000000000000 ) ) ;
#1149 =( NAMED_UNIT ( * ) SI_UNIT ( $, .STERADIAN. ) SOLID_ANGLE_UNIT ( ) );
#1150 = FILL_AREA_STYLE ('',( #3279 ) ) ;
#1151 = EDGE_CURVE ( 'NONE', #3858, #3066, #466, .T. ) ;
#1152 = COLOUR_RGB ( '',1.000000000000000000, 1.000000000000000000, 1.000000000000000000 ) ;
#1153 = CARTESIAN_POINT ( 'NONE',  ( -0.1310862841685031532, -0.08863388972780084085, 0.5000000000000001110 ) ) ;
#1154 = CARTESIAN_POINT ( 'NONE',  ( -0.2053140799043073061, 0.02906872006113946777, 0.4989999999999998881 ) ) ;
#1155 = VECTOR ( 'NONE', #4586, 1000.000000000000000 ) ;
#1156 = ORIENTED_EDGE ( 'NONE', *, *, #380, .T. ) ;
#1157 = EDGE_CURVE ( 'NONE', #4173, #566, #5165, .T. ) ;
#1158 = SURFACE_STYLE_FILL_AREA ( #4272 ) ;
#1159 = CARTESIAN_POINT ( 'NONE',  ( -0.3336505243188370717, 0.003484855984208566886, 0.5000000000000000000 ) ) ;
#1160 = STYLED_ITEM ( 'NONE', ( #3076 ), #4305 ) ;
#1161 = CARTESIAN_POINT ( 'NONE',  ( -0.1426511543744757582, -0.03450775511180902144, 0.5000000000000000000 ) ) ;
#1162 = CARTESIAN_POINT ( 'NONE',  ( 0.1447976813181776623, -0.02343912402562272138, 0.4989999999999999991 ) ) ;
#1163 = CARTESIAN_POINT ( 'NONE',  ( -0.3090249268731605770, 0.1221744617514145120, 0.4990000000000001101 ) ) ;
#1164 = EDGE_LOOP ( 'NONE', ( #5099, #6195, #1212, #5044 ) ) ;
#1165 = MECHANICAL_DESIGN_GEOMETRIC_PRESENTATION_REPRESENTATION (  '', ( #3806 ), #2494 ) ;
#1166 = CARTESIAN_POINT ( 'NONE',  ( 0.06148705295536699422, 0.1066906966262874679, 0.4989999999999999991 ) ) ;
#1167 = CARTESIAN_POINT ( 'NONE',  ( -0.2697358128900100294, -0.1099751125284872399, 0.4989999999999999991 ) ) ;
#1168 = PRESENTATION_LAYER_ASSIGNMENT (  '', '', ( #4152 ) ) ;
#1170 =( LENGTH_UNIT ( ) NAMED_UNIT ( * ) SI_UNIT ( .MILLI., .METRE. ) );
#1169 = CARTESIAN_POINT ( 'NONE',  ( 0.04827147997598129486, -0.007680015203016255822, 0.5000000000000000000 ) ) ;
#1171 = CARTESIAN_POINT ( 'NONE',  ( -0.1053242172629848816, 0.1611332781391497104, 0.4989999999999999991 ) ) ;
#1172 = ORIENTED_EDGE ( 'NONE', *, *, #936, .T. ) ;
#1173 = CARTESIAN_POINT ( 'NONE',  ( -0.5000000000000002220, -0.4500000000000000111, 5.421010862427522170E-17 ) ) ;
#1174 = B_SPLINE_CURVE_WITH_KNOTS ( 'NONE', 3,
 ( #2874, #3878, #2196, #703, #2225, #2767, #1691, #1225, #3322, #4306, #5406, #3261, #6378, #1820, #5953, #3781, #5856, #3359, #5478 ),
 .UNSPECIFIED., .F., .F.,
 ( 4, 1, 1, 1, 1, 1, 1, 1, 1, 1, 1, 1, 1, 1, 1, 1, 4 ),
 ( 0.0000000000000000000, 0.05650241027450737114, 0.1110564464579730515, 0.1655086868080420104, 0.2203290377182243742, 0.2757407885876147491, 0.3332850859044624858, 0.3929748187600228260, 0.4555092167423497873, 0.5194401825455128296, 0.5835877417386593491, 0.6480552408676211185, 0.7143507389482618430, 0.7813227569257552574, 0.8513325106795982533, 0.9237956167459157042, 1.000000000000000000 ),
 .UNSPECIFIED. ) ;
#1175 = CARTESIAN_POINT ( 'NONE',  ( -0.09731435709779596988, 0.1318197834296716553, 0.4989999999999999991 ) ) ;
#1176 = DIRECTION ( 'NONE',  ( -0.0000000000000000000, -0.0000000000000000000, 1.000000000000000000 ) ) ;
#1177 =( NAMED_UNIT ( * ) SI_UNIT ( $, .STERADIAN. ) SOLID_ANGLE_UNIT ( ) );
#1178 = CARTESIAN_POINT ( 'NONE',  ( 0.3551459902755434994, -0.0007120977253463020877, 0.4989999999999997771 ) ) ;
#1179 = CARTESIAN_POINT ( 'NONE',  ( -0.02396194640527524872, -0.09498305690644559540, 0.4989999999999999991 ) ) ;
#1180 = CARTESIAN_POINT ( 'NONE',  ( -0.08989399656695966356, -0.1445666738936624285, 0.5000000000000000000 ) ) ;
#1181 =( NAMED_UNIT ( * ) PLANE_ANGLE_UNIT ( ) SI_UNIT ( $, .RADIAN. ) );
#1182 =( GEOMETRIC_REPRESENTATION_CONTEXT ( 3 ) GLOBAL_UNCERTAINTY_ASSIGNED_CONTEXT ( ( #1979 ) ) GLOBAL_UNIT_ASSIGNED_CONTEXT ( ( #3585, #3620, #421 ) ) REPRESENTATION_CONTEXT ( 'NONE', 'WORKASPACE' ) );
#1183 = EDGE_CURVE ( 'NONE', #5312, #4355, #13, .T. ) ;
#1184 = CARTESIAN_POINT ( 'NONE',  ( 0.8000000000000001554, 0.4500000000000000111, 0.5000000000000000000 ) ) ;
#1185 = CARTESIAN_POINT ( 'NONE',  ( -0.3090249268731605770, 0.1221744617514145120, 0.5000000000000001110 ) ) ;
#1186 = CARTESIAN_POINT ( 'NONE',  ( 0.3356711462490360454, -0.03827971592248582966, 0.5000000000000000000 ) ) ;
#1187 = EDGE_LOOP ( 'NONE', ( #1582, #4197, #2588, #4813 ) ) ;
#1188 = CARTESIAN_POINT ( 'NONE',  ( 0.2851668800564169937, 0.1632255338985453275, 0.4990000000000001101 ) ) ;
#1189 =( NAMED_UNIT ( * ) SI_UNIT ( $, .STERADIAN. ) SOLID_ANGLE_UNIT ( ) );
#1190 = STYLED_ITEM ( 'NONE', ( #1227 ), #6692 ) ;
#1191 = SURFACE_STYLE_FILL_AREA ( #1124 ) ;
#1192 = EDGE_CURVE ( 'NONE', #5444, #925, #2049, .T. ) ;
#1193 = CARTESIAN_POINT ( 'NONE',  ( 0.3583220492814597757, -0.09630146021426945480, 0.5000000000000000000 ) ) ;
#1194 = CARTESIAN_POINT ( 'NONE',  ( 0.1206763400511713796, -0.1035809638494556012, 0.4989999999999997771 ) ) ;
#1195 = CARTESIAN_POINT ( 'NONE',  ( 0.2429185034330403337, 0.08530345597646739331, 0.5000000000000000000 ) ) ;
#1196 = CARTESIAN_POINT ( 'NONE',  ( -0.3600377693877073737, 0.07560020120858625126, 0.5000000000000001110 ) ) ;
#1197 = CARTESIAN_POINT ( 'NONE',  ( -0.2744157634271470747, -0.1119076345501752862, 0.4999999999999998890 ) ) ;
#1198 = EDGE_LOOP ( 'NONE', ( #1425, #4602, #2550, #4784 ) ) ;
#1199 = CARTESIAN_POINT ( 'NONE',  ( -0.5000000000000001110, 0.4500000000000000111, 0.02000000000000008021 ) ) ;
#1200 =( NAMED_UNIT ( * ) SI_UNIT ( $, .STERADIAN. ) SOLID_ANGLE_UNIT ( ) );
#1202 =( NAMED_UNIT ( * ) SI_UNIT ( $, .STERADIAN. ) SOLID_ANGLE_UNIT ( ) );
#1201 = CARTESIAN_POINT ( 'NONE',  ( 0.04884204518168651366, -0.02370176584750863236, 0.4989999999999998881 ) ) ;
#1203 = SURFACE_SIDE_STYLE ('',( #5802 ) ) ;
#1204 = CARTESIAN_POINT ( 'NONE',  ( -0.1435478630519637644, 0.1347389118439028810, 0.5000000000000001110 ) ) ;
#1205 = VERTEX_POINT ( 'NONE', #3666 ) ;
#1206 = CARTESIAN_POINT ( 'NONE',  ( 0.05552375954051305684, 0.09095850755464338078, 0.5000000000000002220 ) ) ;
#1207 =( LENGTH_UNIT ( ) NAMED_UNIT ( * ) SI_UNIT ( .MILLI., .METRE. ) );
#1208 = CARTESIAN_POINT ( 'NONE',  ( -0.04847804164843266816, -0.1299274546959068299, 0.5000000000000000000 ) ) ;
#1209 = CARTESIAN_POINT ( 'NONE',  ( -0.2064572886996502710, 0.04796610769487737874, 0.5000000000000001110 ) ) ;
#1210 = CARTESIAN_POINT ( 'NONE',  ( -0.2755426869872290574, 0.1306708458271366724, 0.4990000000000002212 ) ) ;
#1211 = UNCERTAINTY_MEASURE_WITH_UNIT (LENGTH_MEASURE( 1.000000000000000082E-05 ), #3925, 'distance_accuracy_value', 'NONE');
#1212 = ORIENTED_EDGE ( 'NONE', *, *, #3796, .T. ) ;
#1213 =( LENGTH_UNIT ( ) NAMED_UNIT ( * ) SI_UNIT ( .MILLI., .METRE. ) );
#1214 = FACE_OUTER_BOUND ( 'NONE', #2858, .T. ) ;
#1215 = ADVANCED_FACE ( 'NONE', ( #2497 ), #2532, .T. ) ;
#1216 = CARTESIAN_POINT ( 'NONE',  ( -0.2381203520456223743, 0.05696043528673250256, 0.4989999999999998881 ) ) ;
#1217 =( NAMED_UNIT ( * ) SI_UNIT ( $, .STERADIAN. ) SOLID_ANGLE_UNIT ( ) );
#1218 = CARTESIAN_POINT ( 'NONE',  ( -0.08276375754967357778, 0.1312127853882528172, 0.4989999999999999991 ) ) ;
#1219 = CARTESIAN_POINT ( 'NONE',  ( -0.02877644701494182916, 0.1275876699797382219, 0.5000000000000000000 ) ) ;
#1220 = CARTESIAN_POINT ( 'NONE',  ( -0.2842730550085181274, -0.1133978427248312909, 0.4999999999999997780 ) ) ;
#1221 = CARTESIAN_POINT ( 'NONE',  ( 0.8000000000000000444, 0.4500000000000000111, 5.421010862427522170E-17 ) ) ;
#1222 = CARTESIAN_POINT ( 'NONE',  ( -0.09307080687456126267, 0.1319772316438897197, 0.5000000000000000000 ) ) ;
#1223 = CARTESIAN_POINT ( 'NONE',  ( 0.5200000000000000178, 0.4500000000000000111, 0.4800000000000000377 ) ) ;
#1224 = CARTESIAN_POINT ( 'NONE',  ( -0.09360747059293371419, 0.02296579363880507305, 0.5000000000000000000 ) ) ;
#1226 = ORIENTED_EDGE ( 'NONE', *, *, #268, .T. ) ;
#1225 = CARTESIAN_POINT ( 'NONE',  ( 0.3137844922692627492, -0.1036507243260419986, 0.5000000000000001110 ) ) ;
#1227 = PRESENTATION_STYLE_ASSIGNMENT (( #1340 ) ) ;
#1228 = DIRECTION ( 'NONE',  ( -1.000000000000000000, -0.0000000000000000000, -0.0000000000000000000 ) ) ;
#1229 = ORIENTED_EDGE ( 'NONE', *, *, #2993, .T. ) ;
#1230 = CARTESIAN_POINT ( 'NONE',  ( -0.09195941521240520722, 0.02293059433997856472, 0.4999999999999998890 ) ) ;
#1231 = SURFACE_STYLE_USAGE ( .BOTH. , #1099 ) ;
#1232 = STYLED_ITEM ( 'NONE', ( #5385 ), #1715 ) ;
#1233 = CLOSED_SHELL ( 'NONE', ( #6604, #5416, #2067, #2370, #1528, #5500 ) ) ;
#1234 =( LENGTH_UNIT ( ) NAMED_UNIT ( * ) SI_UNIT ( .MILLI., .METRE. ) );
#1236 = FILL_AREA_STYLE ('',( #3755 ) ) ;
#1235 = CARTESIAN_POINT ( 'NONE',  ( 0.06927540403519016898, -0.09936177919827650362, 0.4990000000000001101 ) ) ;
#1237 = CARTESIAN_POINT ( 'NONE',  ( 0.1158697663532846645, 0.1259233261452059049, 0.5000000000000002220 ) ) ;
#1238 = MECHANICAL_DESIGN_GEOMETRIC_PRESENTATION_REPRESENTATION (  '', ( #2124 ), #1916 ) ;
#1239 = DIRECTION ( 'NONE',  ( -0.0000000000000000000, -0.0000000000000000000, 1.000000000000000000 ) ) ;
#1240 = ORIENTED_EDGE ( 'NONE', *, *, #636, .F. ) ;
#1241 = SHAPE_DEFINITION_REPRESENTATION ( #6422, #5606 ) ;
#1242 =( NAMED_UNIT ( * ) PLANE_ANGLE_UNIT ( ) SI_UNIT ( $, .RADIAN. ) );
#1243 = AXIS2_PLACEMENT_3D ( 'NONE', #1924, #1411, #360 ) ;
#1244 = CARTESIAN_POINT ( 'NONE',  ( -0.02877644701494182916, 0.1275876699797382219, 0.4989999999999999991 ) ) ;
#1245 = CARTESIAN_POINT ( 'NONE',  ( 0.1152345489130311706, -0.1423550100507636196, 0.4989999999999999991 ) ) ;
#1246 = APPLICATION_CONTEXT ( 'automotive_design' ) ;
#1247 = CARTESIAN_POINT ( 'NONE',  ( 0.3188486808873262079, -0.004829237549153171834, 0.4989999999999998881 ) ) ;
#1248 = CARTESIAN_POINT ( 'NONE',  ( 0.3244779373760778851, 0.02321399638308999785, 0.5000000000000001110 ) ) ;
#1249 = ORIENTED_EDGE ( 'NONE', *, *, #478, .F. ) ;
#1250 = CARTESIAN_POINT ( 'NONE',  ( -0.03385053857078459266, -0.1134818702966850085, 0.5000000000000000000 ) ) ;
#1251 =( GEOMETRIC_REPRESENTATION_CONTEXT ( 3 ) GLOBAL_UNCERTAINTY_ASSIGNED_CONTEXT ( ( #3619 ) ) GLOBAL_UNIT_ASSIGNED_CONTEXT ( ( #5589, #374, #2479 ) ) REPRESENTATION_CONTEXT ( 'NONE', 'WORKASPACE' ) );
#1252 = LINE ( 'NONE', #690, #276 ) ;
#1253 = CARTESIAN_POINT ( 'NONE',  ( -0.2363022757877389080, 0.009329430002441430406, 0.5000000000000000000 ) ) ;
#1254 = MECHANICAL_DESIGN_GEOMETRIC_PRESENTATION_REPRESENTATION (  '', ( #3345 ), #5104 ) ;
#1255 = FILL_AREA_STYLE ('',( #6022 ) ) ;
#1256 =( NAMED_UNIT ( * ) PLANE_ANGLE_UNIT ( ) SI_UNIT ( $, .RADIAN. ) );
#1257 = CARTESIAN_POINT ( 'NONE',  ( 0.3245086401966271739, 0.1508063254009470999, 0.5000000000000000000 ) ) ;
#1258 = CARTESIAN_POINT ( 'NONE',  ( 0.2584384517676098225, 0.1214301811458735614, 0.4999999999999998890 ) ) ;
#1259 = CARTESIAN_POINT ( 'NONE',  ( 0.1455159060304428986, 0.009329430002441430406, 0.4990000000000001101 ) ) ;
#1260 = CARTESIAN_POINT ( 'NONE',  ( 0.04811330862784551909, 0.009329430002441428671, 0.4989999999999999991 ) ) ;
#1262 = DIRECTION ( 'NONE',  ( 0.0000000000000000000, 1.000000000000000000, 0.0000000000000000000 ) ) ;
#1261 = MECHANICAL_DESIGN_GEOMETRIC_PRESENTATION_REPRESENTATION (  '', ( #5963 ), #3244 ) ;
#1264 = EDGE_LOOP ( 'NONE', ( #1127, #1249, #2740, #4113 ) ) ;
#1263 = CARTESIAN_POINT ( 'NONE',  ( 0.1403624792448710523, -0.06231043204667922886, 0.4990000000000001101 ) ) ;
#1265 = CARTESIAN_POINT ( 'NONE',  ( -0.3118181689876319274, 0.1579482536689636174, 0.5000000000000001110 ) ) ;
#1266 = LINE ( 'NONE', #823, #2056 ) ;
#1267 = ORIENTED_EDGE ( 'NONE', *, *, #2942, .F. ) ;
#1268 =( NAMED_UNIT ( * ) PLANE_ANGLE_UNIT ( ) SI_UNIT ( $, .RADIAN. ) );
#1269 = FILL_AREA_STYLE_COLOUR ( '', #5035 ) ;
#1270 = LINE ( 'NONE', #6075, #6096 ) ;
#1271 = COLOUR_RGB ( '',1.000000000000000000, 1.000000000000000000, 1.000000000000000000 ) ;
#1272 = CARTESIAN_POINT ( 'NONE',  ( -0.2364647490256541473, -0.007537670874974896143, 0.4989999999999999991 ) ) ;
#1273 =( LENGTH_UNIT ( ) NAMED_UNIT ( * ) SI_UNIT ( .MILLI., .METRE. ) );
#1274 = SURFACE_STYLE_FILL_AREA ( #271 ) ;
#1275 = AXIS2_PLACEMENT_3D ( 'NONE', #1923, #816, #3945 ) ;
#1276 = CARTESIAN_POINT ( 'NONE',  ( 0.09699723719927409726, 0.1632255338985452997, 0.5000000000000000000 ) ) ;
#1277 = VERTEX_POINT ( 'NONE', #2692 ) ;
#1278 = CARTESIAN_POINT ( 'NONE',  ( -0.05969910234986933878, 0.04766969808200259562, 0.4999999999999998890 ) ) ;
#1279 = CARTESIAN_POINT ( 'NONE',  ( -0.3600377693877073737, 0.07560020120858625126, 0.4990000000000001101 ) ) ;
#1281 = DIRECTION ( 'NONE',  ( -0.7071067811865523467, -9.583083854271156033E-16, -0.7071067811865426878 ) ) ;
#1280 = CARTESIAN_POINT ( 'NONE',  ( 0.1689760337381095434, -0.07063859189469524902, 0.4989999999999999991 ) ) ;
#1282 = ADVANCED_FACE ( 'NONE', ( #2184 ), #2593, .T. ) ;
#1283 = CARTESIAN_POINT ( 'NONE',  ( 0.5200000000000000178, -0.4500000000000000111, 0.4800000000000000377 ) ) ;
#1284 =( LENGTH_UNIT ( ) NAMED_UNIT ( * ) SI_UNIT ( .MILLI., .METRE. ) );
#1285 = LINE ( 'NONE', #761, #1304 ) ;
#1286 = VERTEX_POINT ( 'NONE', #1321 ) ;
#1287 = CARTESIAN_POINT ( 'NONE',  ( 0.1541949467693134179, 0.1281791040090159151, 0.5000000000000000000 ) ) ;
#1288 = CARTESIAN_POINT ( 'NONE',  ( -0.04928928877475188125, 0.08530345597646739331, 0.5000000000000000000 ) ) ;
#1289 = B_SPLINE_CURVE_WITH_KNOTS ( 'NONE', 3,
 ( #5007, #6439, #254, #4936, #4505, #6586, #186, #3842, #2357, #6547, #1889 ),
 .UNSPECIFIED., .F., .F.,
 ( 4, 1, 1, 1, 1, 1, 1, 1, 4 ),
 ( 0.0000000000000000000, 0.09321839406069587497, 0.1938574851185507208, 0.3031616225397822939, 0.4216003745329102159, 0.5505359843336936621, 0.6892597431086406878, 0.8389726057502737699, 1.000000000000000000 ),
 .UNSPECIFIED. ) ;
#1290 = CARTESIAN_POINT ( 'NONE',  ( -0.3636183786635668325, -0.02951647080323194228, 0.5000000000000000000 ) ) ;
#1291 = CARTESIAN_POINT ( 'NONE',  ( -0.3329761366364953346, -0.02370176584750863583, 0.4990000000000002212 ) ) ;
#1292 = CARTESIAN_POINT ( 'NONE',  ( 0.09984418472949836698, 0.1631342056551429442, 0.5000000000000001110 ) ) ;
#1293 = CARTESIAN_POINT ( 'NONE',  ( -0.05600576222208000776, 0.1558829621631369622, 0.5000000000000000000 ) ) ;
#1294 = CARTESIAN_POINT ( 'NONE',  ( -0.08954627734974376918, 0.1320065786255963380, 0.4989999999999998881 ) ) ;
#1295 = CARTESIAN_POINT ( 'NONE',  ( -0.09360747059293371419, 0.02296579363880507305, 0.4989999999999999991 ) ) ;
#1296 = CARTESIAN_POINT ( 'NONE',  ( 0.2722242951412051082, 0.005102692372502647469, 0.5000000000000001110 ) ) ;
#1297 = CARTESIAN_POINT ( 'NONE',  ( 0.5200000000000000178, -0.4500000000000000111, 0.4800000000000000377 ) ) ;
#1299 = ORIENTED_EDGE ( 'NONE', *, *, #5902, .F. ) ;
#1298 = CARTESIAN_POINT ( 'NONE',  ( 0.05845392538176071018, -0.08126327182998736853, 0.4990000000000001101 ) ) ;
#1300 = FILL_AREA_STYLE ('',( #6552 ) ) ;
#1301 = CARTESIAN_POINT ( 'NONE',  ( -0.3335782352546860507, 0.1412518975797310561, 0.5000000000000001110 ) ) ;
#1302 = FILL_AREA_STYLE_COLOUR ( '', #1629 ) ;
#1303 = EDGE_LOOP ( 'NONE', ( #5015, #205, #6068, #1782 ) ) ;
#1304 = VECTOR ( 'NONE', #2933, 1000.000000000000000 ) ;
#1305 = CARTESIAN_POINT ( 'NONE',  ( 0.1739919515502518499, -0.04193253707804503461, 0.4989999999999998881 ) ) ;
#1306 = CARTESIAN_POINT ( 'NONE',  ( 0.04811330862784551909, 0.009329430002441428671, 0.4989999999999999991 ) ) ;
#1307 = FILL_AREA_STYLE ('',( #3367 ) ) ;
#1308 = ADVANCED_FACE ( 'NONE', ( #5426 ), #6533, .F. ) ;
#1309 = SURFACE_SIDE_STYLE ('',( #2883 ) ) ;
#1310 =( GEOMETRIC_REPRESENTATION_CONTEXT ( 3 ) GLOBAL_UNCERTAINTY_ASSIGNED_CONTEXT ( ( #717 ) ) GLOBAL_UNIT_ASSIGNED_CONTEXT ( ( #1984, #949, #4191 ) ) REPRESENTATION_CONTEXT ( 'NONE', 'WORKASPACE' ) );
#1312 = CARTESIAN_POINT ( 'NONE',  ( 0.3221189904460273201, 0.02393981961283103005, 0.5000000000000000000 ) ) ;
#1311 = CARTESIAN_POINT ( 'NONE',  ( -0.07886244476807660608, 0.1301235058334676842, 0.5000000000000000000 ) ) ;
#1313 = LINE ( 'NONE', #5023, #69 ) ;
#1314 = ORIENTED_EDGE ( 'NONE', *, *, #4237, .F. ) ;
#1315 = CARTESIAN_POINT ( 'NONE',  ( -0.02257130287735432603, 0.005483972497755737821, 0.4999999999999998890 ) ) ;
#1316 = CARTESIAN_POINT ( 'NONE',  ( -0.1390933949929123448, -0.07081631846885041992, 0.4990000000000001101 ) ) ;
#1317 =( GEOMETRIC_REPRESENTATION_CONTEXT ( 3 ) GLOBAL_UNCERTAINTY_ASSIGNED_CONTEXT ( ( #871 ) ) GLOBAL_UNIT_ASSIGNED_CONTEXT ( ( #4657, #4080, #1466 ) ) REPRESENTATION_CONTEXT ( 'NONE', 'WORKASPACE' ) );
#1318 = CARTESIAN_POINT ( 'NONE',  ( -0.03069739980922111741, -0.1083692444046392839, 0.5000000000000001110 ) ) ;
#1320 = PLANE ( 'NONE',  #2657 ) ;
#1319 = CARTESIAN_POINT ( 'NONE',  ( 0.1061305473559595175, -0.1442419266017315183, 0.4989999999999999991 ) ) ;
#1321 = CARTESIAN_POINT ( 'NONE',  ( 0.09571882810836498945, 0.1320567027297141205, 0.5000000000000000000 ) ) ;
#1322 = CARTESIAN_POINT ( 'NONE',  ( 0.2390223995369363807, -0.05495628428327284376, 0.4989999999999999991 ) ) ;
#1323 = ORIENTED_EDGE ( 'NONE', *, *, #6063, .F. ) ;
#1324 = CARTESIAN_POINT ( 'NONE',  ( -0.09523552193177356462, 0.02293204978358757626, 0.5000000000000000000 ) ) ;
#1325 = CARTESIAN_POINT ( 'NONE',  ( 0.2860800294070662830, -0.1133978427248312909, 0.5000000000000000000 ) ) ;
#1326 = ADVANCED_FACE ( 'NONE', ( #2896 ), #725, .T. ) ;
#1327 = CARTESIAN_POINT ( 'NONE',  ( -0.2363577386354604182, 0.01517393440388073965, 0.5000000000000000000 ) ) ;
#1328 = CARTESIAN_POINT ( 'NONE',  ( -0.2880543215778657573, -0.1444590227595910492, 0.4989999999999998881 ) ) ;
#1329 = CARTESIAN_POINT ( 'NONE',  ( -0.3085186097971128749, -0.1037373534998122238, 0.4989999999999998881 ) ) ;
#1330 = CARTESIAN_POINT ( 'NONE',  ( 0.1054349380521112933, 0.1629548578888670163, 0.4989999999999997771 ) ) ;
#1331 = CARTESIAN_POINT ( 'NONE',  ( 0.3109848558259781237, 0.001218606573714710187, 0.5000000000000001110 ) ) ;
#1332 = DIRECTION ( 'NONE',  ( -5.421010862427515070E-15, -0.0000000000000000000, 1.000000000000000000 ) ) ;
#1333 = CARTESIAN_POINT ( 'NONE',  ( 0.2431909567867998612, 0.08721713809574778431, 0.5000000000000000000 ) ) ;
#1334 = CARTESIAN_POINT ( 'NONE',  ( 0.1689760337381095434, -0.07063859189469524902, 0.5000000000000000000 ) ) ;
#1335 = LINE ( 'NONE', #2977, #918 ) ;
#1336 = B_SPLINE_CURVE_WITH_KNOTS ( 'NONE', 3,
 ( #5622, #1422, #3477, #866, #2954, #930, #5087, #895, #5118, #3508, #5052, #336, #2478, #3023, #4098, #5180, #3643, #572, #480 ),
 .UNSPECIFIED., .F., .F.,
 ( 4, 1, 1, 1, 1, 1, 1, 1, 1, 1, 1, 1, 1, 1, 1, 1, 4 ),
 ( 0.0000000000000000000, 0.04828715761055955152, 0.09604379558437681208, 0.1436314314878043841, 0.1929183553288602027, 0.2443499336523359822, 0.2982579089532412242, 0.3551950479219347367, 0.4161155148320717645, 0.4798107870793598129, 0.5453825751854418646, 0.6125423832672090008, 0.6826619831497879876, 0.7558181143978953687, 0.8333891049195435441, 0.9141695683727341093, 1.000000000000000000 ),
 .UNSPECIFIED. ) ;
#1338 = EDGE_LOOP ( 'NONE', ( #5144, #6188, #121, #954 ) ) ;
#1337 = CARTESIAN_POINT ( 'NONE',  ( 0.09225952916968546691, -0.1132337257826071808, 0.4989999999999999991 ) ) ;
#1339 = DIRECTION ( 'NONE',  ( 1.000000000000000000, 0.0000000000000000000, -0.0000000000000000000 ) ) ;
#1340 = SURFACE_STYLE_USAGE ( .BOTH. , #4976 ) ;
#1341 = CARTESIAN_POINT ( 'NONE',  ( -0.2697358128900100294, -0.1099751125284872399, 0.5000000000000000000 ) ) ;
#1342 = VERTEX_POINT ( 'NONE', #28 ) ;
#1343 = CARTESIAN_POINT ( 'NONE',  ( -0.06195162643708956862, 0.1178724494829609254, 0.4989999999999999991 ) ) ;
#1344 = CARTESIAN_POINT ( 'NONE',  ( 0.05829317617811491381, 0.09950286129776174382, 0.4989999999999998881 ) ) ;
#1345 = CARTESIAN_POINT ( 'NONE',  ( -0.04555614471999067799, -0.03629781699152055674, 0.4989999999999999991 ) ) ;
#1346 = CARTESIAN_POINT ( 'NONE',  ( 0.1753608931185316466, 0.04796610769487739262, 0.5000000000000002220 ) ) ;
#1347 = CARTESIAN_POINT ( 'NONE',  ( -0.1426511543744757582, -0.03450775511180902144, 0.4989999999999999991 ) ) ;
#1348 = CARTESIAN_POINT ( 'NONE',  ( 0.1351552277555305992, 0.09999446014096852187, 0.4990000000000002212 ) ) ;
#1349 = CARTESIAN_POINT ( 'NONE',  ( 0.02805906264018718371, 0.1020982065975550163, 0.5000000000000000000 ) ) ;
#1350 = EDGE_LOOP ( 'NONE', ( #6093, #6042, #1902, #348 ) ) ;
#1351 = EDGE_CURVE ( 'NONE', #1786, #3188, #4304, .T. ) ;
#1352 = SURFACE_SIDE_STYLE ('',( #720 ) ) ;
#1353 = CARTESIAN_POINT ( 'NONE',  ( -0.1406989543233080342, -0.06405436901770616975, 0.4999999999999998890 ) ) ;
#1354 = AXIS2_PLACEMENT_3D ( 'NONE', #2868, #6026, #5946 ) ;
#1355 = CARTESIAN_POINT ( 'NONE',  ( -0.01848413692321566534, 0.09212834486979555593, 0.5000000000000000000 ) ) ;
#1358 = CARTESIAN_POINT ( 'NONE',  ( 0.3547504503640271367, 0.1012118835126737115, 0.4990000000000001101 ) ) ;
#1357 = VECTOR ( 'NONE', #1906, 1000.000000000000000 ) ;
#1356 =( NAMED_UNIT ( * ) SI_UNIT ( $, .STERADIAN. ) SOLID_ANGLE_UNIT ( ) );
#1359 = VECTOR ( 'NONE', #5206, 1000.000000000000000 ) ;
#1360 = CARTESIAN_POINT ( 'NONE',  ( 0.3310531164392943038, -0.02194489426323125575, 0.4999999999999996669 ) ) ;
#1361 = CARTESIAN_POINT ( 'NONE',  ( 0.2860800294070662830, -0.1133978427248312909, 0.4989999999999999991 ) ) ;
#1362 = UNCERTAINTY_MEASURE_WITH_UNIT (LENGTH_MEASURE( 1.000000000000000082E-05 ), #176, 'distance_accuracy_value', 'NONE');
#1363 = SURFACE_SIDE_STYLE ('',( #5974 ) ) ;
#1364 = VERTEX_POINT ( 'NONE', #1661 ) ;
#1365 = FACE_OUTER_BOUND ( 'NONE', #5419, .T. ) ;
#1366 = CARTESIAN_POINT ( 'NONE',  ( 0.09754512680966366533, -0.1133978427248312909, 0.4989999999999997771 ) ) ;
#1367 =( LENGTH_UNIT ( ) NAMED_UNIT ( * ) SI_UNIT ( .MILLI., .METRE. ) );
#1368 = MECHANICAL_DESIGN_GEOMETRIC_PRESENTATION_REPRESENTATION (  '', ( #2665 ), #6398 ) ;
#1369 = CARTESIAN_POINT ( 'NONE',  ( -0.09018740253558361897, 0.05401817687142163038, 0.4989999999999999991 ) ) ;
#1370 = CARTESIAN_POINT ( 'NONE',  ( -0.1093353155093874235, 0.1275735325108504070, 0.5000000000000000000 ) ) ;
#1371 = PRESENTATION_LAYER_ASSIGNMENT (  '', '', ( #4335 ) ) ;
#1372 = MECHANICAL_DESIGN_GEOMETRIC_PRESENTATION_REPRESENTATION (  '', ( #6382 ), #5179 ) ;
#1373 = CARTESIAN_POINT ( 'NONE',  ( 0.2729209201009057395, -0.1113963700557164122, 0.5000000000000001110 ) ) ;
#1374 = CARTESIAN_POINT ( 'NONE',  ( -0.07510675714248393753, 0.1286016538432284140, 0.4989999999999999991 ) ) ;
#1375 = CARTESIAN_POINT ( 'NONE',  ( 0.2500606897808336782, 0.1100630991124542518, 0.4999999999999998890 ) ) ;
#1376 = CARTESIAN_POINT ( 'NONE',  ( 0.04816765749934467239, 0.003484855984208565152, 0.5000000000000000000 ) ) ;
#1377 = MECHANICAL_DESIGN_GEOMETRIC_PRESENTATION_REPRESENTATION (  '', ( #1143 ), #3456 ) ;
#1378 = ADVANCED_FACE ( 'NONE', ( #3645 ), #658, .T. ) ;
#1380 = EDGE_LOOP ( 'NONE', ( #4894, #1002, #5351, #5077 ) ) ;
#1379 = DIRECTION ( 'NONE',  ( 0.0000000000000000000, -1.000000000000000000, 0.0000000000000000000 ) ) ;
#1381 = PRESENTATION_LAYER_ASSIGNMENT (  '', '', ( #6746 ) ) ;
#1382 = CARTESIAN_POINT ( 'NONE',  ( -0.2659484154648971144, 0.1259233261452060160, 0.5000000000000001110 ) ) ;
#1383 = CARTESIAN_POINT ( 'NONE',  ( 0.5399999999999999245, -0.4500000000000000111, 0.4800000000000000377 ) ) ;
#1384 = EDGE_LOOP ( 'NONE', ( #6758, #3198, #2180, #2632 ) ) ;
#1385 = CARTESIAN_POINT ( 'NONE',  ( 0.2862595436836014029, 0.007333383216561972090, 0.4989999999999999991 ) ) ;
#1386 = CARTESIAN_POINT ( 'NONE',  ( -0.09360747059293371419, 0.02296579363880507305, 0.4999999999999998890 ) ) ;
#1387 = DIRECTION ( 'NONE',  ( -0.0000000000000000000, -1.000000000000000000, -0.0000000000000000000 ) ) ;
#1388 = CARTESIAN_POINT ( 'NONE',  ( 0.7800000000000001377, -0.4500000000000000111, 0.4800000000000001488 ) ) ;
#1389 = CARTESIAN_POINT ( 'NONE',  ( -0.1077413718608169757, 0.02063295049082103719, 0.4989999999999999991 ) ) ;
#1390 = CARTESIAN_POINT ( 'NONE',  ( 0.1244021778877370810, 0.1181026474345394511, 0.5000000000000002220 ) ) ;
#1391 = CARTESIAN_POINT ( 'NONE',  ( 0.2323092938366720095, 0.1396614660588814671, 0.4999999999999998890 ) ) ;
#1392 = ORIENTED_EDGE ( 'NONE', *, *, #1921, .F. ) ;
#1393 = VECTOR ( 'NONE', #3956, 1000.000000000000000 ) ;
#1394 = CARTESIAN_POINT ( 'NONE',  ( -0.1427512792379188877, -0.04426396396019122159, 0.4989999999999999991 ) ) ;
#1395 = LINE ( 'NONE', #4106, #5185 ) ;
#1396 = AXIS2_PLACEMENT_3D ( 'NONE', #443, #958, #4165 ) ;
#1398 = FILL_AREA_STYLE_COLOUR ( '', #4643 ) ;
#1397 = CARTESIAN_POINT ( 'NONE',  ( 0.2380628579740577400, -0.1268085364366197676, 0.5000000000000000000 ) ) ;
#1399 =( NAMED_UNIT ( * ) SI_UNIT ( $, .STERADIAN. ) SOLID_ANGLE_UNIT ( ) );
#1400 =( NAMED_UNIT ( * ) PLANE_ANGLE_UNIT ( ) SI_UNIT ( $, .RADIAN. ) );
#1401 = ORIENTED_EDGE ( 'NONE', *, *, #392, .F. ) ;
#1402 = CARTESIAN_POINT ( 'NONE',  ( -0.09845427577439015698, 0.02286533618490989295, 0.4989999999999998881 ) ) ;
#1403 = CARTESIAN_POINT ( 'NONE',  ( 0.1284074591581897407, -0.09407112786315023623, 0.4989999999999998881 ) ) ;
#1404 = LINE ( 'NONE', #6095, #5980 ) ;
#1405 = FACE_OUTER_BOUND ( 'NONE', #1264, .T. ) ;
#1406 = CARTESIAN_POINT ( 'NONE',  ( -0.2128421480800722909, -0.07063859189469524902, 0.5000000000000001110 ) ) ;
#1407 = PLANE ( 'NONE',  #494 ) ;
#1408 = FILL_AREA_STYLE ('',( #2318 ) ) ;
#1409 = CARTESIAN_POINT ( 'NONE',  ( 0.2498625827425035029, -0.09051533808333946107, 0.4999999999999998890 ) ) ;
#1410 = CARTESIAN_POINT ( 'NONE',  ( -0.08709367189163499945, 0.1632255338985452997, 0.4989999999999999991 ) ) ;
#1411 = DIRECTION ( 'NONE',  ( -1.000000000000000000, 0.0000000000000000000, -5.421010862427515070E-15 ) ) ;
#1413 = ORIENTED_EDGE ( 'NONE', *, *, #5398, .T. ) ;
#1412 = CARTESIAN_POINT ( 'NONE',  ( -0.2819739970886834812, 0.1631342056551429165, 0.4989999999999999991 ) ) ;
#1414 = CARTESIAN_POINT ( 'NONE',  ( -0.3041196469133142788, -0.1072325499370980900, 0.4990000000000002212 ) ) ;
#1415 =( NAMED_UNIT ( * ) PLANE_ANGLE_UNIT ( ) SI_UNIT ( $, .RADIAN. ) );
#1416 = CARTESIAN_POINT ( 'NONE',  ( -0.3535177440475729127, -0.08616479220916131720, 0.4989999999999999991 ) ) ;
#1417 = EDGE_LOOP ( 'NONE', ( #859, #2467, #1226, #3469 ) ) ;
#1418 = CARTESIAN_POINT ( 'NONE',  ( 0.1315981278452514891, -0.1349110276354183735, 0.4989999999999999991 ) ) ;
#1419 = CARTESIAN_POINT ( 'NONE',  ( -0.06056036331955596402, 0.1160290102192385181, 0.4989999999999999991 ) ) ;
#1420 =( LENGTH_UNIT ( ) NAMED_UNIT ( * ) SI_UNIT ( .MILLI., .METRE. ) );
#1421 = EDGE_CURVE ( 'NONE', #1627, #1786, #3847, .T. ) ;
#1422 = CARTESIAN_POINT ( 'NONE',  ( -0.09005288347600774734, -0.1133338713050828506, 0.5000000000000001110 ) ) ;
#1423 = CARTESIAN_POINT ( 'NONE',  ( -0.2128421480800722909, -0.07063859189469524902, 0.5000000000000003331 ) ) ;
#1424 = CARTESIAN_POINT ( 'NONE',  ( 0.3246870680327228476, 0.02551084968052684532, 0.5000000000000001110 ) ) ;
#1425 = ORIENTED_EDGE ( 'NONE', *, *, #596, .F. ) ;
#1426 = LINE ( 'NONE', #6122, #2602 ) ;
#1427 = SURFACE_SIDE_STYLE ('',( #2442 ) ) ;
#1428 = CARTESIAN_POINT ( 'NONE',  ( 0.09754512680966366533, -0.1133978427248312909, 0.4999999999999997780 ) ) ;
#1429 = CARTESIAN_POINT ( 'NONE',  ( 0.3401580478346108438, 0.1353775013753685807, 0.5000000000000002220 ) ) ;
#1430 = CARTESIAN_POINT ( 'NONE',  ( 0.09754512680966366533, -0.1133978427248312909, 0.4999999999999995559 ) ) ;
#1431 = CARTESIAN_POINT ( 'NONE',  ( 0.2498625827425035029, -0.09051533808333946107, 0.4989999999999998881 ) ) ;
#1432 = UNCERTAINTY_MEASURE_WITH_UNIT (LENGTH_MEASURE( 1.000000000000000082E-05 ), #344, 'distance_accuracy_value', 'NONE');
#1433 = CARTESIAN_POINT ( 'NONE',  ( -0.3621682016583273600, 0.06062993797285919778, 0.5000000000000000000 ) ) ;
#1434 = ORIENTED_EDGE ( 'NONE', *, *, #4442, .T. ) ;
#1435 = CARTESIAN_POINT ( 'NONE',  ( 0.2652519025519834983, 0.1607224679713675219, 0.4989999999999999991 ) ) ;
#1436 = CARTESIAN_POINT ( 'NONE',  ( 0.3221189904460273201, 0.02393981961283103005, 0.4989999999999999991 ) ) ;
#1437 = CARTESIAN_POINT ( 'NONE',  ( -0.3303998926098757338, -0.05122487247990451659, 0.4989999999999999991 ) ) ;
#1438 = CARTESIAN_POINT ( 'NONE',  ( 0.1504995369499600999, 0.1340845385474427887, 0.4989999999999999991 ) ) ;
#1439 = CARTESIAN_POINT ( 'NONE',  ( 0.3343670216472542367, -0.06997724660474798075, 0.4989999999999999991 ) ) ;
#1440 = EDGE_CURVE ( 'NONE', #5344, #6145, #6473, .T. ) ;
#1441 = CARTESIAN_POINT ( 'NONE',  ( 0.2553455655552795966, -0.09876587489124043218, 0.5000000000000000000 ) ) ;
#1442 =( LENGTH_UNIT ( ) NAMED_UNIT ( * ) SI_UNIT ( .MILLI., .METRE. ) );
#1443 = CARTESIAN_POINT ( 'NONE',  ( -0.8000000000000000444, 0.4500000000000000111, 5.421010862427522170E-17 ) ) ;
#1444 = CARTESIAN_POINT ( 'NONE',  ( 0.3412435364697172235, 0.01489338333027401783, 0.4989999999999998881 ) ) ;
#1445 = SURFACE_STYLE_USAGE ( .BOTH. , #5109 ) ;
#1447 = ORIENTED_EDGE ( 'NONE', *, *, #419, .F. ) ;
#1446 = CARTESIAN_POINT ( 'NONE',  ( 0.09577084317619831422, -0.1133427515082089249, 0.4989999999999998881 ) ) ;
#1448 = CARTESIAN_POINT ( 'NONE',  ( 0.3109181898562857205, 0.05132791782895893690, 0.5000000000000000000 ) ) ;
#1449 = CARTESIAN_POINT ( 'NONE',  ( -0.01422435370981682545, -0.04278095960794817826, 0.5000000000000000000 ) ) ;
#1450 = ORIENTED_EDGE ( 'NONE', *, *, #1192, .T. ) ;
#1451 = FACE_OUTER_BOUND ( 'NONE', #6562, .T. ) ;
#1452 = EDGE_CURVE ( 'NONE', #5561, #5152, #1174, .T. ) ;
#1453 = CARTESIAN_POINT ( 'NONE',  ( 0.1765041019138744449, 0.02906872006113944695, 0.4989999999999997771 ) ) ;
#1454 = CARTESIAN_POINT ( 'NONE',  ( 0.09754512680966366533, -0.1133978427248312909, 0.4989999999999999991 ) ) ;
#1455 = CARTESIAN_POINT ( 'NONE',  ( -0.2936933627625140653, -0.1442473685166454911, 0.4989999999999997771 ) ) ;
#1456 = CARTESIAN_POINT ( 'NONE',  ( 0.3373796179355990632, -0.1243601636632951368, 0.4989999999999998881 ) ) ;
#1457 = ORIENTED_EDGE ( 'NONE', *, *, #5020, .F. ) ;
#1458 = B_SPLINE_CURVE_WITH_KNOTS ( 'NONE', 3,
 ( #2732, #2636, #3162, #3744, #58, #5788, #4710, #5755, #6800, #4201, #1584, #86, #599, #6275, #5336, #4837, #3776, #4743, #1056 ),
 .UNSPECIFIED., .F., .F.,
 ( 4, 1, 1, 1, 1, 1, 1, 1, 1, 1, 1, 1, 1, 1, 1, 1, 4 ),
 ( 0.0000000000000000000, 0.04755121583628214854, 0.09352634850642431441, 0.1389643554157364291, 0.1844539540987080728, 0.2307612046270179629, 0.2788812116749724845, 0.3288932006633014660, 0.3820458000213388106, 0.4386923170974818542, 0.5002324700975415706, 0.5671108590938555016, 0.6402514135231450743, 0.7196105714935134845, 0.8060760814109412253, 0.8992449703907864356, 1.000000000000000000 ),
 .UNSPECIFIED. ) ;
#1459 = CARTESIAN_POINT ( 'NONE',  ( 0.1436813923477992250, -0.03785127457177712984, 0.5000000000000000000 ) ) ;
#1461 = CARTESIAN_POINT ( 'NONE',  ( -0.1650152842720997159, -0.07892198868424447900, 0.4999999999999996669 ) ) ;
#1460 = CARTESIAN_POINT ( 'NONE',  ( -0.8000000000000001554, -0.4500000000000000111, 0.5000000000000000000 ) ) ;
#1462 = CARTESIAN_POINT ( 'NONE',  ( 0.4999999999999998890, 0.3499999999999999223, 0.5000000000000000000 ) ) ;
#1463 = CARTESIAN_POINT ( 'NONE',  ( -0.3033505627856261655, 0.1610319621919648336, 0.4999999999999997780 ) ) ;
#1464 = COLOUR_RGB ( '',1.000000000000000000, 1.000000000000000000, 1.000000000000000000 ) ;
#1465 = ORIENTED_EDGE ( 'NONE', *, *, #4845, .T. ) ;
#1466 =( NAMED_UNIT ( * ) SI_UNIT ( $, .STERADIAN. ) SOLID_ANGLE_UNIT ( ) );
#1467 = SURFACE_SIDE_STYLE ('',( #3624 ) ) ;
#1468 = CARTESIAN_POINT ( 'NONE',  ( -0.2851862043591674167, -0.1445666738936624285, 0.4989999999999999991 ) ) ;
#1469 = PRESENTATION_LAYER_ASSIGNMENT (  '', '', ( #1232 ) ) ;
#1470 = CARTESIAN_POINT ( 'NONE',  ( -0.1469962692942324012, 0.01559972221023363075, 0.4989999999999999991 ) ) ;
#1471 = CARTESIAN_POINT ( 'NONE',  ( -0.09598627735134235284, 0.05378621409956058086, 0.4999999999999998890 ) ) ;
#1472 = CARTESIAN_POINT ( 'NONE',  ( -0.04071890244307531381, 0.1442776461039042279, 0.4990000000000001101 ) ) ;
#1473 = VECTOR ( 'NONE', #1749, 1000.000000000000000 ) ;
#1474 = CARTESIAN_POINT ( 'NONE',  ( -0.1427957822812453703, -0.04162430376379233632, 0.4989999999999999991 ) ) ;
#1475 = CARTESIAN_POINT ( 'NONE',  ( -0.1469483955771161143, 0.02006500091758352255, 0.5000000000000001110 ) ) ;
#1476 = PRESENTATION_LAYER_ASSIGNMENT (  '', '', ( #6731 ) ) ;
#1477 = CARTESIAN_POINT ( 'NONE',  ( -0.7800000000000001377, -0.4500000000000000111, 0.02000000000000005246 ) ) ;
#1478 = CARTESIAN_POINT ( 'NONE',  ( 0.3435604542708344256, -0.1182763642366695539, 0.5000000000000001110 ) ) ;
#1479 = ORIENTED_EDGE ( 'NONE', *, *, #2742, .T. ) ;
#1480 = CARTESIAN_POINT ( 'NONE',  ( 0.3247366852512221236, 0.08688624818425959295, 0.5000000000000000000 ) ) ;
#1481 = CARTESIAN_POINT ( 'NONE',  ( 0.08754137409175803686, 0.1628927976262533051, 0.4989999999999999991 ) ) ;
#1482 = EDGE_LOOP ( 'NONE', ( #2349, #4061, #3131, #3500 ) ) ;
#1483 = CARTESIAN_POINT ( 'NONE',  ( -0.05754535534650292994, 0.1120340907766710359, 0.4989999999999999991 ) ) ;
#1484 = PRESENTATION_LAYER_ASSIGNMENT (  '', '', ( #1707 ) ) ;
#1485 = CARTESIAN_POINT ( 'NONE',  ( -0.3318666027317844769, 0.05650933887673412204, 0.4989999999999998881 ) ) ;
#1486 = CARTESIAN_POINT ( 'NONE',  ( -0.8000000000000000444, -0.4500000000000000111, 5.421010862427522170E-17 ) ) ;
#1488 = LINE ( 'NONE', #4070, #2782 ) ;
#1487 = STYLED_ITEM ( 'NONE', ( #4292 ), #3254 ) ;
#1489 = CARTESIAN_POINT ( 'NONE',  ( -0.3242645148929110821, -0.1311780678248185839, 0.4990000000000002212 ) ) ;
#1490 = SURFACE_STYLE_FILL_AREA ( #4620 ) ;
#1491 = EDGE_LOOP ( 'NONE', ( #4373, #329, #2506, #6348 ) ) ;
#1492 = CARTESIAN_POINT ( 'NONE',  ( 0.3306771210256688187, -0.08136028736721033494, 0.5000000000000002220 ) ) ;
#1493 = STYLED_ITEM ( 'NONE', ( #3178 ), #3746 ) ;
#1494 = CARTESIAN_POINT ( 'NONE',  ( -0.07444087125235569757, -0.1088331950784329899, 0.4990000000000001101 ) ) ;
#1496 = CARTESIAN_POINT ( 'NONE',  ( -0.05600271928721874820, 0.0008229069200715517004, 0.5000000000000000000 ) ) ;
#1495 = CARTESIAN_POINT ( 'NONE',  ( 0.2705814619073328986, -0.1432345042888795439, 0.5000000000000000000 ) ) ;
#1497 = PRESENTATION_LAYER_ASSIGNMENT (  '', '', ( #4134 ) ) ;
#1498 = UNCERTAINTY_MEASURE_WITH_UNIT (LENGTH_MEASURE( 1.000000000000000082E-05 ), #6623, 'distance_accuracy_value', 'NONE');
#1499 = CARTESIAN_POINT ( 'NONE',  ( -0.3495889387027601436, 0.1136077813506119749, 0.4999999999999997780 ) ) ;
#1500 = ORIENTED_EDGE ( 'NONE', *, *, #2435, .F. ) ;
#1501 = CARTESIAN_POINT ( 'NONE',  ( 0.2434311265338365560, -0.07471428971922870754, 0.4989999999999999991 ) ) ;
#1502 = CARTESIAN_POINT ( 'NONE',  ( -0.01812045760592070898, 0.08919955987257130459, 0.4989999999999999991 ) ) ;
#1503 = B_SPLINE_SURFACE_WITH_KNOTS ( 'NONE', 3, 1, ( 
 ( #5964, #2372 ),
 ( #300, #5558 ),
 ( #2406, #5487 ),
 ( #6152, #5524 ),
 ( #412, #4554 ),
 ( #4984, #6675 ),
 ( #827, #2436 ),
 ( #6077, #1346 ),
 ( #1453, #4587 ),
 ( #6633, #1968 ),
 ( #3540, #2512 ) ),
 .UNSPECIFIED., .F., .F., .F.,
 ( 4, 1, 1, 1, 1, 1, 1, 1, 4 ),
 ( 2, 2 ),
 ( 0.0000000000000000000, 0.09321839406069579170, 0.1938574851185505543, 0.3031616225397821829, 0.4216003745329101049, 0.5505359843336935510, 0.6892597431086406878, 0.8389726057502736589, 1.000000000000000000 ),
 ( 0.0000000000000000000, 1.000000000000000000 ),
 .UNSPECIFIED. ) ;
#1504 = CARTESIAN_POINT ( 'NONE',  ( 0.2766876206417958617, 0.03814458761872743797, 0.4989999999999998881 ) ) ;
#1505 = EDGE_CURVE ( 'NONE', #1746, #5579, #4388, .T. ) ;
#1506 = CARTESIAN_POINT ( 'NONE',  ( -0.2438244328925234516, 0.09149283822291187640, 0.4990000000000001101 ) ) ;
#1507 = VECTOR ( 'NONE', #5926, 1000.000000000000114 ) ;
#1508 = CARTESIAN_POINT ( 'NONE',  ( 0.3177142852638379367, -0.09998355413711000617, 0.4990000000000002212 ) ) ;
#1509 = CARTESIAN_POINT ( 'NONE',  ( 0.2815135687612626558, -0.1132477955154768817, 0.5000000000000001110 ) ) ;
#1510 = CARTESIAN_POINT ( 'NONE',  ( -0.1416955647823243680, 0.07401507355291994661, 0.5000000000000000000 ) ) ;
#1511 =( LENGTH_UNIT ( ) NAMED_UNIT ( * ) SI_UNIT ( .MILLI., .METRE. ) );
#1512 = CARTESIAN_POINT ( 'NONE',  ( 0.01979673056125511379, -0.04680386558681851744, 0.5000000000000000000 ) ) ;
#1513 = CARTESIAN_POINT ( 'NONE',  ( 0.2883569717858376902, -0.1444813990183582975, 0.4989999999999999991 ) ) ;
#1514 = VERTEX_POINT ( 'NONE', #6550 ) ;
#1515 = CARTESIAN_POINT ( 'NONE',  ( 0.2923441752811873351, 0.1630138202389985747, 0.4989999999999999991 ) ) ;
#1516 = CARTESIAN_POINT ( 'NONE',  ( 0.05490167989603964710, 0.1480251955943656106, 0.4989999999999999991 ) ) ;
#1517 = ORIENTED_EDGE ( 'NONE', *, *, #419, .T. ) ;
#1518 = CARTESIAN_POINT ( 'NONE',  ( 0.2323092938366720095, 0.1396614660588814671, 0.4999999999999998890 ) ) ;
#1519 = CARTESIAN_POINT ( 'NONE',  ( -0.05000975426285852315, 0.08885326095395826296, 0.4989999999999999991 ) ) ;
#1520 = COLOUR_RGB ( '',0.7686274509803920907, 0.7686274509803920907, 0.7686274509803920907 ) ;
#1521 =( NAMED_UNIT ( * ) SI_UNIT ( $, .STERADIAN. ) SOLID_ANGLE_UNIT ( ) );
#1522 = DIRECTION ( 'NONE',  ( -2.168404344971008868E-16, 0.0000000000000000000, 1.000000000000000000 ) ) ;
#1523 = PRESENTATION_STYLE_ASSIGNMENT (( #3609 ) ) ;
#1524 = CARTESIAN_POINT ( 'NONE',  ( -0.2162826238040774507, -0.08331778055493833934, 0.4989999999999998881 ) ) ;
#1525 = SURFACE_SIDE_STYLE ('',( #5183 ) ) ;
#1526 = VERTEX_POINT ( 'NONE', #3949 ) ;
#1527 = CARTESIAN_POINT ( 'NONE',  ( 0.2910888920204068309, -0.1133025383769019623, 0.5000000000000001110 ) ) ;
#1528 = ADVANCED_FACE ( 'NONE', ( #5613 ), #3014, .T. ) ;
#1529 = B_SPLINE_CURVE_WITH_KNOTS ( 'NONE', 3,
 ( #6546, #771, #3353, #6062, #5508, #814, #2425, #1257, #734, #5006, #4934, #222, #5039, #6585, #4428, #6101, #5574, #1812, #2972 ),
 .UNSPECIFIED., .F., .F.,
 ( 4, 1, 1, 1, 1, 1, 1, 1, 1, 1, 1, 1, 1, 1, 1, 1, 4 ),
 ( 0.0000000000000000000, 0.06172163679580094930, 0.1214279043536783120, 0.1802261680347872486, 0.2384304367157773219, 0.2968165258529193995, 0.3560150298603196872, 0.4171754598843104289, 0.4805445547655418648, 0.5441503388795518870, 0.6070860340341505124, 0.6699278589471194811, 0.7323691609998569385, 0.7964289476165601345, 0.8621674048915179966, 0.9295028825871293199, 1.000000000000000000 ),
 .UNSPECIFIED. ) ;
#1530 = CARTESIAN_POINT ( 'NONE',  ( 0.5399999999999999245, 0.3499999999999999778, 0.4800000000000000377 ) ) ;
#1531 = CARTESIAN_POINT ( 'NONE',  ( -0.1233728753482553758, -0.1362112780273985191, 0.4990000000000001101 ) ) ;
#1532 = CARTESIAN_POINT ( 'NONE',  ( 0.08754137409175803686, 0.1628927976262533051, 0.4989999999999999991 ) ) ;
#1533 = CARTESIAN_POINT ( 'NONE',  ( -0.04872105993215068015, -0.01570441219663270410, 0.5000000000000000000 ) ) ;
#1534 = ORIENTED_EDGE ( 'NONE', *, *, #5228, .F. ) ;
#1535 = CARTESIAN_POINT ( 'NONE',  ( 0.2394243921660006158, -0.05731494975047207729, 0.5000000000000000000 ) ) ;
#1536 = DIRECTION ( 'NONE',  ( 0.0000000000000000000, 0.0000000000000000000, 1.000000000000000000 ) ) ;
#1537 = CARTESIAN_POINT ( 'NONE',  ( 0.2993463810622218890, 0.04322039850243720310, 0.4990000000000001101 ) ) ;
#1538 = MECHANICAL_DESIGN_GEOMETRIC_PRESENTATION_REPRESENTATION (  '', ( #4289 ), #1310 ) ;
#1539 = CARTESIAN_POINT ( 'NONE',  ( -0.02637387501219182195, 0.01348511406708011520, 0.4990000000000002212 ) ) ;
#1540 = SURFACE_SIDE_STYLE ('',( #4155 ) ) ;
#1541 = CARTESIAN_POINT ( 'NONE',  ( -0.08989399656695966356, -0.1445666738936624285, 0.4989999999999999991 ) ) ;
#1542 = EDGE_CURVE ( 'NONE', #1627, #704, #2405, .T. ) ;
#1543 = CARTESIAN_POINT ( 'NONE',  ( -0.1469483955771161143, 0.02006500091758352255, 0.4990000000000001101 ) ) ;
#1544 = B_SPLINE_CURVE_WITH_KNOTS ( 'NONE', 3,
 ( #3075, #2461, #5040, #4157, #3045, #6751, #5106, #1409, #4666, #1441, #6621, #5677, #3009, #5071, #4574, #5168, #1509, #6660, #3561 ),
 .UNSPECIFIED., .F., .F.,
 ( 4, 1, 1, 1, 1, 1, 1, 1, 1, 1, 1, 1, 1, 1, 1, 1, 4 ),
 ( 0.0000000000000000000, 0.08701471137865647576, 0.1695598245732131693, 0.2469226256505769046, 0.3202169950582076097, 0.3887517679229122725, 0.4537825496211079779, 0.5150516870490531307, 0.5736620891228678687, 0.6290758527007888068, 0.6828985533418271414, 0.7347254989727549646, 0.7862731088513067457, 0.8379473974624702670, 0.8900626367974676656, 0.9438245665866369372, 1.000000000000000000 ),
 .UNSPECIFIED. ) ;
#1545 = SURFACE_STYLE_USAGE ( .BOTH. , #3078 ) ;
#1546 = SURFACE_SIDE_STYLE ('',( #6719 ) ) ;
#1547 = VERTEX_POINT ( 'NONE', #5547 ) ;
#1548 = CARTESIAN_POINT ( 'NONE',  ( 0.2802173764505391795, 0.03818461884937796730, 0.4999999999999998890 ) ) ;
#1549 = ORIENTED_EDGE ( 'NONE', *, *, #5676, .F. ) ;
#1550 = CARTESIAN_POINT ( 'NONE',  ( 0.2242114674806416907, 0.1279557830040737310, 0.4989999999999998881 ) ) ;
#1551 = CARTESIAN_POINT ( 'NONE',  ( 0.1010717817999388646, 0.1318614786664695782, 0.4999999999999998890 ) ) ;
#1552 = CARTESIAN_POINT ( 'NONE',  ( 0.5399999999999999245, 0.4500000000000000111, 0.5000000000000000000 ) ) ;
#1553 = B_SPLINE_SURFACE_WITH_KNOTS ( 'NONE', 3, 1, ( 
 ( #3024, #5119 ),
 ( #2513, #6183 ),
 ( #3089, #3717 ),
 ( #1625, #6347 ),
 ( #449, #6729 ),
 ( #516, #2133 ),
 ( #6216, #5217 ),
 ( #1028, #4203 ),
 ( #1554, #5791 ),
 ( #5181, #2541 ),
 ( #5689, #3196 ) ),
 .UNSPECIFIED., .F., .F., .F.,
 ( 4, 1, 1, 1, 1, 1, 1, 1, 4 ),
 ( 2, 2 ),
 ( 0.0000000000000000000, 0.1460934072588553900, 0.2807653956959290098, 0.4078528472673215166, 0.5330134349440077690, 0.6543045952165966739, 0.7685386257706688928, 0.8821204430880589253, 1.000000000000000000 ),
 ( 0.0000000000000000000, 1.000000000000000000 ),
 .UNSPECIFIED. ) ;
#1554 = CARTESIAN_POINT ( 'NONE',  ( 0.2937676585228967130, 0.1316108928988545812, 0.4989999999999999991 ) ) ;
#1555 = SURFACE_STYLE_FILL_AREA ( #1126 ) ;
#1556 = B_SPLINE_CURVE_WITH_KNOTS ( 'NONE', 3,
 ( #4463, #6132, #6537, #764, #5033, #3937, #2901, #2420, #2936, #2388, #3523, #6018, #5001, #216, #1435, #349, #1914, #3492, #5501 ),
 .UNSPECIFIED., .F., .F.,
 ( 4, 1, 1, 1, 1, 1, 1, 1, 1, 1, 1, 1, 1, 1, 1, 1, 4 ),
 ( 0.0000000000000000000, 0.07873440133139661401, 0.1535873034585125974, 0.2243560392990877062, 0.2921102160913941481, 0.3570934123059963938, 0.4197680939602714822, 0.4806493576084643893, 0.5402799185669205917, 0.5989477704601410268, 0.6560316815841115146, 0.7123343828235287889, 0.7681152404421204283, 0.8246273202553449089, 0.8817432422022605243, 0.9400191451264190423, 1.000000000000000000 ),
 .UNSPECIFIED. ) ;
#1557 = CARTESIAN_POINT ( 'NONE',  ( -0.3620214512569266962, -0.04680386558681851744, 0.4989999999999999991 ) ) ;
#1558 = ORIENTED_EDGE ( 'NONE', *, *, #6641, .T. ) ;
#1559 = CARTESIAN_POINT ( 'NONE',  ( 0.3362708881150845430, -0.05734380388442799487, 0.5000000000000001110 ) ) ;
#1560 = SURFACE_STYLE_FILL_AREA ( #6255 ) ;
#1561 = FILL_AREA_STYLE ('',( #2176 ) ) ;
#1562 = ADVANCED_FACE ( 'NONE', ( #2396 ), #1926, .T. ) ;
#1563 = SURFACE_STYLE_FILL_AREA ( #4652 ) ;
#1564 = UNCERTAINTY_MEASURE_WITH_UNIT (LENGTH_MEASURE( 1.000000000000000082E-05 ), #1367, 'distance_accuracy_value', 'NONE');
#1565 = CARTESIAN_POINT ( 'NONE',  ( -0.2880155992317002811, 0.1631131192564301557, 0.5000000000000000000 ) ) ;
#1566 = ORIENTED_EDGE ( 'NONE', *, *, #855, .F. ) ;
#1567 = CARTESIAN_POINT ( 'NONE',  ( 0.2689340986134819422, -0.1098375079821985317, 0.4999999999999998890 ) ) ;
#1568 = CARTESIAN_POINT ( 'NONE',  ( 0.03890865785696127899, -0.1099190716672146517, 0.4989999999999998881 ) ) ;
#1569 = DIRECTION ( 'NONE',  ( 0.1096791224046432395, 0.9939670467920690422, 0.0000000000000000000 ) ) ;
#1570 = CARTESIAN_POINT ( 'NONE',  ( 0.5399999999999999245, -0.4500000000000000111, 0.4800000000000000377 ) ) ;
#1571 = CARTESIAN_POINT ( 'NONE',  ( -0.2415270623414029760, 0.08147344827127314670, 0.4989999999999999991 ) ) ;
#1572 = CARTESIAN_POINT ( 'NONE',  ( -0.2860993537098168171, 0.1320567027297141205, 0.5000000000000000000 ) ) ;
#1573 = CARTESIAN_POINT ( 'NONE',  ( -0.1331163991643622702, 0.09924420272971415380, 0.4989999999999999991 ) ) ;
#1574 = PRESENTATION_LAYER_ASSIGNMENT (  '', '', ( #3427 ) ) ;
#1575 = ADVANCED_FACE ( 'NONE', ( #5881 ), #5914, .T. ) ;
#1576 = PRESENTATION_STYLE_ASSIGNMENT (( #2058 ) ) ;
#1577 = CARTESIAN_POINT ( 'NONE',  ( 0.3169726714258788713, -0.1381257438594891418, 0.5000000000000000000 ) ) ;
#1578 = ORIENTED_EDGE ( 'NONE', *, *, #543, .F. ) ;
#1579 = B_SPLINE_CURVE_WITH_KNOTS ( 'NONE', 3,
 ( #1745, #1811, #5005, #1186, #3316, #287, #3908, #3420, #5399, #2392, #252, #5884, #1331, #5472, #662, #3871, #5909, #2317, #4426 ),
 .UNSPECIFIED., .F., .F.,
 ( 4, 1, 1, 1, 1, 1, 1, 1, 1, 1, 1, 1, 1, 1, 1, 1, 4 ),
 ( 0.0000000000000000000, 0.07553170670764647321, 0.1470578195305884961, 0.2158553469488314336, 0.2825051018261502955, 0.3471197186959702474, 0.4107715378315261456, 0.4731813908398391777, 0.5355995226640021256, 0.5966025870578031132, 0.6562480021656950102, 0.7136688321210812314, 0.7699489930252690906, 0.8261510603738746461, 0.8828291921799018560, 0.9402680167549573031, 1.000000000000000000 ),
 .UNSPECIFIED. ) ;
#1580 = CARTESIAN_POINT ( 'NONE',  ( -0.05338930803748097309, 0.04389351399910692425, 0.4990000000000001101 ) ) ;
#1581 = LINE ( 'NONE', #110, #1063 ) ;
#1582 = ORIENTED_EDGE ( 'NONE', *, *, #4851, .F. ) ;
#1583 = CARTESIAN_POINT ( 'NONE',  ( 0.2371013455217783061, 0.1445843395621372041, 0.4989999999999999991 ) ) ;
#1584 = CARTESIAN_POINT ( 'NONE',  ( -0.1560913750235029540, -0.1015343834011987190, 0.5000000000000000000 ) ) ;
#1585 = DIRECTION ( 'NONE',  ( 0.0000000000000000000, 1.000000000000000000, 0.0000000000000000000 ) ) ;
#1586 =( GEOMETRIC_REPRESENTATION_CONTEXT ( 3 ) GLOBAL_UNCERTAINTY_ASSIGNED_CONTEXT ( ( #2186 ) ) GLOBAL_UNIT_ASSIGNED_CONTEXT ( ( #3088, #1996, #6215 ) ) REPRESENTATION_CONTEXT ( 'NONE', 'WORKASPACE' ) );
#1587 = PLANE ( 'NONE',  #4430 ) ;
#1588 = ADVANCED_FACE ( 'NONE', ( #1405 ), #62, .T. ) ;
#1589 = CARTESIAN_POINT ( 'NONE',  ( -0.3303998926098757338, -0.05122487247990451659, 0.4999999999999995559 ) ) ;
#1590 = PRESENTATION_STYLE_ASSIGNMENT (( #3293 ) ) ;
#1591 =( GEOMETRIC_REPRESENTATION_CONTEXT ( 3 ) GLOBAL_UNCERTAINTY_ASSIGNED_CONTEXT ( ( #4111 ) ) GLOBAL_UNIT_ASSIGNED_CONTEXT ( ( #2519, #6158, #4075 ) ) REPRESENTATION_CONTEXT ( 'NONE', 'WORKASPACE' ) );
#1592 = DIRECTION ( 'NONE',  ( 0.7071067811865445751, -0.0000000000000000000, 0.7071067811865504593 ) ) ;
#1593 = VERTEX_POINT ( 'NONE', #2422 ) ;
#1594 =( NAMED_UNIT ( * ) PLANE_ANGLE_UNIT ( ) SI_UNIT ( $, .RADIAN. ) );
#1595 = MECHANICAL_DESIGN_GEOMETRIC_PRESENTATION_REPRESENTATION (  '', ( #1707 ), #6079 ) ;
#1596 = DIRECTION ( 'NONE',  ( -0.0000000000000000000, -0.0000000000000000000, 1.000000000000000000 ) ) ;
#1598 = CARTESIAN_POINT ( 'NONE',  ( -0.1650152842720997159, -0.07892198868424447900, 0.4989999999999997771 ) ) ;
#1597 = CARTESIAN_POINT ( 'NONE',  ( 0.2103894496822635851, -0.07737527799861144973, 0.4989999999999999991 ) ) ;
#1599 = CARTESIAN_POINT ( 'NONE',  ( 0.01709008001430506810, 0.02723960817167099188, 0.5000000000000005551 ) ) ;
#1600 = CARTESIAN_POINT ( 'NONE',  ( -0.1739646134500765495, 0.001598098833610248591, 0.5000000000000000000 ) ) ;
#1601 = ORIENTED_EDGE ( 'NONE', *, *, #4765, .T. ) ;
#1602 = CARTESIAN_POINT ( 'NONE',  ( 0.2770936399556885310, -0.1125860919018566442, 0.5000000000000000000 ) ) ;
#1603 = CARTESIAN_POINT ( 'NONE',  ( 0.03362627000276694617, -0.1003954948538945263, 0.4990000000000003322 ) ) ;
#1604 = VECTOR ( 'NONE', #2784, 1000.000000000000000 ) ;
#1605 = CARTESIAN_POINT ( 'NONE',  ( 0.3034518488697301453, 0.04553806064706454604, 0.5000000000000001110 ) ) ;
#1606 = CARTESIAN_POINT ( 'NONE',  ( -0.2848209446189077232, 0.1632255338985452997, 0.4989999999999999991 ) ) ;
#1607 = CARTESIAN_POINT ( 'NONE',  ( -0.7800000000000001377, -0.4500000000000000111, 0.4800000000000001488 ) ) ;
#1608 = CARTESIAN_POINT ( 'NONE',  ( -0.2364640739807641057, 0.02637922621971367995, 0.4990000000000001101 ) ) ;
#1609 = CARTESIAN_POINT ( 'NONE',  ( -0.2438244328925234516, 0.09149283822291187640, 0.5000000000000001110 ) ) ;
#1610 = CARTESIAN_POINT ( 'NONE',  ( 0.2380628579740577400, -0.1268085364366197676, 0.4989999999999999991 ) ) ;
#1611 = ADVANCED_FACE ( 'NONE', ( #4534 ), #4359, .T. ) ;
#1612 = B_SPLINE_SURFACE_WITH_KNOTS ( 'NONE', 3, 1, ( 
 ( #3021, #5402 ),
 ( #4777, #1222 ),
 ( #3192, #4366 ),
 ( #1656, #3227 ),
 ( #3258, #5337 ),
 ( #698, #2798 ),
 ( #6440, #4273 ),
 ( #632, #6374 ),
 ( #25, #5274 ),
 ( #2131, #1092 ),
 ( #116, #3715 ) ),
 .UNSPECIFIED., .F., .F., .F.,
 ( 4, 1, 1, 1, 1, 1, 1, 1, 4 ),
 ( 2, 2 ),
 ( 0.0000000000000000000, 0.1133500122158317969, 0.2245691853816878802, 0.3363754082648858779, 0.4513140069208089189, 0.5732473707389814654, 0.7037766361627415534, 0.8458823741921267514, 1.000000000000000000 ),
 ( 0.0000000000000000000, 1.000000000000000000 ),
 .UNSPECIFIED. ) ;
#1613 =( NAMED_UNIT ( * ) PLANE_ANGLE_UNIT ( ) SI_UNIT ( $, .RADIAN. ) );
#1614 = CARTESIAN_POINT ( 'NONE',  ( 0.2748787307057675711, 0.03812407285958428066, 0.5000000000000000000 ) ) ;
#1616 = CARTESIAN_POINT ( 'NONE',  ( 0.2855930164200532473, -0.1445666738936624285, 0.4989999999999999991 ) ) ;
#1615 = VECTOR ( 'NONE', #5986, 1000.000000000000000 ) ;
#1617 = ORIENTED_EDGE ( 'NONE', *, *, #6156, .T. ) ;
#1618 = CARTESIAN_POINT ( 'NONE',  ( 0.1454604431827214439, 0.01517393440388073618, 0.4989999999999999991 ) ) ;
#1619 = ORIENTED_EDGE ( 'NONE', *, *, #5282, .T. ) ;
#1620 = CARTESIAN_POINT ( 'NONE',  ( -0.1138393935547590552, 0.1581578844766088621, 0.4989999999999999991 ) ) ;
#1621 =( LENGTH_UNIT ( ) NAMED_UNIT ( * ) SI_UNIT ( .MILLI., .METRE. ) );
#1622 = EDGE_CURVE ( 'NONE', #1672, #5652, #4762, .T. ) ;
#1623 = MECHANICAL_DESIGN_GEOMETRIC_PRESENTATION_REPRESENTATION (  '', ( #846 ), #4686 ) ;
#1624 = CARTESIAN_POINT ( 'NONE',  ( 0.2126462725533919129, -0.08593944754282506482, 0.4999999999999998890 ) ) ;
#1625 = CARTESIAN_POINT ( 'NONE',  ( 0.3222676577043134261, 0.1052069939248923558, 0.4990000000000001101 ) ) ;
#1627 = VERTEX_POINT ( 'NONE', #1606 ) ;
#1626 = CARTESIAN_POINT ( 'NONE',  ( 0.1120823689281718188, -0.1099751125284872399, 0.4989999999999998881 ) ) ;
#1628 = CARTESIAN_POINT ( 'NONE',  ( -0.3167055777526103788, 0.1126452988202986255, 0.4989999999999998881 ) ) ;
#1629 = COLOUR_RGB ( '',1.000000000000000000, 1.000000000000000000, 1.000000000000000000 ) ;
#1630 = ORIENTED_EDGE ( 'NONE', *, *, #929, .F. ) ;
#1631 = CARTESIAN_POINT ( 'NONE',  ( 0.3328278946192976817, -0.07585278990650141939, 0.5000000000000003331 ) ) ;
#1632 = EDGE_CURVE ( 'NONE', #1825, #2, #4187, .T. ) ;
#1633 =( LENGTH_UNIT ( ) NAMED_UNIT ( * ) SI_UNIT ( .MILLI., .METRE. ) );
#1635 = CARTESIAN_POINT ( 'NONE',  ( -0.1737730984172490833, -0.01692348053985932854, 0.4989999999999999991 ) ) ;
#1634 = CARTESIAN_POINT ( 'NONE',  ( 0.2463154199731413252, 0.1012564593750137076, 0.4989999999999999991 ) ) ;
#1636 = CARTESIAN_POINT ( 'NONE',  ( 0.1455159060304428709, 0.009329430002441428671, 0.4989999999999999991 ) ) ;
#1637 = UNCERTAINTY_MEASURE_WITH_UNIT (LENGTH_MEASURE( 1.000000000000000082E-05 ), #2364, 'distance_accuracy_value', 'NONE');
#1638 = CARTESIAN_POINT ( 'NONE',  ( -0.09633459991496384767, 0.1628560467428562530, 0.5000000000000000000 ) ) ;
#1639 = ORIENTED_EDGE ( 'NONE', *, *, #4086, .T. ) ;
#1640 = CARTESIAN_POINT ( 'NONE',  ( 0.3247366852512221236, 0.08688624818425959295, 0.4989999999999999991 ) ) ;
#1641 = CARTESIAN_POINT ( 'NONE',  ( 0.2855930164200532473, -0.1445666738936624285, 0.4989999999999999991 ) ) ;
#1642 = CARTESIAN_POINT ( 'NONE',  ( 0.3170129983638020899, 0.05856538390698304980, 0.4989999999999999991 ) ) ;
#1643 = CARTESIAN_POINT ( 'NONE',  ( -0.08485647356224870763, 0.05405044976982265742, 0.5000000000000002220 ) ) ;
#1644 = CARTESIAN_POINT ( 'NONE',  ( 0.3345879912600994155, -0.03252752729608683613, 0.4999999999999998890 ) ) ;
#1645 = CARTESIAN_POINT ( 'NONE',  ( 0.3663001156338724362, -0.03172822984085784531, 0.4989999999999998881 ) ) ;
#1646 =( GEOMETRIC_REPRESENTATION_CONTEXT ( 3 ) GLOBAL_UNCERTAINTY_ASSIGNED_CONTEXT ( ( #6357 ) ) GLOBAL_UNIT_ASSIGNED_CONTEXT ( ( #2194, #2219, #4333 ) ) REPRESENTATION_CONTEXT ( 'NONE', 'WORKASPACE' ) );
#1647 = CARTESIAN_POINT ( 'NONE',  ( -0.04847804164843266816, -0.1299274546959068299, 0.4989999999999999991 ) ) ;
#1648 = PRESENTATION_LAYER_ASSIGNMENT (  '', '', ( #6791 ) ) ;
#1649 =( NAMED_UNIT ( * ) PLANE_ANGLE_UNIT ( ) SI_UNIT ( $, .RADIAN. ) );
#1650 = CARTESIAN_POINT ( 'NONE',  ( -0.1310862841685031532, -0.08863388972780084085, 0.4990000000000001101 ) ) ;
#1651 = CARTESIAN_POINT ( 'NONE',  ( -0.08680553610769864425, 0.1319072187009056596, 0.4999999999999998890 ) ) ;
#1652 = EDGE_CURVE ( 'NONE', #1720, #4130, #3210, .T. ) ;
#1653 = CARTESIAN_POINT ( 'NONE',  ( -0.2051334446189077287, 0.009207676755688173204, 0.4989999999999999991 ) ) ;
#1654 = CARTESIAN_POINT ( 'NONE',  ( -0.3594804408340740998, -0.06250052785960683033, 0.5000000000000001110 ) ) ;
#1655 = CARTESIAN_POINT ( 'NONE',  ( -0.1681150785272601256, 0.07600134745170222805, 0.4989999999999997771 ) ) ;
#1656 = CARTESIAN_POINT ( 'NONE',  ( -0.1034726392320118593, 0.1301223351360077385, 0.4989999999999999991 ) ) ;
#1657 = B_SPLINE_CURVE_WITH_KNOTS ( 'NONE', 3,
 ( #6423, #6487, #5323, #2719, #5971, #1279, #653, #4827, #3374, #3306, #4889, #2781, #4384, #4320, #6456, #5456, #6390, #1706, #755 ),
 .UNSPECIFIED., .F., .F.,
 ( 4, 1, 1, 1, 1, 1, 1, 1, 1, 1, 1, 1, 1, 1, 1, 1, 4 ),
 ( 0.0000000000000000000, 0.09514348807164518806, 0.1847457720530777392, 0.2683084903083867712, 0.3466242220093578297, 0.4193377299534534197, 0.4872737010492216858, 0.5502487944465246361, 0.6091667059941573426, 0.6639479924279677592, 0.7154822751577647466, 0.7640415713753497817, 0.8109810218191543241, 0.8569367060899879540, 0.9028761937633786872, 0.9504445482262284806, 1.000000000000000000 ),
 .UNSPECIFIED. ) ;
#1658 = SURFACE_STYLE_USAGE ( .BOTH. , #5338 ) ;
#1659 =( NAMED_UNIT ( * ) SI_UNIT ( $, .STERADIAN. ) SOLID_ANGLE_UNIT ( ) );
#1660 = EDGE_CURVE ( 'NONE', #566, #6478, #3664, .T. ) ;
#1662 = VERTEX_POINT ( 'NONE', #2150 ) ;
#1661 = CARTESIAN_POINT ( 'NONE',  ( 0.7800000000000001377, 0.4500000000000000111, 0.02000000000000005246 ) ) ;
#1663 = CARTESIAN_POINT ( 'NONE',  ( -0.2860993537098168171, 0.1320567027297141205, 0.5000000000000000000 ) ) ;
#1664 = VERTEX_POINT ( 'NONE', #4290 ) ;
#1665 = DIRECTION ( 'NONE',  ( -1.000000000000000000, 0.0000000000000000000, -0.0000000000000000000 ) ) ;
#1666 = CARTESIAN_POINT ( 'NONE',  ( -0.2826005251705398513, -0.1133400795675549161, 0.4990000000000001101 ) ) ;
#1668 = CARTESIAN_POINT ( 'NONE',  ( -0.5399999999999999245, -0.3499999999999999778, -0.0009999999999999158867 ) ) ;
#1667 = CARTESIAN_POINT ( 'NONE',  ( -0.06195162643708956862, 0.1178724494829609254, 0.4989999999999999991 ) ) ;
#1669 = EDGE_CURVE ( 'NONE', #5207, #651, #5266, .T. ) ;
#1670 = CARTESIAN_POINT ( 'NONE',  ( -0.05613904857511893554, -0.09000914884371062630, 0.4989999999999998881 ) ) ;
#1671 = CARTESIAN_POINT ( 'NONE',  ( 0.2208082825257720871, 0.1212873674218613584, 0.5000000000000000000 ) ) ;
#1672 = VERTEX_POINT ( 'NONE', #171 ) ;
#1673 = CARTESIAN_POINT ( 'NONE',  ( 0.01694447745901434682, 0.009207676755688173204, 0.4989999999999999991 ) ) ;
#1674 = CARTESIAN_POINT ( 'NONE',  ( -0.09307080687456126267, 0.1319772316438897197, 0.4989999999999999991 ) ) ;
#1675 = CARTESIAN_POINT ( 'NONE',  ( -0.02257130287735432603, 0.005483972497755737821, 0.4989999999999998881 ) ) ;
#1676 = EDGE_CURVE ( 'NONE', #777, #4655, #723, .T. ) ;
#1677 = CARTESIAN_POINT ( 'NONE',  ( -0.2235001838783507166, 0.1211280232643391352, 0.4990000000000001101 ) ) ;
#1678 = CARTESIAN_POINT ( 'NONE',  ( 0.7800000000000001377, 0.4500000000000000111, 0.4800000000000001488 ) ) ;
#1679 =( NAMED_UNIT ( * ) PLANE_ANGLE_UNIT ( ) SI_UNIT ( $, .RADIAN. ) );
#1680 = CARTESIAN_POINT ( 'NONE',  ( -0.04081428882790896079, -0.1224496901887843353, 0.5000000000000001110 ) ) ;
#1681 = CARTESIAN_POINT ( 'NONE',  ( -0.1342716465808566351, -0.08311193253023616001, 0.4999999999999998890 ) ) ;
#1682 = CARTESIAN_POINT ( 'NONE',  ( 0.1453541078374177842, 0.02637922621971367995, 0.4989999999999999991 ) ) ;
#1683 = AXIS2_PLACEMENT_3D ( 'NONE', #799, #2417, #211 ) ;
#1685 = CARTESIAN_POINT ( 'NONE',  ( -0.3370639253709778460, -0.1180972743984682466, 0.5000000000000000000 ) ) ;
#1684 = VECTOR ( 'NONE', #903, 1000.000000000000000 ) ;
#1686 = CARTESIAN_POINT ( 'NONE',  ( 0.5399999999999999245, 0.4500000000000000111, -0.0009999999999999158867 ) ) ;
#1687 = COLOUR_RGB ( '',1.000000000000000000, 1.000000000000000000, 1.000000000000000000 ) ;
#1689 = VECTOR ( 'NONE', #702, 1000.000000000000000 ) ;
#1688 = CARTESIAN_POINT ( 'NONE',  ( 0.5399999999999999245, -0.4500000000000000111, 0.5000000000000000000 ) ) ;
#1690 = CARTESIAN_POINT ( 'NONE',  ( -0.1164062496486271137, 0.01620371390811617407, 0.5000000000000000000 ) ) ;
#1692 = ORIENTED_EDGE ( 'NONE', *, *, #5676, .T. ) ;
#1691 = CARTESIAN_POINT ( 'NONE',  ( 0.3095533664911142013, -0.1066171065532119516, 0.4999999999999998890 ) ) ;
#1693 = CARTESIAN_POINT ( 'NONE',  ( -0.3130212164221409243, 0.1178340681311237093, 0.4989999999999998881 ) ) ;
#1694 = DIRECTION ( 'NONE',  ( 0.0000000000000000000, 0.0000000000000000000, 1.000000000000000000 ) ) ;
#1695 = ORIENTED_EDGE ( 'NONE', *, *, #3747, .F. ) ;
#1696 = VECTOR ( 'NONE', #1596, 1000.000000000000000 ) ;
#1697 = CARTESIAN_POINT ( 'NONE',  ( 0.04811330862784551909, 0.009329430002441428671, 0.5000000000000000000 ) ) ;
#1698 = CARTESIAN_POINT ( 'NONE',  ( -0.2395311021183997580, -0.05082316656292694412, 0.4989999999999998881 ) ) ;
#1700 = CARTESIAN_POINT ( 'NONE',  ( 0.04475425644720396751, -0.1180972743984682466, 0.5000000000000000000 ) ) ;
#1699 = DIRECTION ( 'NONE',  ( -0.0000000000000000000, -0.0000000000000000000, 1.000000000000000000 ) ) ;
#1701 = PRESENTATION_LAYER_ASSIGNMENT (  '', '', ( #4441 ) ) ;
#1702 = CARTESIAN_POINT ( 'NONE',  ( 0.8000000000000001554, -0.4500000000000000111, 0.5000000000000000000 ) ) ;
#1703 = CARTESIAN_POINT ( 'NONE',  ( -0.1647825383223563700, 0.09083752087112813289, 0.4990000000000001101 ) ) ;
#1704 = ORIENTED_EDGE ( 'NONE', *, *, #3368, .F. ) ;
#1705 = CARTESIAN_POINT ( 'NONE',  ( 0.2860191527836896674, 0.1320567027297141205, 0.4989999999999999991 ) ) ;
#1706 = CARTESIAN_POINT ( 'NONE',  ( -0.2880155992317002811, 0.1631131192564301557, 0.4989999999999999991 ) ) ;
#1707 = STYLED_ITEM ( 'NONE', ( #2646 ), #2539 ) ;
#1708 =( NAMED_UNIT ( * ) SI_UNIT ( $, .STERADIAN. ) SOLID_ANGLE_UNIT ( ) );
#1709 = CARTESIAN_POINT ( 'NONE',  ( -0.2109284311452483685, 0.08150052107983779548, 0.5000000000000002220 ) ) ;
#1710 = VECTOR ( 'NONE', #2597, 1000.000000000000000 ) ;
#1711 = UNCERTAINTY_MEASURE_WITH_UNIT (LENGTH_MEASURE( 1.000000000000000082E-05 ), #465, 'distance_accuracy_value', 'NONE');
#1712 = CARTESIAN_POINT ( 'NONE',  ( -0.06115529440085630541, -0.1382481391333831022, 0.4989999999999999991 ) ) ;
#1713 = FACE_OUTER_BOUND ( 'NONE', #3490, .T. ) ;
#1714 = CARTESIAN_POINT ( 'NONE',  ( 0.7800000000000001377, 0.4500000000000000111, 0.02000000000000005246 ) ) ;
#1715 = ADVANCED_FACE ( 'NONE', ( #4321 ), #4193, .T. ) ;
#1716 = COLOUR_RGB ( '',0.7686274509803920907, 0.7686274509803920907, 0.7686274509803920907 ) ;
#1717 = CARTESIAN_POINT ( 'NONE',  ( -0.3019673198450402163, -0.1426381237838648397, 0.5000000000000002220 ) ) ;
#1718 = CARTESIAN_POINT ( 'NONE',  ( -0.06820027085351795804, 0.1240940570732347731, 0.4990000000000003322 ) ) ;
#1719 = CARTESIAN_POINT ( 'NONE',  ( -0.2051951004557313885, 0.01598680212136813911, 0.4989999999999998881 ) ) ;
#1720 = VERTEX_POINT ( 'NONE', #1877 ) ;
#1721 = DIRECTION ( 'NONE',  ( -0.7071067811865445751, 0.0000000000000000000, -0.7071067811865504593 ) ) ;
#1722 = CARTESIAN_POINT ( 'NONE',  ( -0.5000000000000001110, -0.4500000000000000111, 0.02000000000000008021 ) ) ;
#1724 = VERTEX_POINT ( 'NONE', #4560 ) ;
#1723 = CARTESIAN_POINT ( 'NONE',  ( 0.1284074591581897407, -0.09407112786315023623, 0.4999999999999994449 ) ) ;
#1725 = FACE_BOUND ( 'NONE', #406, .T. ) ;
#1726 = EDGE_LOOP ( 'NONE', ( #6208, #4183, #5429, #4757 ) ) ;
#1727 = STYLED_ITEM ( 'NONE', ( #574 ), #5003 ) ;
#1728 =( NAMED_UNIT ( * ) SI_UNIT ( $, .STERADIAN. ) SOLID_ANGLE_UNIT ( ) );
#1729 = PRESENTATION_LAYER_ASSIGNMENT (  '', '', ( #4595 ) ) ;
#1731 =( NAMED_UNIT ( * ) PLANE_ANGLE_UNIT ( ) SI_UNIT ( $, .RADIAN. ) );
#1730 = FILL_AREA_STYLE ('',( #3890 ) ) ;
#1732 = CARTESIAN_POINT ( 'NONE',  ( -0.07049117261041198956, -0.1061668116866434364, 0.4989999999999998881 ) ) ;
#1733 = CARTESIAN_POINT ( 'NONE',  ( -0.1499316230490167490, 0.1259820543470730470, 0.4989999999999999991 ) ) ;
#1734 = ORIENTED_EDGE ( 'NONE', *, *, #4871, .T. ) ;
#1735 = EDGE_CURVE ( 'NONE', #1724, #640, #5511, .T. ) ;
#1736 = LINE ( 'NONE', #5807, #6331 ) ;
#1737 = SURFACE_STYLE_USAGE ( .BOTH. , #4350 ) ;
#1738 = CARTESIAN_POINT ( 'NONE',  ( -0.2659484154648971144, 0.1259233261452060160, 0.4990000000000001101 ) ) ;
#1739 = CARTESIAN_POINT ( 'NONE',  ( -0.03385053857078459266, -0.1134818702966850085, 0.4989999999999999991 ) ) ;
#1740 = ORIENTED_EDGE ( 'NONE', *, *, #4086, .F. ) ;
#1741 = EDGE_CURVE ( 'NONE', #2428, #2566, #835, .T. ) ;
#1742 = SURFACE_STYLE_FILL_AREA ( #2211 ) ;
#1743 = CARTESIAN_POINT ( 'NONE',  ( -0.5000000000000001110, -0.4500000000000000111, 0.02000000000000008021 ) ) ;
#1744 = CARTESIAN_POINT ( 'NONE',  ( -0.2958973822571389634, 0.1305661691134283042, 0.5000000000000000000 ) ) ;
#1745 = CARTESIAN_POINT ( 'NONE',  ( 0.3364249969395338713, -0.05063404402353259559, 0.5000000000000000000 ) ) ;
#1746 = VERTEX_POINT ( 'NONE', #308 ) ;
#1747 = CARTESIAN_POINT ( 'NONE',  ( 0.5000000000000002220, -0.4500000000000000111, 5.421010862427522170E-17 ) ) ;
#1748 = CARTESIAN_POINT ( 'NONE',  ( -0.3233642564364211935, -0.08126327182998736853, 0.5000000000000001110 ) ) ;
#1749 = DIRECTION ( 'NONE',  ( -0.0000000000000000000, -0.0000000000000000000, 1.000000000000000000 ) ) ;
#1750 = CARTESIAN_POINT ( 'NONE',  ( 0.3373796179355990632, -0.1243601636632951368, 0.4999999999999998890 ) ) ;
#1751 = CARTESIAN_POINT ( 'NONE',  ( 0.1455159060304428986, 0.009329430002441430406, 0.4999999999999996669 ) ) ;
#1752 = CARTESIAN_POINT ( 'NONE',  ( -0.3269165019221422219, 0.1480251955943655828, 0.4989999999999999991 ) ) ;
#1753 = DIRECTION ( 'NONE',  ( -1.000000000000000000, -0.0000000000000000000, -6.255012533570217206E-16 ) ) ;
#1754 = VERTEX_POINT ( 'NONE', #4041 ) ;
#1755 = CARTESIAN_POINT ( 'NONE',  ( -0.08389143208108815197, 0.02194647836951136091, 0.4989999999999998881 ) ) ;
#1756 = CARTESIAN_POINT ( 'NONE',  ( 0.04816913369018169244, 0.01511299779022749930, 0.5000000000000000000 ) ) ;
#1757 = SURFACE_STYLE_USAGE ( .BOTH. , #4376 ) ;
#1759 = LINE ( 'NONE', #1668, #2549 ) ;
#1758 = CARTESIAN_POINT ( 'NONE',  ( 0.04992046885152458952, -0.03820148929383111042, 0.5000000000000000000 ) ) ;
#1760 = DIRECTION ( 'NONE',  ( 1.000000000000000000, -0.0000000000000000000, -0.0000000000000000000 ) ) ;
#1761 = CARTESIAN_POINT ( 'NONE',  ( 0.08754137409175803686, 0.1628927976262533051, 0.5000000000000000000 ) ) ;
#1762 = EDGE_LOOP ( 'NONE', ( #1267, #4706, #2803, #332 ) ) ;
#1763 = CARTESIAN_POINT ( 'NONE',  ( 0.3245969869290796783, 0.09012366980368406721, 0.4990000000000001101 ) ) ;
#1764 = B_SPLINE_CURVE_WITH_KNOTS ( 'NONE', 3,
 ( #5070, #357, #4572, #979, #6201, #2600, #2558, #6788, #1508, #396, #2501, #6139, #948, #4121, #1439, #3597, #6712, #4055, #4665 ),
 .UNSPECIFIED., .F., .F.,
 ( 4, 1, 1, 1, 1, 1, 1, 1, 1, 1, 1, 1, 1, 1, 1, 1, 4 ),
 ( 0.0000000000000000000, 0.05650241027450737114, 0.1110564464579730515, 0.1655086868080420104, 0.2203290377182243742, 0.2757407885876147491, 0.3332850859044624858, 0.3929748187600228260, 0.4555092167423497873, 0.5194401825455128296, 0.5835877417386593491, 0.6480552408676211185, 0.7143507389482618430, 0.7813227569257552574, 0.8513325106795982533, 0.9237956167459157042, 1.000000000000000000 ),
 .UNSPECIFIED. ) ;
#1765 = CARTESIAN_POINT ( 'NONE',  ( -0.04928928877475188125, 0.08530345597646739331, 0.4989999999999999991 ) ) ;
#1766 = EDGE_CURVE ( 'NONE', #3027, #5904, #999, .T. ) ;
#1767 = CARTESIAN_POINT ( 'NONE',  ( -0.2235001838783507166, 0.1211280232643391352, 0.5000000000000001110 ) ) ;
#1768 =( NAMED_UNIT ( * ) PLANE_ANGLE_UNIT ( ) SI_UNIT ( $, .RADIAN. ) );
#1769 = VERTEX_POINT ( 'NONE', #4623 ) ;
#1770 =( NAMED_UNIT ( * ) SI_UNIT ( $, .STERADIAN. ) SOLID_ANGLE_UNIT ( ) );
#1771 = DIRECTION ( 'NONE',  ( -1.000000000000000000, 0.0000000000000000000, -0.0000000000000000000 ) ) ;
#1772 = CARTESIAN_POINT ( 'NONE',  ( -0.1726041375766127484, 0.04166731379970708277, 0.4989999999999998881 ) ) ;
#1773 =( NAMED_UNIT ( * ) SI_UNIT ( $, .STERADIAN. ) SOLID_ANGLE_UNIT ( ) );
#1774 = CARTESIAN_POINT ( 'NONE',  ( -0.3564615363176407148, -0.07668518716176138394, 0.5000000000000000000 ) ) ;
#1775 = CARTESIAN_POINT ( 'NONE',  ( -0.07886244476807660608, 0.1301235058334676842, 0.5000000000000000000 ) ) ;
#1776 = ORIENTED_EDGE ( 'NONE', *, *, #6006, .F. ) ;
#1777 = CARTESIAN_POINT ( 'NONE',  ( 0.2429185034330403337, 0.08530345597646739331, 0.5000000000000000000 ) ) ;
#1778 = CARTESIAN_POINT ( 'NONE',  ( 0.1061305473559595175, -0.1442419266017315183, 0.5000000000000000000 ) ) ;
#1779 = PLANE ( 'NONE',  #1795 ) ;
#1780 = LINE ( 'NONE', #189, #5507 ) ;
#1782 = ORIENTED_EDGE ( 'NONE', *, *, #5839, .T. ) ;
#1781 = CARTESIAN_POINT ( 'NONE',  ( 0.5000000000000001110, -0.4500000000000000111, 0.02000000000000008021 ) ) ;
#1783 = SURFACE_STYLE_FILL_AREA ( #6475 ) ;
#1784 = CARTESIAN_POINT ( 'NONE',  ( 0.05099427581199099391, -0.1251403243712009838, 0.4999999999999998890 ) ) ;
#1785 = CARTESIAN_POINT ( 'NONE',  ( -0.2437824058907410718, -0.07233360512463153646, 0.5000000000000001110 ) ) ;
#1786 = VERTEX_POINT ( 'NONE', #6705 ) ;
#1787 = CARTESIAN_POINT ( 'NONE',  ( 0.2778895180685271304, 0.006346270382161204801, 0.4990000000000001101 ) ) ;
#1788 = LINE ( 'NONE', #5961, #4820 ) ;
#1789 = CARTESIAN_POINT ( 'NONE',  ( 0.09404602586120566765, 0.1320004655111084446, 0.4989999999999999991 ) ) ;
#1790 = EDGE_CURVE ( 'NONE', #6270, #6485, #2003, .T. ) ;
#1791 = CARTESIAN_POINT ( 'NONE',  ( -0.2363022757877388802, 0.009329430002441428671, 0.4999999999999996669 ) ) ;
#1793 = CARTESIAN_POINT ( 'NONE',  ( 0.3551459902755434994, -0.0007120977253463020877, 0.4999999999999997780 ) ) ;
#1792 = FACE_OUTER_BOUND ( 'NONE', #306, .T. ) ;
#1794 = CARTESIAN_POINT ( 'NONE',  ( 0.1319160947026820907, 0.1071126610619843184, 0.4989999999999998881 ) ) ;
#1795 = AXIS2_PLACEMENT_3D ( 'NONE', #4906, #5951, #2734 ) ;
#1796 = CARTESIAN_POINT ( 'NONE',  ( 0.2716774319857620523, 0.1621794745251139702, 0.5000000000000001110 ) ) ;
#1797 = ORIENTED_EDGE ( 'NONE', *, *, #5960, .T. ) ;
#1798 = CARTESIAN_POINT ( 'NONE',  ( 0.3245724234269249386, 0.08155547187482746485, 0.4989999999999999991 ) ) ;
#1799 = CARTESIAN_POINT ( 'NONE',  ( -0.06166140224020135591, 0.1585856123319077104, 0.4989999999999999991 ) ) ;
#1800 =( LENGTH_UNIT ( ) NAMED_UNIT ( * ) SI_UNIT ( .MILLI., .METRE. ) );
#1801 = CARTESIAN_POINT ( 'NONE',  ( 0.2976493678943431531, 0.006513557708033881205, 0.4990000000000001101 ) ) ;
#1802 = LINE ( 'NONE', #6610, #2614 ) ;
#1803 = VERTEX_POINT ( 'NONE', #5563 ) ;
#1804 = CARTESIAN_POINT ( 'NONE',  ( -0.1419761078960183887, -0.02762834606511720484, 0.4999999999999998890 ) ) ;
#1805 = CARTESIAN_POINT ( 'NONE',  ( 0.1522123346018714740, 0.1315696897427011680, 0.5000000000000000000 ) ) ;
#1806 = SURFACE_SIDE_STYLE ('',( #6308 ) ) ;
#1807 = PRESENTATION_STYLE_ASSIGNMENT (( #2946 ) ) ;
#1808 = AXIS2_PLACEMENT_3D ( 'NONE', #244, #1946, #6491 ) ;
#1809 = CARTESIAN_POINT ( 'NONE',  ( -0.3564615363176407148, -0.07668518716176138394, 0.4989999999999998881 ) ) ;
#1810 = CARTESIAN_POINT ( 'NONE',  ( 0.3247366852512221236, 0.08688624818425959295, 0.5000000000000000000 ) ) ;
#1811 = CARTESIAN_POINT ( 'NONE',  ( 0.3363697923422873659, -0.04850209384204741403, 0.5000000000000000000 ) ) ;
#1812 = CARTESIAN_POINT ( 'NONE',  ( 0.3558547331746577114, 0.08788359136351599210, 0.5000000000000001110 ) ) ;
#1813 = EDGE_CURVE ( 'NONE', #1938, #2779, #1395, .T. ) ;
#1814 = CARTESIAN_POINT ( 'NONE',  ( 0.09699723719927409726, 0.1632255338985452997, 0.4989999999999999991 ) ) ;
#1815 = STYLED_ITEM ( 'NONE', ( #3926 ), #3534 ) ;
#1816 = CARTESIAN_POINT ( 'NONE',  ( -0.1331163991643622702, 0.09924420272971415380, 0.4989999999999999991 ) ) ;
#1817 = FACE_OUTER_BOUND ( 'NONE', #6109, .T. ) ;
#1819 = CARTESIAN_POINT ( 'NONE',  ( 0.3095456496405514790, -0.1409869622471028872, 0.5000000000000001110 ) ) ;
#1818 =( GEOMETRIC_REPRESENTATION_CONTEXT ( 3 ) GLOBAL_UNCERTAINTY_ASSIGNED_CONTEXT ( ( #5667 ) ) GLOBAL_UNIT_ASSIGNED_CONTEXT ( ( #4342, #3853, #1728 ) ) REPRESENTATION_CONTEXT ( 'NONE', 'WORKASPACE' ) );
#1821 = ORIENTED_EDGE ( 'NONE', *, *, #3038, .F. ) ;
#1820 = CARTESIAN_POINT ( 'NONE',  ( 0.3328278946192976817, -0.07585278990650141939, 0.5000000000000002220 ) ) ;
#1822 =( NAMED_UNIT ( * ) SI_UNIT ( $, .STERADIAN. ) SOLID_ANGLE_UNIT ( ) );
#1823 = CARTESIAN_POINT ( 'NONE',  ( 0.01701181253710575686, 0.002408134031030801335, 0.5000000000000001110 ) ) ;
#1824 = CARTESIAN_POINT ( 'NONE',  ( -0.2364647490256541473, -0.007537670874974896143, 0.5000000000000000000 ) ) ;
#1825 = VERTEX_POINT ( 'NONE', #5284 ) ;
#1826 = SURFACE_SIDE_STYLE ('',( #3433 ) ) ;
#1827 = CARTESIAN_POINT ( 'NONE',  ( -0.06284479118741233272, 0.009565090596238730314, 0.4999999999999998890 ) ) ;
#1828 = CARTESIAN_POINT ( 'NONE',  ( 0.3364367618066340659, 0.03452538077226037505, 0.5000000000000002220 ) ) ;
#1829 = AXIS2_PLACEMENT_3D ( 'NONE', #59, #4300, #3777 ) ;
#1831 = CARTESIAN_POINT ( 'NONE',  ( 0.01701181253710575686, 0.002408134031030801335, 0.4990000000000001101 ) ) ;
#1830 = CARTESIAN_POINT ( 'NONE',  ( 0.06173972130111085588, -0.08839569932422397525, 0.4990000000000001101 ) ) ;
#1832 = FILL_AREA_STYLE_COLOUR ( '', #1152 ) ;
#1833 = CARTESIAN_POINT ( 'NONE',  ( -0.2826005251705398513, -0.1133400795675549161, 0.4990000000000001101 ) ) ;
#1834 = ORIENTED_EDGE ( 'NONE', *, *, #5026, .T. ) ;
#1835 = EDGE_CURVE ( 'NONE', #415, #1938, #1995, .T. ) ;
#1836 = CARTESIAN_POINT ( 'NONE',  ( -0.01955324486174004478, -0.003122570958754485818, 0.5000000000000000000 ) ) ;
#1837 = CARTESIAN_POINT ( 'NONE',  ( -0.1014327361552884998, -0.1122657597085535419, 0.4999999999999998890 ) ) ;
#1838 = VECTOR ( 'NONE', #4815, 1000.000000000000000 ) ;
#1839 = CARTESIAN_POINT ( 'NONE',  ( -0.08709367189163499945, 0.1632255338985452997, 0.4989999999999999991 ) ) ;
#1840 = CARTESIAN_POINT ( 'NONE',  ( 0.1766847371992740501, 0.009207676755688173204, 0.4989999999999999991 ) ) ;
#1841 = SURFACE_STYLE_FILL_AREA ( #2308 ) ;
#1842 = B_SPLINE_CURVE_WITH_KNOTS ( 'NONE', 3,
 ( #5004, #3459, #220, #1291, #2458, #1437, #5470, #6501, #6582, #2864, #4570, #4053, #1329, #4966, #5541, #6138, #5504, #810, #4425 ),
 .UNSPECIFIED., .F., .F.,
 ( 4, 1, 1, 1, 1, 1, 1, 1, 1, 1, 1, 1, 1, 1, 1, 1, 4 ),
 ( 0.0000000000000000000, 0.1206795854909985255, 0.2305338289379845751, 0.3309550632170780160, 0.4208116729085197294, 0.5011270243297456517, 0.5713493660207026315, 0.6332246655567607130, 0.6858987127109708037, 0.7331104517484663408, 0.7764365142131891551, 0.8173386407956978461, 0.8554870737933412128, 0.8921333757432465816, 0.9276904481916804501, 0.9634616402638018773, 1.000000000000000000 ),
 .UNSPECIFIED. ) ;
#1843 = UNCERTAINTY_MEASURE_WITH_UNIT (LENGTH_MEASURE( 1.000000000000000082E-05 ), #2246, 'distance_accuracy_value', 'NONE');
#1844 = CARTESIAN_POINT ( 'NONE',  ( 0.3663001156338724362, -0.03172822984085784531, 0.4999999999999998890 ) ) ;
#1845 = ORIENTED_EDGE ( 'NONE', *, *, #1870, .T. ) ;
#1846 = CARTESIAN_POINT ( 'NONE',  ( -0.1426511543744757582, -0.03450775511180902144, 0.5000000000000000000 ) ) ;
#1847 = CARTESIAN_POINT ( 'NONE',  ( -0.5200000000000001288, -0.4500000000000000111, 0.4800000000000000377 ) ) ;
#1848 = DIRECTION ( 'NONE',  ( -2.168404344971008868E-16, 0.0000000000000000000, 1.000000000000000000 ) ) ;
#1849 = FILL_AREA_STYLE ('',( #5433 ) ) ;
#1850 = CARTESIAN_POINT ( 'NONE',  ( 0.3222676577043134261, 0.1052069939248923558, 0.5000000000000001110 ) ) ;
#1851 = CARTESIAN_POINT ( 'NONE',  ( 0.1284610245951137986, 0.1554630555548099091, 0.5000000000000001110 ) ) ;
#1852 = FILL_AREA_STYLE ('',( #3840 ) ) ;
#1853 =( LENGTH_UNIT ( ) NAMED_UNIT ( * ) SI_UNIT ( .MILLI., .METRE. ) );
#1854 = LINE ( 'NONE', #6064, #427 ) ;
#1855 = FILL_AREA_STYLE_COLOUR ( '', #2695 ) ;
#1856 = CARTESIAN_POINT ( 'NONE',  ( 0.2830085967299088567, 0.007231071425119181550, 0.5000000000000001110 ) ) ;
#1857 = EDGE_CURVE ( 'NONE', #6210, #2339, #434, .T. ) ;
#1858 = FACE_BOUND ( 'NONE', #2363, .T. ) ;
#1860 = ORIENTED_EDGE ( 'NONE', *, *, #3786, .F. ) ;
#1859 = SURFACE_STYLE_USAGE ( .BOTH. , #328 ) ;
#1861 = SURFACE_STYLE_FILL_AREA ( #1300 ) ;
#1862 = CARTESIAN_POINT ( 'NONE',  ( -0.3033505627856261655, 0.1610319621919648336, 0.4989999999999997771 ) ) ;
#1863 = CARTESIAN_POINT ( 'NONE',  ( 0.5399999999999999245, -0.3499999999999999778, 0.5000000000000000000 ) ) ;
#1864 = ORIENTED_EDGE ( 'NONE', *, *, #6665, .T. ) ;
#1865 = MECHANICAL_DESIGN_GEOMETRIC_PRESENTATION_REPRESENTATION (  '', ( #3517 ), #4282 ) ;
#1866 = CARTESIAN_POINT ( 'NONE',  ( 0.7800000000000001377, -0.4500000000000000111, 0.4800000000000001488 ) ) ;
#1867 = CARTESIAN_POINT ( 'NONE',  ( 0.06511260406557133062, 0.1126452988202986533, 0.4989999999999998881 ) ) ;
#1868 = CARTESIAN_POINT ( 'NONE',  ( 0.4999999999999998890, -0.4500000000000000111, 0.5000000000000000000 ) ) ;
#1869 = COLOUR_RGB ( '',0.7686274509803920907, 0.7686274509803920907, 0.7686274509803920907 ) ;
#1870 = EDGE_CURVE ( 'NONE', #5444, #5312, #4246, .T. ) ;
#1871 = CARTESIAN_POINT ( 'NONE',  ( -0.1243899155541010465, 0.009551084425757541685, 0.4990000000000001101 ) ) ;
#1872 = CARTESIAN_POINT ( 'NONE',  ( 0.1402911194767788861, 0.08147344827127318834, 0.5000000000000004441 ) ) ;
#1873 = CARTESIAN_POINT ( 'NONE',  ( 0.01694447745901434682, 0.009207676755688173204, 0.5000000000000000000 ) ) ;
#1874 = VERTEX_POINT ( 'NONE', #1530 ) ;
#1875 = CARTESIAN_POINT ( 'NONE',  ( 0.04995157908639732969, 0.05650933887673413591, 0.4999999999999998890 ) ) ;
#1876 =( NAMED_UNIT ( * ) SI_UNIT ( $, .STERADIAN. ) SOLID_ANGLE_UNIT ( ) );
#1877 = CARTESIAN_POINT ( 'NONE',  ( 0.2662951268096636070, 0.003241767664779093751, 0.4989999999999999991 ) ) ;
#1879 = CARTESIAN_POINT ( 'NONE',  ( 0.3353546827547342346, 0.1410725525787588364, 0.4989999999999998881 ) ) ;
#1878 = DIRECTION ( 'NONE',  ( -0.7071067811865436870, 0.0000000000000000000, 0.7071067811865513475 ) ) ;
#1880 = FILL_AREA_STYLE_COLOUR ( '', #2892 ) ;
#1881 = CARTESIAN_POINT ( 'NONE',  ( 0.2475059231518024205, -0.08569831101236836945, 0.4989999999999999991 ) ) ;
#1882 = VERTEX_POINT ( 'NONE', #2545 ) ;
#1883 = CARTESIAN_POINT ( 'NONE',  ( -0.1281752457949398849, 0.005512409362681918584, 0.4989999999999999991 ) ) ;
#1884 = CARTESIAN_POINT ( 'NONE',  ( 0.1120823689281718188, -0.1099751125284872399, 0.4989999999999998881 ) ) ;
#1885 = CARTESIAN_POINT ( 'NONE',  ( -0.1128763802304540154, 0.04872913097939027272, 0.5000000000000001110 ) ) ;
#1886 = CARTESIAN_POINT ( 'NONE',  ( 0.5000000000000002220, 0.4500000000000000111, 5.421010862427522170E-17 ) ) ;
#1887 = LINE ( 'NONE', #3387, #6735 ) ;
#1888 = CARTESIAN_POINT ( 'NONE',  ( -0.06820027085351795804, 0.1240940570732347731, 0.4990000000000003322 ) ) ;
#1889 = CARTESIAN_POINT ( 'NONE',  ( -0.2051334446189077287, 0.009207676755688173204, 0.5000000000000000000 ) ) ;
#1890 = LINE ( 'NONE', #1816, #1615 ) ;
#1891 = CARTESIAN_POINT ( 'NONE',  ( -0.7800000000000001377, 0.4500000000000000111, 0.02000000000000005246 ) ) ;
#1893 = ORIENTED_EDGE ( 'NONE', *, *, #644, .T. ) ;
#1892 = FILL_AREA_STYLE ('',( #6590 ) ) ;
#1894 = CARTESIAN_POINT ( 'NONE',  ( -0.4999999999999998890, -0.4500000000000000111, 0.5000000000000000000 ) ) ;
#1895 = CARTESIAN_POINT ( 'NONE',  ( 0.01714134063699647090, -0.01067170301994723770, 0.5000000000000002220 ) ) ;
#1896 = CARTESIAN_POINT ( 'NONE',  ( 0.5000000000000001110, -0.4500000000000000111, 0.02000000000000008021 ) ) ;
#1897 = ORIENTED_EDGE ( 'NONE', *, *, #3337, .F. ) ;
#1898 = FACE_OUTER_BOUND ( 'NONE', #3533, .T. ) ;
#1899 = CARTESIAN_POINT ( 'NONE',  ( -0.07487820363944150404, 0.01865343052554902306, 0.4989999999999999991 ) ) ;
#1900 = CARTESIAN_POINT ( 'NONE',  ( 0.07769853490486751391, -0.1072325499370980484, 0.4990000000000001101 ) ) ;
#1901 = CARTESIAN_POINT ( 'NONE',  ( 0.3675341269201432004, -0.05366143046762134050, 0.4989999999999999991 ) ) ;
#1902 = ORIENTED_EDGE ( 'NONE', *, *, #6569, .F. ) ;
#1903 = MECHANICAL_DESIGN_GEOMETRIC_PRESENTATION_REPRESENTATION (  '', ( #4441 ), #6615 ) ;
#1904 = CARTESIAN_POINT ( 'NONE',  ( -0.1427512792379188877, -0.04426396396019122159, 0.4999999999999998890 ) ) ;
#1905 = MECHANICAL_DESIGN_GEOMETRIC_PRESENTATION_REPRESENTATION (  '', ( #1014 ), #568 ) ;
#1906 = DIRECTION ( 'NONE',  ( -0.0000000000000000000, -0.0000000000000000000, 1.000000000000000000 ) ) ;
#1908 = DIRECTION ( 'NONE',  ( -1.000000000000000000, -1.355252715606880937E-15, 6.255012533570220164E-16 ) ) ;
#1907 = CARTESIAN_POINT ( 'NONE',  ( 0.2439763963613674203, -0.1315584560049569141, 0.5000000000000000000 ) ) ;
#1909 =( GEOMETRIC_REPRESENTATION_CONTEXT ( 3 ) GLOBAL_UNCERTAINTY_ASSIGNED_CONTEXT ( ( #1211 ) ) GLOBAL_UNIT_ASSIGNED_CONTEXT ( ( #3925, #3013, #4610 ) ) REPRESENTATION_CONTEXT ( 'NONE', 'WORKASPACE' ) );
#1910 = CARTESIAN_POINT ( 'NONE',  ( 0.3067673715668215451, 0.003529839590780302610, 0.4989999999999999991 ) ) ;
#1911 = UNCERTAINTY_MEASURE_WITH_UNIT (LENGTH_MEASURE( 1.000000000000000082E-05 ), #769, 'distance_accuracy_value', 'NONE');
#1912 = FILL_AREA_STYLE_COLOUR ( '', #302 ) ;
#1913 = VERTEX_POINT ( 'NONE', #487 ) ;
#1914 = CARTESIAN_POINT ( 'NONE',  ( 0.2783454956115668510, 0.1630408072773828765, 0.4989999999999997771 ) ) ;
#1915 = CARTESIAN_POINT ( 'NONE',  ( -0.2429209485894245346, -0.1294007604797804967, 0.4989999999999998881 ) ) ;
#1916 =( GEOMETRIC_REPRESENTATION_CONTEXT ( 3 ) GLOBAL_UNCERTAINTY_ASSIGNED_CONTEXT ( ( #5063 ) ) GLOBAL_UNIT_ASSIGNED_CONTEXT ( ( #5404, #602, #4274 ) ) REPRESENTATION_CONTEXT ( 'NONE', 'WORKASPACE' ) );
#1917 = SURFACE_STYLE_USAGE ( .BOTH. , #911 ) ;
#1918 = CARTESIAN_POINT ( 'NONE',  ( -0.3337048731903362597, 0.009329430002441428671, 0.4999999999999997780 ) ) ;
#1919 = MECHANICAL_DESIGN_GEOMETRIC_PRESENTATION_REPRESENTATION (  '', ( #1012 ), #3779 ) ;
#1920 = CARTESIAN_POINT ( 'NONE',  ( 0.2453807628081863534, -0.08042007651395317869, 0.4990000000000001101 ) ) ;
#1921 = EDGE_CURVE ( 'NONE', #5991, #3713, #6736, .T. ) ;
#1922 = FACE_OUTER_BOUND ( 'NONE', #2126, .T. ) ;
#1923 = CARTESIAN_POINT ( 'NONE',  ( 0.0000000000000000000, 0.4500000000000000111, 0.0000000000000000000 ) ) ;
#1924 = CARTESIAN_POINT ( 'NONE',  ( 0.5000000000000001110, -0.4500000000000000111, 0.02000000000000008021 ) ) ;
#1925 = CARTESIAN_POINT ( 'NONE',  ( 0.2429185034330403337, 0.08530345597646739331, 0.4989999999999999991 ) ) ;
#1927 = VERTEX_POINT ( 'NONE', #2036 ) ;
#1926 = PLANE ( 'NONE',  #3317 ) ;
#1928 = CARTESIAN_POINT ( 'NONE',  ( 0.3060645996193978036, 0.1602580953792397123, 0.4989999999999999991 ) ) ;
#1929 = CARTESIAN_POINT ( 'NONE',  ( -0.2499020871154995771, 0.1071126610619843184, 0.5000000000000000000 ) ) ;
#1930 = CARTESIAN_POINT ( 'NONE',  ( 0.07846761903255547455, 0.1610319621919648336, 0.4989999999999997771 ) ) ;
#1931 = VERTEX_POINT ( 'NONE', #6285 ) ;
#1932 = CARTESIAN_POINT ( 'NONE',  ( 0.09663197745901434821, -0.1445666738936624285, 0.4989999999999999991 ) ) ;
#1933 = CARTESIAN_POINT ( 'NONE',  ( -0.05428504276012994373, 0.1045052147427460859, 0.5000000000000001110 ) ) ;
#1934 = CARTESIAN_POINT ( 'NONE',  ( 0.3538632957465710493, 0.06581930842574325313, 0.4990000000000001101 ) ) ;
#1935 = VECTOR ( 'NONE', #3339, 1000.000000000000000 ) ;
#1936 = LINE ( 'NONE', #3437, #31 ) ;
#1937 = CARTESIAN_POINT ( 'NONE',  ( 0.08717689821401870820, -0.1119027074789025605, 0.4999999999999998890 ) ) ;
#1938 = VERTEX_POINT ( 'NONE', #3170 ) ;
#1939 = LINE ( 'NONE', #3482, #3591 ) ;
#1940 =( GEOMETRIC_REPRESENTATION_CONTEXT ( 3 ) GLOBAL_UNCERTAINTY_ASSIGNED_CONTEXT ( ( #5192 ) ) GLOBAL_UNIT_ASSIGNED_CONTEXT ( ( #1207, #2819, #1876 ) ) REPRESENTATION_CONTEXT ( 'NONE', 'WORKASPACE' ) );
#1941 = CARTESIAN_POINT ( 'NONE',  ( 0.1447976813181776623, -0.02343912402562272138, 0.5000000000000000000 ) ) ;
#1942 = MECHANICAL_DESIGN_GEOMETRIC_PRESENTATION_REPRESENTATION (  '', ( #2254 ), #836 ) ;
#1943 = CARTESIAN_POINT ( 'NONE',  ( 0.2274285506810414248, -0.1152893637030046881, 0.4989999999999998881 ) ) ;
#1944 = EDGE_CURVE ( 'NONE', #3393, #907, #5694, .T. ) ;
#1945 = CARTESIAN_POINT ( 'NONE',  ( 0.3150460716643635473, -0.001526266518734293014, 0.5000000000000001110 ) ) ;
#1946 = DIRECTION ( 'NONE',  ( 0.9939670467920691532, -0.1096791224046432672, 0.0000000000000000000 ) ) ;
#1947 = EDGE_LOOP ( 'NONE', ( #2258, #4989, #2607, #5835 ) ) ;
#1948 = CARTESIAN_POINT ( 'NONE',  ( -0.1316230809123281054, 0.0009777135264554441887, 0.4989999999999999991 ) ) ;
#1949 = CARTESIAN_POINT ( 'NONE',  ( 0.1753608931185316466, 0.04796610769487739262, 0.5000000000000002220 ) ) ;
#1950 = CARTESIAN_POINT ( 'NONE',  ( 0.3297621494405061915, 0.02861554773518767275, 0.4989999999999998881 ) ) ;
#1951 = CARTESIAN_POINT ( 'NONE',  ( -0.1128763802304540154, 0.04872913097939027272, 0.4990000000000001101 ) ) ;
#1953 = DIRECTION ( 'NONE',  ( 1.355252715606880937E-15, -1.000000000000000000, 0.0000000000000000000 ) ) ;
#1952 = MECHANICAL_DESIGN_GEOMETRIC_PRESENTATION_REPRESENTATION (  '', ( #3369 ), #2171 ) ;
#1954 = CARTESIAN_POINT ( 'NONE',  ( 0.1414126928393119043, 0.1454899260265474781, 0.5000000000000001110 ) ) ;
#1955 =( LENGTH_UNIT ( ) NAMED_UNIT ( * ) SI_UNIT ( .MILLI., .METRE. ) );
#1956 = SURFACE_SIDE_STYLE ('',( #980 ) ) ;
#1957 = CARTESIAN_POINT ( 'NONE',  ( -0.1365651668096289628, 0.09161366388488272061, 0.4990000000000001101 ) ) ;
#1958 = PLANE ( 'NONE',  #5845 ) ;
#1959 = FILL_AREA_STYLE_COLOUR ( '', #4322 ) ;
#1960 =( NAMED_UNIT ( * ) PLANE_ANGLE_UNIT ( ) SI_UNIT ( $, .RADIAN. ) );
#1961 = APPLICATION_CONTEXT ( 'automotive_design' ) ;
#1962 = ORIENTED_EDGE ( 'NONE', *, *, #1835, .T. ) ;
#1963 = CARTESIAN_POINT ( 'NONE',  ( 0.3443711126752302398, 0.1292584809437076487, 0.4989999999999998881 ) ) ;
#1964 = CARTESIAN_POINT ( 'NONE',  ( -0.09360747059293371419, 0.02296579363880507305, 0.4989999999999999991 ) ) ;
#1965 = ORIENTED_EDGE ( 'NONE', *, *, #6088, .T. ) ;
#1966 = CARTESIAN_POINT ( 'NONE',  ( 0.2652519025519834983, 0.1607224679713675219, 0.5000000000000000000 ) ) ;
#1967 = CARTESIAN_POINT ( 'NONE',  ( -0.3304901077296611422, 0.06946465380086948305, 0.4990000000000001101 ) ) ;
#1968 = CARTESIAN_POINT ( 'NONE',  ( 0.1766230813624503349, 0.01598680212136813564, 0.5000000000000000000 ) ) ;
#1969 = VECTOR ( 'NONE', #5193, 1000.000000000000000 ) ;
#1970 = CARTESIAN_POINT ( 'NONE',  ( -0.2665836329051506914, -0.1423550100507636196, 0.4990000000000001101 ) ) ;
#1971 = CARTESIAN_POINT ( 'NONE',  ( 0.2883569717858376902, -0.1444813990183582975, 0.4989999999999999991 ) ) ;
#1972 = EDGE_LOOP ( 'NONE', ( #4793, #5377, #2838, #4926 ) ) ;
#1973 = CARTESIAN_POINT ( 'NONE',  ( 0.2701912307057675600, 0.03855020922322065918, 0.5000000000000000000 ) ) ;
#1974 = MECHANICAL_DESIGN_GEOMETRIC_PRESENTATION_REPRESENTATION (  '', ( #976 ), #1090 ) ;
#1975 = CARTESIAN_POINT ( 'NONE',  ( -0.04878580912739297060, -0.07279567428777417026, 0.4990000000000001101 ) ) ;
#1977 = CARTESIAN_POINT ( 'NONE',  ( 0.3508632112217692778, 0.1159651543740381069, 0.4989999999999999991 ) ) ;
#1976 = FILL_AREA_STYLE_COLOUR ( '', #3228 ) ;
#1978 = CARTESIAN_POINT ( 'NONE',  ( 0.01694447745901434682, 0.009207676755688173204, 0.5000000000000006661 ) ) ;
#1979 = UNCERTAINTY_MEASURE_WITH_UNIT (LENGTH_MEASURE( 1.000000000000000082E-05 ), #3585, 'distance_accuracy_value', 'NONE');
#1980 = EDGE_LOOP ( 'NONE', ( #3405, #6429, #6535, #3049 ) ) ;
#1981 = CARTESIAN_POINT ( 'NONE',  ( -0.2296058472163103048, 0.1315696897427011680, 0.4989999999999999991 ) ) ;
#1982 = CARTESIAN_POINT ( 'NONE',  ( -0.2381203520456223743, 0.05696043528673250256, 0.4989999999999998881 ) ) ;
#1983 =( NAMED_UNIT ( * ) SI_UNIT ( $, .STERADIAN. ) SOLID_ANGLE_UNIT ( ) );
#1984 =( LENGTH_UNIT ( ) NAMED_UNIT ( * ) SI_UNIT ( .MILLI., .METRE. ) );
#1985 = CARTESIAN_POINT ( 'NONE',  ( 0.3290870202938867006, 0.02179582990934207654, 0.4989999999999999991 ) ) ;
#1986 = CARTESIAN_POINT ( 'NONE',  ( 0.3617224939110490478, -0.08801873445203817203, 0.4989999999999998881 ) ) ;
#1987 = EDGE_LOOP ( 'NONE', ( #1240, #1704, #971, #6082 ) ) ;
#1988 = B_SPLINE_CURVE_WITH_KNOTS ( 'NONE', 3,
 ( #4184, #3697, #4018, #2652, #38, #5670, #5700, #6776, #972, #2044, #321, #4216, #528, #6100, #2081, #5160, #6743, #6229, #1003 ),
 .UNSPECIFIED., .F., .F.,
 ( 4, 1, 1, 1, 1, 1, 1, 1, 1, 1, 1, 1, 1, 1, 1, 1, 4 ),
 ( 0.0000000000000000000, 0.06902920906508000498, 0.1346993240536253633, 0.1988559608464686712, 0.2606364792733572022, 0.3203848517568058107, 0.3807684640046165581, 0.4403355362210262247, 0.5007887664258683369, 0.5611226023794653184, 0.6214315347797856326, 0.6808572132716933512, 0.7405200403933588360, 0.8018025175909059277, 0.8653663620122249434, 0.9309403307913851622, 1.000000000000000000 ),
 .UNSPECIFIED. ) ;
#1989 = CARTESIAN_POINT ( 'NONE',  ( 0.2748787307057675711, 0.03812407285958428066, 0.5000000000000000000 ) ) ;
#1990 = SURFACE_SIDE_STYLE ('',( #6697 ) ) ;
#1991 = ORIENTED_EDGE ( 'NONE', *, *, #3629, .T. ) ;
#1992 = CARTESIAN_POINT ( 'NONE',  ( 0.2122600413633260463, 0.09216980615027650647, 0.4990000000000001101 ) ) ;
#1993 =( LENGTH_UNIT ( ) NAMED_UNIT ( * ) SI_UNIT ( .MILLI., .METRE. ) );
#1994 = EDGE_CURVE ( 'NONE', #2060, #5000, #4281, .T. ) ;
#1995 = B_SPLINE_CURVE_WITH_KNOTS ( 'NONE', 3,
 ( #551, #5664, #5732, #5767, #5799, #967, #4208, #2140, #5222, #577, #4142, #4751, #6321, #1033, #4177, #5154, #2175, #2108, #3689 ),
 .UNSPECIFIED., .F., .F.,
 ( 4, 1, 1, 1, 1, 1, 1, 1, 1, 1, 1, 1, 1, 1, 1, 1, 4 ),
 ( 0.0000000000000000000, 0.04755121583628214854, 0.09352634850642431441, 0.1389643554157364291, 0.1844539540987080728, 0.2307612046270179629, 0.2788812116749724845, 0.3288932006633014660, 0.3820458000213388106, 0.4386923170974818542, 0.5002324700975415706, 0.5671108590938555016, 0.6402514135231450743, 0.7196105714935134845, 0.8060760814109412253, 0.8992449703907864356, 1.000000000000000000 ),
 .UNSPECIFIED. ) ;
#1996 =( NAMED_UNIT ( * ) PLANE_ANGLE_UNIT ( ) SI_UNIT ( $, .RADIAN. ) );
#1997 = CARTESIAN_POINT ( 'NONE',  ( 0.08717689821401870820, -0.1119027074789025605, 0.4989999999999999991 ) ) ;
#1998 = CARTESIAN_POINT ( 'NONE',  ( -0.2250814264074227911, -0.1052760647850525394, 0.5000000000000002220 ) ) ;
#1999 = CARTESIAN_POINT ( 'NONE',  ( 0.3221189904460273201, 0.02393981961283103005, 0.5000000000000000000 ) ) ;
#2000 = VERTEX_POINT ( 'NONE', #33 ) ;
#2001 = CARTESIAN_POINT ( 'NONE',  ( 0.3250707225168737446, -0.09147717363773477661, 0.4989999999999998881 ) ) ;
#2002 = ADVANCED_FACE ( 'NONE', ( #522 ), #3576, .T. ) ;
#2003 = LINE ( 'NONE', #2961, #1357 ) ;
#2005 = CARTESIAN_POINT ( 'NONE',  ( -0.08868093930256329416, 0.02286057238889035309, 0.5000000000000002220 ) ) ;
#2004 = DIRECTION ( 'NONE',  ( -0.0000000000000000000, 1.000000000000000000, -0.0000000000000000000 ) ) ;
#2006 = FACE_OUTER_BOUND ( 'NONE', #6595, .T. ) ;
#2007 = CARTESIAN_POINT ( 'NONE',  ( 0.3247366852512221236, 0.08688624818425959295, 0.5000000000000000000 ) ) ;
#2008 = ORIENTED_EDGE ( 'NONE', *, *, #1944, .T. ) ;
#2009 = B_SPLINE_CURVE_WITH_KNOTS ( 'NONE', 3,
 ( #3225, #6372, #3190, #5305, #85, #4270, #2192, #3841, #1685, #6436, #4397, #5885, #2251, #1654, #5851, #3775, #4364, #3319, #3742 ),
 .UNSPECIFIED., .F., .F.,
 ( 4, 1, 1, 1, 1, 1, 1, 1, 1, 1, 1, 1, 1, 1, 1, 1, 4 ),
 ( 0.0000000000000000000, 0.04461140070214173609, 0.08771103364401504343, 0.1305519678448845700, 0.1734812435493595373, 0.2172750310008216834, 0.2633226479506833306, 0.3118589299127199066, 0.3634664861580829132, 0.4194362964783542314, 0.4808868625215614867, 0.5492072408141098760, 0.6242104105436929729, 0.7063843999137413565, 0.7964922683424537908, 0.8942066700976123439, 1.000000000000000000 ),
 .UNSPECIFIED. ) ;
#2010 =( LENGTH_UNIT ( ) NAMED_UNIT ( * ) SI_UNIT ( .MILLI., .METRE. ) );
#2011 =( GEOMETRIC_REPRESENTATION_CONTEXT ( 3 ) GLOBAL_UNCERTAINTY_ASSIGNED_CONTEXT ( ( #6492 ) ) GLOBAL_UNIT_ASSIGNED_CONTEXT ( ( #3499, #6031, #5076 ) ) REPRESENTATION_CONTEXT ( 'NONE', 'WORKASPACE' ) );
#2012 = AXIS2_PLACEMENT_3D ( 'NONE', #3846, #2735, #3814 ) ;
#2013 = CARTESIAN_POINT ( 'NONE',  ( -0.08727630176176488785, 0.05413462480763622103, 0.4989999999999999991 ) ) ;
#2014 = DIRECTION ( 'NONE',  ( -0.0000000000000000000, -0.0000000000000000000, 1.000000000000000000 ) ) ;
#2015 = CARTESIAN_POINT ( 'NONE',  ( -0.1739646134500765495, 0.001598098833610248591, 0.5000000000000000000 ) ) ;
#2016 = SURFACE_STYLE_USAGE ( .BOTH. , #4607 ) ;
#2017 = LINE ( 'NONE', #3462, #4501 ) ;
#2018 =( GEOMETRIC_REPRESENTATION_CONTEXT ( 3 ) GLOBAL_UNCERTAINTY_ASSIGNED_CONTEXT ( ( #5803 ) ) GLOBAL_UNIT_ASSIGNED_CONTEXT ( ( #2603, #5711, #2533 ) ) REPRESENTATION_CONTEXT ( 'NONE', 'WORKASPACE' ) );
#2019 = FILL_AREA_STYLE_COLOUR ( '', #6631 ) ;
#2020 = CARTESIAN_POINT ( 'NONE',  ( 0.3244779373760778851, 0.02321399638308999785, 0.5000000000000001110 ) ) ;
#2021 = PRESENTATION_STYLE_ASSIGNMENT (( #5237 ) ) ;
#2022 = VERTEX_POINT ( 'NONE', #5862 ) ;
#2023 = ADVANCED_FACE ( 'NONE', ( #160 ), #1503, .T. ) ;
#2024 = B_SPLINE_CURVE_WITH_KNOTS ( 'NONE', 3,
 ( #5522, #710, #3328, #266, #5017, #4914, #4945, #334, #1867, #5996, #1344, #2297, #3921, #3955, #6596, #4407, #4980, #299, #1306 ),
 .UNSPECIFIED., .F., .F.,
 ( 4, 1, 1, 1, 1, 1, 1, 1, 1, 1, 1, 1, 1, 1, 1, 1, 4 ),
 ( 0.0000000000000000000, 0.03481888132959226612, 0.06891955580719819063, 0.1034513888417891714, 0.1390496088211285730, 0.1771753219263879353, 0.2179403376185281849, 0.2619036500779327037, 0.3097653282277579856, 0.3632138529075507050, 0.4256205765081693126, 0.4969126734317582672, 0.5776735780836567136, 0.6680265813160587429, 0.7686823766893838838, 0.8792939339028131851, 0.9999999999999998890 ),
 .UNSPECIFIED. ) ;
#2025 = CARTESIAN_POINT ( 'NONE',  ( 0.3301217493159399052, 0.1462769257909473097, 0.4990000000000001101 ) ) ;
#2026 = SURFACE_STYLE_USAGE ( .BOTH. , #1990 ) ;
#2027 = ORIENTED_EDGE ( 'NONE', *, *, #4964, .T. ) ;
#2028 = CARTESIAN_POINT ( 'NONE',  ( 0.2421944895258539843, 0.1489688951184660048, 0.4990000000000002212 ) ) ;
#2029 = CARTESIAN_POINT ( 'NONE',  ( 0.1202422743420233642, 0.1223699634770310379, 0.5000000000000000000 ) ) ;
#2030 = CARTESIAN_POINT ( 'NONE',  ( 0.2501612911934534833, -0.1355907400129581775, 0.4999999999999998890 ) ) ;
#2031 = CARTESIAN_POINT ( 'NONE',  ( -0.3648737043591674389, 0.009207676755688173204, 0.4989999999999999991 ) ) ;
#2032 =( LENGTH_UNIT ( ) NAMED_UNIT ( * ) SI_UNIT ( .MILLI., .METRE. ) );
#2033 = EDGE_LOOP ( 'NONE', ( #1549, #4951, #4675, #2842, #5899 ) ) ;
#2034 = FILL_AREA_STYLE_COLOUR ( '', #2250 ) ;
#2035 = PRESENTATION_LAYER_ASSIGNMENT (  '', '', ( #1815 ) ) ;
#2036 = CARTESIAN_POINT ( 'NONE',  ( 0.5399999999999999245, -0.4500000000000000111, 0.5000000000000000000 ) ) ;
#2038 = CARTESIAN_POINT ( 'NONE',  ( -0.1156066210884872658, -0.1400183445290425766, 0.4989999999999998881 ) ) ;
#2037 = CARTESIAN_POINT ( 'NONE',  ( 0.2078535683681052015, -0.05885238817937674116, 0.5000000000000000000 ) ) ;
#2039 = EDGE_CURVE ( 'NONE', #1720, #5918, #1936, .T. ) ;
#2040 = CARTESIAN_POINT ( 'NONE',  ( 0.07846761903255547455, 0.1610319621919648336, 0.4989999999999997771 ) ) ;
#2041 = VECTOR ( 'NONE', #6005, 1000.000000000000000 ) ;
#2042 = CARTESIAN_POINT ( 'NONE',  ( -0.04539318487864799773, -0.04387673882872740461, 0.4999999999999998890 ) ) ;
#2043 = ORIENTED_EDGE ( 'NONE', *, *, #3957, .T. ) ;
#2044 = CARTESIAN_POINT ( 'NONE',  ( 0.3109181898562857205, 0.05132791782895893690, 0.4989999999999999991 ) ) ;
#2045 = CARTESIAN_POINT ( 'NONE',  ( 0.08812481905566757479, -0.1442473685166454911, 0.4989999999999997771 ) ) ;
#2046 = B_SPLINE_SURFACE_WITH_KNOTS ( 'NONE', 3, 1, ( 
 ( #2689, #1005 ),
 ( #1504, #3209 ),
 ( #3699, #4761 ),
 ( #464, #6293 ),
 ( #40, #2149 ),
 ( #5197, #6780 ),
 ( #1537, #3590 ),
 ( #2553, #1605 ),
 ( #1041, #4659 ),
 ( #3145, #6747 ),
 ( #4257, #6330 ),
 ( #1642, #1108 ),
 ( #2083, #2182 ),
 ( #2749, #2208 ),
 ( #5838, #618 ),
 ( #76, #3795 ),
 ( #1798, #4795 ),
 ( #168, #3895 ),
 ( #721, #2274 ) ),
 .UNSPECIFIED., .F., .F., .F.,
 ( 4, 1, 1, 1, 1, 1, 1, 1, 1, 1, 1, 1, 1, 1, 1, 1, 4 ),
 ( 2, 2 ),
 ( 0.0000000000000000000, 0.06902920906508000498, 0.1346993240536253633, 0.1988559608464686712, 0.2606364792733572022, 0.3203848517568058107, 0.3807684640046165581, 0.4403355362210262247, 0.5007887664258683369, 0.5611226023794653184, 0.6214315347797856326, 0.6808572132716933512, 0.7405200403933588360, 0.8018025175909059277, 0.8653663620122249434, 0.9309403307913851622, 1.000000000000000000 ),
 ( 0.0000000000000000000, 1.000000000000000000 ),
 .UNSPECIFIED. ) ;
#2047 = FILL_AREA_STYLE_COLOUR ( '', #701 ) ;
#2048 = CARTESIAN_POINT ( 'NONE',  ( -0.05969910234986933878, 0.04766969808200259562, 0.4989999999999998881 ) ) ;
#2049 = LINE ( 'NONE', #3557, #3555 ) ;
#2050 = CARTESIAN_POINT ( 'NONE',  ( -0.01848413692321566534, 0.09212834486979555593, 0.4989999999999999991 ) ) ;
#2051 = UNCERTAINTY_MEASURE_WITH_UNIT (LENGTH_MEASURE( 1.000000000000000082E-05 ), #2912, 'distance_accuracy_value', 'NONE');
#2052 = COLOUR_RGB ( '',0.7686274509803920907, 0.7686274509803920907, 0.7686274509803920907 ) ;
#2053 =( NAMED_UNIT ( * ) PLANE_ANGLE_UNIT ( ) SI_UNIT ( $, .RADIAN. ) );
#2054 = CARTESIAN_POINT ( 'NONE',  ( -0.8000000000000001554, -0.4500000000000000111, 0.5000000000000000000 ) ) ;
#2055 =( NAMED_UNIT ( * ) PLANE_ANGLE_UNIT ( ) SI_UNIT ( $, .RADIAN. ) );
#2056 = VECTOR ( 'NONE', #2841, 1000.000000000000000 ) ;
#2057 = DIRECTION ( 'NONE',  ( -9.680376540049147084E-17, 0.0000000000000000000, 1.000000000000000000 ) ) ;
#2058 = SURFACE_STYLE_USAGE ( .BOTH. , #2095 ) ;
#2059 = FACE_OUTER_BOUND ( 'NONE', #1417, .T. ) ;
#2060 = VERTEX_POINT ( 'NONE', #1868 ) ;
#2061 = CARTESIAN_POINT ( 'NONE',  ( -0.05428504276012994373, 0.1045052147427460859, 0.4990000000000001101 ) ) ;
#2062 = FILL_AREA_STYLE ('',( #6463 ) ) ;
#2063 = ORIENTED_EDGE ( 'NONE', *, *, #1133, .T. ) ;
#2064 = FACE_OUTER_BOUND ( 'NONE', #2310, .T. ) ;
#2065 = CARTESIAN_POINT ( 'NONE',  ( -0.04928928877475188125, 0.08530345597646739331, 0.5000000000000000000 ) ) ;
#2066 = PLANE ( 'NONE',  #54 ) ;
#2067 = ADVANCED_FACE ( 'NONE', ( #784 ), #6558, .T. ) ;
#2068 = CARTESIAN_POINT ( 'NONE',  ( 0.2548467612129464155, 0.1173408546320624385, 0.4990000000000001101 ) ) ;
#2069 = CARTESIAN_POINT ( 'NONE',  ( -0.3337048731903362597, 0.009329430002441428671, 0.4989999999999999991 ) ) ;
#2070 = CARTESIAN_POINT ( 'NONE',  ( -0.08727630176176488785, 0.05413462480763622103, 0.4989999999999999991 ) ) ;
#2071 = CARTESIAN_POINT ( 'NONE',  ( 0.3556285981763497861, 0.07526988598674637376, 0.5000000000000001110 ) ) ;
#2072 = VERTEX_POINT ( 'NONE', #6117 ) ;
#2073 =( LENGTH_UNIT ( ) NAMED_UNIT ( * ) SI_UNIT ( .MILLI., .METRE. ) );
#2074 = EDGE_CURVE ( 'NONE', #6174, #898, #1336, .T. ) ;
#2075 = FILL_AREA_STYLE_COLOUR ( '', #6727 ) ;
#2077 =( NAMED_UNIT ( * ) PLANE_ANGLE_UNIT ( ) SI_UNIT ( $, .RADIAN. ) );
#2076 = SURFACE_STYLE_FILL_AREA ( #1561 ) ;
#2078 = CARTESIAN_POINT ( 'NONE',  ( 0.06210725343250562275, 0.1536574566385918439, 0.5000000000000006661 ) ) ;
#2079 = CARTESIAN_POINT ( 'NONE',  ( -0.3197109283856761630, 0.1536574566385918994, 0.5000000000000000000 ) ) ;
#2080 = VERTEX_POINT ( 'NONE', #3608 ) ;
#2081 = CARTESIAN_POINT ( 'NONE',  ( 0.3228796724475741509, 0.07152130899323698443, 0.4990000000000001101 ) ) ;
#2082 = CARTESIAN_POINT ( 'NONE',  ( 0.05099427581199099391, -0.1251403243712009838, 0.4989999999999998881 ) ) ;
#2083 = CARTESIAN_POINT ( 'NONE',  ( 0.3193899878790434910, 0.06262759157649436248, 0.4989999999999998881 ) ) ;
#2084 =( GEOMETRIC_REPRESENTATION_CONTEXT ( 3 ) GLOBAL_UNCERTAINTY_ASSIGNED_CONTEXT ( ( #164 ) ) GLOBAL_UNIT_ASSIGNED_CONTEXT ( ( #5607, #432, #6140 ) ) REPRESENTATION_CONTEXT ( 'NONE', 'WORKASPACE' ) );
#2085 = EDGE_CURVE ( 'NONE', #2386, #3347, #5334, .T. ) ;
#2086 = CARTESIAN_POINT ( 'NONE',  ( -0.01710604516170175296, -0.01223220576278851585, 0.4989999999999999991 ) ) ;
#2087 = CARTESIAN_POINT ( 'NONE',  ( -0.1417974670756664557, 0.02455049015041180921, 0.5000000000000000000 ) ) ;
#2088 = CARTESIAN_POINT ( 'NONE',  ( -0.8000000000000000444, -0.4500000000000000111, 5.421010862427522170E-17 ) ) ;
#2089 = SURFACE_STYLE_FILL_AREA ( #5079 ) ;
#2090 = CARTESIAN_POINT ( 'NONE',  ( 0.3245086401966271739, 0.1508063254009470999, 0.4989999999999999991 ) ) ;
#2091 = CARTESIAN_POINT ( 'NONE',  ( -0.3637348514647811837, 0.04450253193274573971, 0.4990000000000001101 ) ) ;
#2092 = CARTESIAN_POINT ( 'NONE',  ( 0.05141828920830597560, -0.05122487247990451659, 0.5000000000000000000 ) ) ;
#2093 = ADVANCED_FACE ( 'NONE', ( #4168 ), #1587, .T. ) ;
#2094 =( NAMED_UNIT ( * ) PLANE_ANGLE_UNIT ( ) SI_UNIT ( $, .RADIAN. ) );
#2095 = SURFACE_SIDE_STYLE ('',( #50 ) ) ;
#2096 = CARTESIAN_POINT ( 'NONE',  ( 0.2938105552185922842, -0.1443131424491872206, 0.5000000000000000000 ) ) ;
#2097 = EDGE_LOOP ( 'NONE', ( #3206, #5659, #1129, #3567 ) ) ;
#2098 = CARTESIAN_POINT ( 'NONE',  ( -0.1128763802304540154, 0.04872913097939027272, 0.4990000000000001101 ) ) ;
#2099 = CARTESIAN_POINT ( 'NONE',  ( 0.2296936346858242106, -0.1179554305618893267, 0.4989999999999999991 ) ) ;
#2100 = EDGE_LOOP ( 'NONE', ( #461, #5389, #4836, #237, #6667 ) ) ;
#2101 = CARTESIAN_POINT ( 'NONE',  ( 0.2591019229769739307, 0.1586404124559460949, 0.5000000000000000000 ) ) ;
#2102 = SURFACE_SIDE_STYLE ('',( #6801 ) ) ;
#2103 = CARTESIAN_POINT ( 'NONE',  ( 0.2325062255070130535, -0.1213734387421058769, 0.5000000000000001110 ) ) ;
#2104 = B_SPLINE_SURFACE_WITH_KNOTS ( 'NONE', 3, 1, ( 
 ( #3273, #2890 ),
 ( #1394, #1904 ),
 ( #4073, #900 ),
 ( #4991, #5494 ),
 ( #2412, #1353 ),
 ( #1316, #5628 ),
 ( #3929, #5057 ),
 ( #791, #2960 ),
 ( #834, #342 ),
 ( #307, #3545 ),
 ( #2928, #4953 ),
 ( #2379, #3445 ),
 ( #4491, #3965 ),
 ( #6564, #5594 ),
 ( #3515, #2853 ),
 ( #2341, #1837 ),
 ( #4524, #4039 ),
 ( #3407, #6603 ),
 ( #5025, #6084 ) ),
 .UNSPECIFIED., .F., .F., .F.,
 ( 4, 1, 1, 1, 1, 1, 1, 1, 1, 1, 1, 1, 1, 1, 1, 1, 4 ),
 ( 2, 2 ),
 ( 0.0000000000000000000, 0.08099605264561313134, 0.1579582026568584485, 0.2318770354036165660, 0.3024131313156078749, 0.3709497930061546045, 0.4370260810808076490, 0.5022962965492335785, 0.5662217041389586702, 0.6285000012988052331, 0.6866331429058430968, 0.7424589460469008806, 0.7953342075807496858, 0.8471425193282594579, 0.8981511789696261516, 0.9488395059414211907, 1.000000000000000000 ),
 ( 0.0000000000000000000, 1.000000000000000000 ),
 .UNSPECIFIED. ) ;
#2105 = CARTESIAN_POINT ( 'NONE',  ( -0.3336505243188370717, 0.003484855984208566886, 0.4989999999999999991 ) ) ;
#2106 = CARTESIAN_POINT ( 'NONE',  ( -0.2877721559569761389, 0.1320004655111084169, 0.4989999999999999991 ) ) ;
#2107 = ORIENTED_EDGE ( 'NONE', *, *, #6237, .T. ) ;
#2108 = CARTESIAN_POINT ( 'NONE',  ( -0.1738991316675429777, -0.004734699249161880563, 0.4990000000000001101 ) ) ;
#2110 = CARTESIAN_POINT ( 'NONE',  ( -0.1560913750235029540, -0.1015343834011987190, 0.4999999999999998890 ) ) ;
#2109 = CARTESIAN_POINT ( 'NONE',  ( -0.2363022757877388802, 0.009329430002441428671, 0.4989999999999999991 ) ) ;
#2111 = CARTESIAN_POINT ( 'NONE',  ( 0.09380258258648149772, 0.1631131192564301557, 0.4989999999999999991 ) ) ;
#2112 = UNCERTAINTY_MEASURE_WITH_UNIT (LENGTH_MEASURE( 1.000000000000000082E-05 ), #2204, 'distance_accuracy_value', 'NONE');
#2113 = EDGE_LOOP ( 'NONE', ( #2235, #4381, #368, #2579 ) ) ;
#2114 = CARTESIAN_POINT ( 'NONE',  ( 0.2860800294070662830, -0.1133978427248312909, 0.4989999999999999991 ) ) ;
#2115 = B_SPLINE_CURVE_WITH_KNOTS ( 'NONE', 3,
 ( #5321, #4348, #5870, #617, #4287, #6361, #4826, #2207, #4319, #6389, #5900, #1206, #3793, #207, #1875, #3338, #6083, #2927, #5928 ),
 .UNSPECIFIED., .F., .F.,
 ( 4, 1, 1, 1, 1, 1, 1, 1, 1, 1, 1, 1, 1, 1, 1, 1, 4 ),
 ( 0.0000000000000000000, 0.03481888132959226612, 0.06891955580719819063, 0.1034513888417891714, 0.1390496088211285730, 0.1771753219263879353, 0.2179403376185281849, 0.2619036500779327037, 0.3097653282277579856, 0.3632138529075507050, 0.4256205765081693126, 0.4969126734317582672, 0.5776735780836567136, 0.6680265813160587429, 0.7686823766893838838, 0.8792939339028131851, 0.9999999999999998890 ),
 .UNSPECIFIED. ) ;
#2116 = DIRECTION ( 'NONE',  ( -0.9922778767136675171, -0.1240347345892088976, 0.0000000000000000000 ) ) ;
#2117 = CARTESIAN_POINT ( 'NONE',  ( -0.03591083516167241363, 0.02780549444043576082, 0.4990000000000001101 ) ) ;
#2118 = CARTESIAN_POINT ( 'NONE',  ( -0.2162826238040774507, -0.08331778055493833934, 0.4999999999999998890 ) ) ;
#2119 = CARTESIAN_POINT ( 'NONE',  ( -0.08483918726354544582, 0.1631612067568236624, 0.4989999999999999991 ) ) ;
#2120 = CARTESIAN_POINT ( 'NONE',  ( 0.2274285506810414248, -0.1152893637030046881, 0.4989999999999998881 ) ) ;
#2121 = DIRECTION ( 'NONE',  ( 0.1240347345892084674, -0.9922778767136677391, 0.0000000000000000000 ) ) ;
#2122 = FILL_AREA_STYLE ('',( #6755 ) ) ;
#2123 = CARTESIAN_POINT ( 'NONE',  ( 0.1766230813624503349, 0.01598680212136813564, 0.4989999999999999991 ) ) ;
#2124 = STYLED_ITEM ( 'NONE', ( #60 ), #2281 ) ;
#2125 = EDGE_CURVE ( 'NONE', #6035, #3674, #1082, .T. ) ;
#2126 = EDGE_LOOP ( 'NONE', ( #4339, #5592, #2432, #4637 ) ) ;
#2127 = CARTESIAN_POINT ( 'NONE',  ( -0.2064572886996502710, 0.04796610769487737874, 0.4990000000000001101 ) ) ;
#2128 = VERTEX_POINT ( 'NONE', #991 ) ;
#2129 = CARTESIAN_POINT ( 'NONE',  ( -0.5199999999999999067, 0.4500000000000000111, 0.4800000000000001488 ) ) ;
#2130 = SURFACE_SIDE_STYLE ('',( #1158 ) ) ;
#2131 = CARTESIAN_POINT ( 'NONE',  ( -0.1317818271570655730, 0.1018260942287741999, 0.4989999999999999991 ) ) ;
#2132 = CARTESIAN_POINT ( 'NONE',  ( 0.2187656211353512792, -0.1016612002240610407, 0.5000000000000001110 ) ) ;
#2133 = CARTESIAN_POINT ( 'NONE',  ( 0.3137328773940721849, 0.1197572002831547439, 0.5000000000000000000 ) ) ;
#2134 = CARTESIAN_POINT ( 'NONE',  ( 0.1025479297289632608, -0.1132250639287294691, 0.4999999999999995559 ) ) ;
#2135 = CARTESIAN_POINT ( 'NONE',  ( -0.4999999999999998890, -0.3499999999999999223, 0.5000000000000000000 ) ) ;
#2136 = PRESENTATION_LAYER_ASSIGNMENT (  '', '', ( #4234 ) ) ;
#2137 = ORIENTED_EDGE ( 'NONE', *, *, #1183, .T. ) ;
#2138 = CARTESIAN_POINT ( 'NONE',  ( 0.3281140457535661747, -0.08658926116109152971, 0.4990000000000001101 ) ) ;
#2139 = MECHANICAL_DESIGN_GEOMETRIC_PRESENTATION_REPRESENTATION (  '', ( #5101 ), #6512 ) ;
#2140 = CARTESIAN_POINT ( 'NONE',  ( -0.1377561291513127451, -0.1256023355530039576, 0.4990000000000001101 ) ) ;
#2142 = CARTESIAN_POINT ( 'NONE',  ( -0.1233728753482553758, -0.1362112780273985191, 0.5000000000000000000 ) ) ;
#2141 = CARTESIAN_POINT ( 'NONE',  ( 0.2500606897808336782, 0.1100630991124542518, 0.4999999999999998890 ) ) ;
#2143 = CARTESIAN_POINT ( 'NONE',  ( -0.07855345099964640421, -0.1108317850451058795, 0.4999999999999997780 ) ) ;
#2144 = CARTESIAN_POINT ( 'NONE',  ( -0.1739069766486984470, 0.008621157596907092283, 0.4989999999999999991 ) ) ;
#2145 = VERTEX_POINT ( 'NONE', #2673 ) ;
#2146 = FACE_OUTER_BOUND ( 'NONE', #4253, .T. ) ;
#2147 = CARTESIAN_POINT ( 'NONE',  ( 0.8000000000000000444, -0.4500000000000000111, 5.421010862427522170E-17 ) ) ;
#2148 = VECTOR ( 'NONE', #3166, 1000.000000000000000 ) ;
#2149 = CARTESIAN_POINT ( 'NONE',  ( 0.2903041750895616890, 0.03990445655887502052, 0.4999999999999998890 ) ) ;
#2150 = CARTESIAN_POINT ( 'NONE',  ( 0.5000000000000002220, 0.4500000000000000111, 5.421010862427522170E-17 ) ) ;
#2151 = EDGE_CURVE ( 'NONE', #191, #1754, #151, .T. ) ;
#2152 = PRESENTATION_LAYER_ASSIGNMENT (  '', '', ( #5963 ) ) ;
#2153 = CARTESIAN_POINT ( 'NONE',  ( -0.2296058472163103048, 0.1315696897427011680, 0.5000000000000000000 ) ) ;
#2154 = CARTESIAN_POINT ( 'NONE',  ( 0.09699723719927409726, 0.1632255338985452997, 0.5000000000000000000 ) ) ;
#2155 = CARTESIAN_POINT ( 'NONE',  ( -0.01434863946439590525, -0.04765786096583923825, 0.4989999999999999991 ) ) ;
#2156 = MECHANICAL_DESIGN_GEOMETRIC_PRESENTATION_REPRESENTATION (  '', ( #159 ), #4465 ) ;
#2157 = B_SPLINE_SURFACE_WITH_KNOTS ( 'NONE', 3, 1, ( 
 ( #3074, #3630 ),
 ( #5675, #3008 ),
 ( #6167, #3560 ),
 ( #5167, #5643 ),
 ( #5201, #3043 ),
 ( #4701, #5136 ),
 ( #500, #431 ),
 ( #2090, #2530 ),
 ( #4633, #468 ),
 ( #1879, #242 ),
 ( #5460, #1429 ),
 ( #2382, #4995 ),
 ( #877, #5096 ),
 ( #1977, #2962 ),
 ( #6607, #4562 ),
 ( #1358, #5497 ),
 ( #4076, #3968 ),
 ( #758, #3487 ),
 ( #3450, #6645 ) ),
 .UNSPECIFIED., .F., .F., .F.,
 ( 4, 1, 1, 1, 1, 1, 1, 1, 1, 1, 1, 1, 1, 1, 1, 1, 4 ),
 ( 2, 2 ),
 ( 0.0000000000000000000, 0.06172163679580094930, 0.1214279043536783120, 0.1802261680347872486, 0.2384304367157773219, 0.2968165258529193995, 0.3560150298603196872, 0.4171754598843104289, 0.4805445547655418648, 0.5441503388795518870, 0.6070860340341505124, 0.6699278589471194811, 0.7323691609998569385, 0.7964289476165601345, 0.8621674048915179966, 0.9295028825871293199, 1.000000000000000000 ),
 ( 0.0000000000000000000, 1.000000000000000000 ),
 .UNSPECIFIED. ) ;
#2158 = CARTESIAN_POINT ( 'NONE',  ( 0.1061305473559595175, -0.1442419266017315183, 0.5000000000000001110 ) ) ;
#2159 = CARTESIAN_POINT ( 'NONE',  ( -0.2848209446189077232, 0.1632255338985452997, 0.5000000000000000000 ) ) ;
#2161 = CARTESIAN_POINT ( 'NONE',  ( -0.07510675714248393753, 0.1286016538432284140, 0.4989999999999999991 ) ) ;
#2160 = COLOUR_RGB ( '',1.000000000000000000, 1.000000000000000000, 1.000000000000000000 ) ;
#2162 = CARTESIAN_POINT ( 'NONE',  ( 0.09751063970483894727, 0.1319913547441742829, 0.4989999999999999991 ) ) ;
#2163 = CARTESIAN_POINT ( 'NONE',  ( 0.8000000000000000444, -0.4500000000000000111, 5.421010862427522170E-17 ) ) ;
#2164 = CARTESIAN_POINT ( 'NONE',  ( -0.1219776885218817053, 0.1541203157236309129, 0.4990000000000001101 ) ) ;
#2165 = LINE ( 'NONE', #541, #973 ) ;
#2166 = VECTOR ( 'NONE', #6486, 1000.000000000000000 ) ;
#2167 = CARTESIAN_POINT ( 'NONE',  ( -0.3318977129666572101, -0.03820148929383110348, 0.4989999999999998881 ) ) ;
#2169 = EDGE_LOOP ( 'NONE', ( #91, #1619, #4615, #5463, #2965, #101, #1897, #2958 ) ) ;
#2168 = SURFACE_SIDE_STYLE ('',( #1555 ) ) ;
#2170 = CARTESIAN_POINT ( 'NONE',  ( 0.4999999999999998890, -0.4500000000000000111, 0.5000000000000000000 ) ) ;
#2171 =( GEOMETRIC_REPRESENTATION_CONTEXT ( 3 ) GLOBAL_UNCERTAINTY_ASSIGNED_CONTEXT ( ( #2999 ) ) GLOBAL_UNIT_ASSIGNED_CONTEXT ( ( #6724, #4129, #5684 ) ) REPRESENTATION_CONTEXT ( 'NONE', 'WORKASPACE' ) );
#2172 = CARTESIAN_POINT ( 'NONE',  ( -0.03770481426788715312, 0.1408389060155722239, 0.4989999999999999991 ) ) ;
#2173 = ORIENTED_EDGE ( 'NONE', *, *, #5585, .T. ) ;
#2174 = SURFACE_STYLE_FILL_AREA ( #158 ) ;
#2175 = CARTESIAN_POINT ( 'NONE',  ( -0.1737730984172490833, -0.01692348053985932854, 0.4989999999999999991 ) ) ;
#2177 = CARTESIAN_POINT ( 'NONE',  ( 0.06459090678599306579, -0.1360515706902424293, 0.4989999999999999991 ) ) ;
#2176 = FILL_AREA_STYLE_COLOUR ( '', #692 ) ;
#2178 = UNCERTAINTY_MEASURE_WITH_UNIT (LENGTH_MEASURE( 1.000000000000000082E-05 ), #2245, 'distance_accuracy_value', 'NONE');
#2179 = CARTESIAN_POINT ( 'NONE',  ( -0.1737959482831316071, 0.02214999190286112696, 0.5000000000000000000 ) ) ;
#2180 = ORIENTED_EDGE ( 'NONE', *, *, #1007, .T. ) ;
#2181 = CARTESIAN_POINT ( 'NONE',  ( 0.3067673715668215451, 0.003529839590780302610, 0.4989999999999999991 ) ) ;
#2182 = CARTESIAN_POINT ( 'NONE',  ( 0.3193899878790434910, 0.06262759157649436248, 0.4999999999999998890 ) ) ;
#2183 = CARTESIAN_POINT ( 'NONE',  ( -0.01540732882704152346, -0.02192790854189895916, 0.4989999999999997771 ) ) ;
#2184 = FACE_OUTER_BOUND ( 'NONE', #2850, .T. ) ;
#2185 = CARTESIAN_POINT ( 'NONE',  ( -0.2860993537098168171, 0.1320567027297141205, 0.4989999999999999991 ) ) ;
#2186 = UNCERTAINTY_MEASURE_WITH_UNIT (LENGTH_MEASURE( 1.000000000000000082E-05 ), #3088, 'distance_accuracy_value', 'NONE');
#2187 = MECHANICAL_DESIGN_GEOMETRIC_PRESENTATION_REPRESENTATION (  '', ( #4057 ), #3497 ) ;
#2188 = PRESENTATION_LAYER_ASSIGNMENT (  '', '', ( #3060 ) ) ;
#2189 = CARTESIAN_POINT ( 'NONE',  ( -0.2763832437660704855, 0.1629548578888670440, 0.5000000000000000000 ) ) ;
#2190 = CARTESIAN_POINT ( 'NONE',  ( -0.1426644895672250501, -0.04941181952387344034, 0.5000000000000000000 ) ) ;
#2191 = CARTESIAN_POINT ( 'NONE',  ( -0.01540732882704152346, -0.02192790854189895916, 0.4989999999999997771 ) ) ;
#2192 = CARTESIAN_POINT ( 'NONE',  ( -0.3242645148929110821, -0.1311780678248185839, 0.5000000000000002220 ) ) ;
#2193 = STYLED_ITEM ( 'NONE', ( #2622 ), #5606 ) ;
#2194 =( LENGTH_UNIT ( ) NAMED_UNIT ( * ) SI_UNIT ( .MILLI., .METRE. ) );
#2195 = CARTESIAN_POINT ( 'NONE',  ( -0.1427466754882738553, -0.03920795902693919449, 0.5000000000000000000 ) ) ;
#2196 = CARTESIAN_POINT ( 'NONE',  ( 0.2910888920204068309, -0.1133025383769019623, 0.5000000000000000000 ) ) ;
#2197 = LINE ( 'NONE', #2170, #3135 ) ;
#2198 = FILL_AREA_STYLE_COLOUR ( '', #4474 ) ;
#2199 = ORIENTED_EDGE ( 'NONE', *, *, #3030, .F. ) ;
#2200 = CARTESIAN_POINT ( 'NONE',  ( 0.05329634997893622356, 0.08091735354968818128, 0.4999999999999998890 ) ) ;
#2202 = CARTESIAN_POINT ( 'NONE',  ( 0.03890865785696127899, -0.1099190716672146517, 0.4999999999999998890 ) ) ;
#2201 = SURFACE_STYLE_FILL_AREA ( #1730 ) ;
#2203 = CARTESIAN_POINT ( 'NONE',  ( -0.05937447383881160057, -0.09489193473374414600, 0.4990000000000002212 ) ) ;
#2204 =( LENGTH_UNIT ( ) NAMED_UNIT ( * ) SI_UNIT ( .MILLI., .METRE. ) );
#2205 = ORIENTED_EDGE ( 'NONE', *, *, #6269, .T. ) ;
#2206 = EDGE_CURVE ( 'NONE', #1927, #3262, #3290, .T. ) ;
#2207 = CARTESIAN_POINT ( 'NONE',  ( 0.06879696539604084060, 0.1178340681311237231, 0.5000000000000000000 ) ) ;
#2208 = CARTESIAN_POINT ( 'NONE',  ( 0.3213651665041622474, 0.06692552753256846010, 0.5000000000000001110 ) ) ;
#2209 = CARTESIAN_POINT ( 'NONE',  ( 0.3363697923422873659, -0.04850209384204741403, 0.4989999999999999991 ) ) ;
#2210 = FILL_AREA_STYLE ('',( #105 ) ) ;
#2211 = FILL_AREA_STYLE ('',( #4356 ) ) ;
#2212 =( NAMED_UNIT ( * ) SI_UNIT ( $, .STERADIAN. ) SOLID_ANGLE_UNIT ( ) );
#2213 = CARTESIAN_POINT ( 'NONE',  ( -0.3242645148929110821, -0.1311780678248185839, 0.4990000000000002212 ) ) ;
#2214 = CARTESIAN_POINT ( 'NONE',  ( -0.07156660969486186574, 0.1265661584509649717, 0.4989999999999999991 ) ) ;
#2215 = CARTESIAN_POINT ( 'NONE',  ( 0.1158697663532846645, 0.1259233261452059049, 0.4989999999999999991 ) ) ;
#2216 = VECTOR ( 'NONE', #120, 1000.000000000000000 ) ;
#2218 = LINE ( 'NONE', #663, #6057 ) ;
#2217 = PRESENTATION_LAYER_ASSIGNMENT (  '', '', ( #126 ) ) ;
#2219 =( NAMED_UNIT ( * ) PLANE_ANGLE_UNIT ( ) SI_UNIT ( $, .RADIAN. ) );
#2220 = VECTOR ( 'NONE', #68, 1000.000000000000000 ) ;
#2221 = FILL_AREA_STYLE ('',( #2704 ) ) ;
#2222 = EDGE_CURVE ( 'NONE', #5991, #3639, #3230, .T. ) ;
#2223 = B_SPLINE_CURVE_WITH_KNOTS ( 'NONE', 3,
 ( #567, #3808, #538, #21, #4198, #2633, #5850, #2127, #1154, #1719, #1653 ),
 .UNSPECIFIED., .F., .F.,
 ( 4, 1, 1, 1, 1, 1, 1, 1, 4 ),
 ( 0.0000000000000000000, 0.09321839406069587497, 0.1938574851185507208, 0.3031616225397822939, 0.4216003745329102159, 0.5505359843336936621, 0.6892597431086406878, 0.8389726057502737699, 1.000000000000000000 ),
 .UNSPECIFIED. ) ;
#2224 = DIRECTION ( 'NONE',  ( -0.0000000000000000000, -0.0000000000000000000, 1.000000000000000000 ) ) ;
#2225 = CARTESIAN_POINT ( 'NONE',  ( 0.3006804697927158432, -0.1110768008355461078, 0.4999999999999998890 ) ) ;
#2226 = ORIENTED_EDGE ( 'NONE', *, *, #5026, .F. ) ;
#2227 = VECTOR ( 'NONE', #5477, 1000.000000000000227 ) ;
#2228 = CARTESIAN_POINT ( 'NONE',  ( -0.2381367894703827759, -0.03785127457177712290, 0.4990000000000001101 ) ) ;
#2231 = CARTESIAN_POINT ( 'NONE',  ( 0.09663197745901434821, -0.1445666738936624285, 0.4989999999999999991 ) ) ;
#2230 = MECHANICAL_DESIGN_GEOMETRIC_PRESENTATION_REPRESENTATION (  '', ( #4981 ), #811 ) ;
#2229 = CARTESIAN_POINT ( 'NONE',  ( -0.06296337964791492992, 0.1190112801553859789, 0.4999999999999998890 ) ) ;
#2232 = VECTOR ( 'NONE', #2465, 1000.000000000000000 ) ;
#2233 = CARTESIAN_POINT ( 'NONE',  ( -0.07855345099964640421, -0.1108317850451058795, 0.4989999999999999991 ) ) ;
#2234 =( NAMED_UNIT ( * ) SI_UNIT ( $, .STERADIAN. ) SOLID_ANGLE_UNIT ( ) );
#2235 = ORIENTED_EDGE ( 'NONE', *, *, #6498, .T. ) ;
#2236 = DIRECTION ( 'NONE',  ( -0.0000000000000000000, -0.0000000000000000000, 1.000000000000000000 ) ) ;
#2237 = SURFACE_STYLE_FILL_AREA ( #208 ) ;
#2238 = CARTESIAN_POINT ( 'NONE',  ( -0.08709367189163499945, 0.1632255338985452997, 0.5000000000000000000 ) ) ;
#2239 = CARTESIAN_POINT ( 'NONE',  ( -0.2064572886996502710, 0.04796610769487737874, 0.4990000000000001101 ) ) ;
#2240 =( NAMED_UNIT ( * ) SI_UNIT ( $, .STERADIAN. ) SOLID_ANGLE_UNIT ( ) );
#2241 = VECTOR ( 'NONE', #1760, 1000.000000000000000 ) ;
#2242 = CARTESIAN_POINT ( 'NONE',  ( -0.2296058472163103048, 0.1315696897427011680, 0.4989999999999999991 ) ) ;
#2243 = EDGE_LOOP ( 'NONE', ( #3364, #1534, #4231, #1064 ) ) ;
#2244 = CARTESIAN_POINT ( 'NONE',  ( -0.09360747059293371419, 0.02296579363880507305, 0.4989999999999999991 ) ) ;
#2245 =( LENGTH_UNIT ( ) NAMED_UNIT ( * ) SI_UNIT ( .MILLI., .METRE. ) );
#2246 =( LENGTH_UNIT ( ) NAMED_UNIT ( * ) SI_UNIT ( .MILLI., .METRE. ) );
#2247 = CARTESIAN_POINT ( 'NONE',  ( -0.3481919118154149784, -0.1003954948538945263, 0.5000000000000004441 ) ) ;
#2248 = CARTESIAN_POINT ( 'NONE',  ( -0.07156660969486186574, 0.1265661584509649717, 0.5000000000000000000 ) ) ;
#2249 = CARTESIAN_POINT ( 'NONE',  ( -0.5000000000000002220, 0.4500000000000000111, 5.421010862427522170E-17 ) ) ;
#2250 = COLOUR_RGB ( '',0.7686274509803920907, 0.7686274509803920907, 0.7686274509803920907 ) ;
#2251 = CARTESIAN_POINT ( 'NONE',  ( -0.3564615363176407148, -0.07668518716176138394, 0.4999999999999998890 ) ) ;
#2252 = CARTESIAN_POINT ( 'NONE',  ( -0.2842730550085181274, -0.1133978427248312909, 0.4989999999999997771 ) ) ;
#2253 =( NAMED_UNIT ( * ) SI_UNIT ( $, .STERADIAN. ) SOLID_ANGLE_UNIT ( ) );
#2254 = STYLED_ITEM ( 'NONE', ( #4676 ), #4526 ) ;
#2255 = FILL_AREA_STYLE_COLOUR ( '', #5621 ) ;
#2256 = CARTESIAN_POINT ( 'NONE',  ( -0.1408449978679933434, -0.02112781369998859016, 0.5000000000000000000 ) ) ;
#2258 = ORIENTED_EDGE ( 'NONE', *, *, #6054, .F. ) ;
#2257 = CARTESIAN_POINT ( 'NONE',  ( 0.1352706491382405229, -0.08089284829732469595, 0.4999999999999995559 ) ) ;
#2259 =( NAMED_UNIT ( * ) SI_UNIT ( $, .STERADIAN. ) SOLID_ANGLE_UNIT ( ) );
#2260 = CARTESIAN_POINT ( 'NONE',  ( 0.02916095609575128367, -0.08929986669294548429, 0.5000000000000001110 ) ) ;
#2261 = DIRECTION ( 'NONE',  ( -0.0000000000000000000, -0.0000000000000000000, 1.000000000000000000 ) ) ;
#2262 = EDGE_LOOP ( 'NONE', ( #4025, #1965, #3372, #5011 ) ) ;
#2263 =( GEOMETRIC_REPRESENTATION_CONTEXT ( 3 ) GLOBAL_UNCERTAINTY_ASSIGNED_CONTEXT ( ( #4791 ) ) GLOBAL_UNIT_ASSIGNED_CONTEXT ( ( #2611, #5763, #263 ) ) REPRESENTATION_CONTEXT ( 'NONE', 'WORKASPACE' ) );
#2264 = EDGE_CURVE ( 'NONE', #1746, #2917, #5370, .T. ) ;
#2265 = FILL_AREA_STYLE ('',( #3266 ) ) ;
#2266 = COLOUR_RGB ( '',0.7921568627450980005, 0.8196078431372548767, 0.9333333333333333481 ) ;
#2267 = COLOUR_RGB ( '',1.000000000000000000, 1.000000000000000000, 1.000000000000000000 ) ;
#2269 = CARTESIAN_POINT ( 'NONE',  ( -0.1392958982783395749, 0.08321743181817135848, 0.4989999999999998881 ) ) ;
#2268 = CARTESIAN_POINT ( 'NONE',  ( 0.2431909567867998612, 0.08721713809574778431, 0.5000000000000000000 ) ) ;
#2270 = CARTESIAN_POINT ( 'NONE',  ( -0.05937447383881160057, -0.09489193473374414600, 0.5000000000000000000 ) ) ;
#2271 = CARTESIAN_POINT ( 'NONE',  ( 0.01808333035340079289, 0.04450253193274574665, 0.5000000000000001110 ) ) ;
#2272 = ORIENTED_EDGE ( 'NONE', *, *, #6519, .T. ) ;
#2273 = CARTESIAN_POINT ( 'NONE',  ( 0.3345879912600994155, -0.03252752729608683613, 0.4989999999999999991 ) ) ;
#2274 = CARTESIAN_POINT ( 'NONE',  ( 0.3247366852512221236, 0.08688624818425959295, 0.5000000000000000000 ) ) ;
#2275 = CARTESIAN_POINT ( 'NONE',  ( -0.03229296563918146457, 0.1336938360932717618, 0.4989999999999999991 ) ) ;
#2276 = CARTESIAN_POINT ( 'NONE',  ( 0.1765409181596325483, -0.008702789788698973156, 0.4989999999999999991 ) ) ;
#2277 = FILL_AREA_STYLE_COLOUR ( '', #1136 ) ;
#2278 = ORIENTED_EDGE ( 'NONE', *, *, #2125, .T. ) ;
#2279 = PRESENTATION_STYLE_ASSIGNMENT (( #4861 ) ) ;
#2280 = CARTESIAN_POINT ( 'NONE',  ( 0.5000000000000001110, -0.4500000000000000111, 0.02000000000000008021 ) ) ;
#2281 = ADVANCED_FACE ( 'NONE', ( #6375 ), #6469, .T. ) ;
#2282 = CARTESIAN_POINT ( 'NONE',  ( -0.2615759074761584979, 0.1223699634770310102, 0.4989999999999999991 ) ) ;
#2283 = CARTESIAN_POINT ( 'NONE',  ( -0.3594804408340740998, -0.06250052785960683033, 0.5000000000000002220 ) ) ;
#2284 = CARTESIAN_POINT ( 'NONE',  ( -0.1107850354483433247, -0.1085217540037800854, 0.5000000000000000000 ) ) ;
#2285 = FACE_OUTER_BOUND ( 'NONE', #819, .T. ) ;
#2286 = ADVANCED_FACE ( 'NONE', ( #188 ), #1779, .T. ) ;
#2287 = DIRECTION ( 'NONE',  ( -1.000000000000000000, 0.0000000000000000000, 0.0000000000000000000 ) ) ;
#2288 = CARTESIAN_POINT ( 'NONE',  ( -0.2946412836041630845, -0.1119027074789025467, 0.5000000000000000000 ) ) ;
#2289 =( GEOMETRIC_REPRESENTATION_CONTEXT ( 3 ) GLOBAL_UNCERTAINTY_ASSIGNED_CONTEXT ( ( #100 ) ) GLOBAL_UNIT_ASSIGNED_CONTEXT ( ( #5013, #1415, #923 ) ) REPRESENTATION_CONTEXT ( 'NONE', 'WORKASPACE' ) );
#2290 = CARTESIAN_POINT ( 'NONE',  ( -0.1077413718608169757, 0.02063295049082103719, 0.5000000000000000000 ) ) ;
#2291 = CARTESIAN_POINT ( 'NONE',  ( 0.1454601952757836880, 0.003545838003839398359, 0.4989999999999999991 ) ) ;
#2292 = LINE ( 'NONE', #2804, #5209 ) ;
#2293 = CARTESIAN_POINT ( 'NONE',  ( -0.3335782352546860507, 0.1412518975797310561, 0.4990000000000001101 ) ) ;
#2294 = CARTESIAN_POINT ( 'NONE',  ( -0.2465475326799411726, -0.08089284829732469595, 0.4999999999999998890 ) ) ;
#2295 = ORIENTED_EDGE ( 'NONE', *, *, #1192, .F. ) ;
#2296 = CARTESIAN_POINT ( 'NONE',  ( 0.1388972332287571332, -0.1294007604797804689, 0.4989999999999997771 ) ) ;
#2297 = CARTESIAN_POINT ( 'NONE',  ( 0.05552375954051305684, 0.09095850755464338078, 0.4990000000000002212 ) ) ;
#2298 = B_SPLINE_CURVE_WITH_KNOTS ( 'NONE', 3,
 ( #3288, #1159, #4334, #6406, #2763, #3812, #4869, #150, #1748, #3843, #5912, #187, #255, #291, #324, #2288, #5510, #3465, #6548 ),
 .UNSPECIFIED., .F., .F.,
 ( 4, 1, 1, 1, 1, 1, 1, 1, 1, 1, 1, 1, 1, 1, 1, 1, 4 ),
 ( 0.0000000000000000000, 0.1206795854909985255, 0.2305338289379845751, 0.3309550632170780160, 0.4208116729085197294, 0.5011270243297456517, 0.5713493660207026315, 0.6332246655567607130, 0.6858987127109708037, 0.7331104517484663408, 0.7764365142131891551, 0.8173386407956978461, 0.8554870737933412128, 0.8921333757432465816, 0.9276904481916804501, 0.9634616402638018773, 1.000000000000000000 ),
 .UNSPECIFIED. ) ;
#2299 = SURFACE_STYLE_USAGE ( .BOTH. , #6205 ) ;
#2300 =( LENGTH_UNIT ( ) NAMED_UNIT ( * ) SI_UNIT ( .MILLI., .METRE. ) );
#2301 = UNCERTAINTY_MEASURE_WITH_UNIT (LENGTH_MEASURE( 1.000000000000000082E-05 ), #1213, 'distance_accuracy_value', 'NONE');
#2302 = CARTESIAN_POINT ( 'NONE',  ( 0.2421944895258539843, 0.1489688951184660048, 0.5000000000000002220 ) ) ;
#2303 = VERTEX_POINT ( 'NONE', #4838 ) ;
#2304 = CARTESIAN_POINT ( 'NONE',  ( -0.09092889916436226738, 0.1320567027297141205, 0.4989999999999999991 ) ) ;
#2305 = CARTESIAN_POINT ( 'NONE',  ( -0.02770240579460195307, -0.1028654851667882564, 0.5000000000000000000 ) ) ;
#2306 = SURFACE_STYLE_USAGE ( .BOTH. , #6489 ) ;
#2307 = ADVANCED_FACE ( 'NONE', ( #5888 ), #3632, .T. ) ;
#2308 = FILL_AREA_STYLE ('',( #2823 ) ) ;
#2309 = CARTESIAN_POINT ( 'NONE',  ( 0.3675250211376676068, -0.04708009012976675789, 0.5000000000000000000 ) ) ;
#2310 = EDGE_LOOP ( 'NONE', ( #6602, #5382, #781, #264 ) ) ;
#2311 = CARTESIAN_POINT ( 'NONE',  ( -0.1408449978679933434, -0.02112781369998859016, 0.4989999999999999991 ) ) ;
#2312 = CARTESIAN_POINT ( 'NONE',  ( 0.1422870796997818543, -0.05082316656292691637, 0.4989999999999999991 ) ) ;
#2313 = CARTESIAN_POINT ( 'NONE',  ( -0.2438244328925234516, 0.09149283822291187640, 0.4990000000000001101 ) ) ;
#2314 = ADVANCED_FACE ( 'NONE', ( #856 ), #4431, .T. ) ;
#2315 = CARTESIAN_POINT ( 'NONE',  ( -0.3308239060061907710, -0.1251403243712009838, 0.4989999999999998881 ) ) ;
#2316 = CARTESIAN_POINT ( 'NONE',  ( -0.3335420665888089720, 0.02619646027213246020, 0.5000000000000001110 ) ) ;
#2317 = CARTESIAN_POINT ( 'NONE',  ( 0.2894710756848637989, 0.007334964319694968655, 0.5000000000000001110 ) ) ;
#2318 = FILL_AREA_STYLE_COLOUR ( '', #2992 ) ;
#2319 = DIRECTION ( 'NONE',  ( 1.000000000000000000, 0.0000000000000000000, 0.0000000000000000000 ) ) ;
#2320 = FACE_OUTER_BOUND ( 'NONE', #1980, .T. ) ;
#2321 = EDGE_CURVE ( 'NONE', #2072, #2566, #5512, .T. ) ;
#2322 = CARTESIAN_POINT ( 'NONE',  ( -0.1346230851668398232, -0.003980749670062251784, 0.5000000000000000000 ) ) ;
#2323 = VECTOR ( 'NONE', #2730, 1000.000000000000000 ) ;
#2325 = VERTEX_POINT ( 'NONE', #6663 ) ;
#2324 = CARTESIAN_POINT ( 'NONE',  ( 0.05141828920830597560, -0.05122487247990451659, 0.4989999999999999991 ) ) ;
#2326 = PRESENTATION_STYLE_ASSIGNMENT (( #3394 ) ) ;
#2327 = CARTESIAN_POINT ( 'NONE',  ( 0.01979673056125511379, -0.04680386558681851744, 0.5000000000000000000 ) ) ;
#2328 = DIRECTION ( 'NONE',  ( -1.000000000000000000, 1.355252715606880740E-15, 0.0000000000000000000 ) ) ;
#2329 = ORIENTED_EDGE ( 'NONE', *, *, #4314, .T. ) ;
#2330 = CARTESIAN_POINT ( 'NONE',  ( -0.08389143208108815197, 0.02194647836951136091, 0.4999999999999997780 ) ) ;
#2331 = CARTESIAN_POINT ( 'NONE',  ( -0.04613902177909588731, -0.02899003769595266330, 0.4989999999999999991 ) ) ;
#2332 = MECHANICAL_DESIGN_GEOMETRIC_PRESENTATION_REPRESENTATION (  '', ( #795 ), #2881 ) ;
#2333 = CARTESIAN_POINT ( 'NONE',  ( -0.2363579865423980908, 0.003545838003839403563, 0.4989999999999998881 ) ) ;
#2335 = CARTESIAN_POINT ( 'NONE',  ( 0.3354455979185854142, 0.01860219055983620973, 0.4990000000000001101 ) ) ;
#2334 = CARTESIAN_POINT ( 'NONE',  ( -0.07156660969486186574, 0.1265661584509649717, 0.5000000000000000000 ) ) ;
#2336 = CARTESIAN_POINT ( 'NONE',  ( 0.1351552277555305992, 0.09999446014096852187, 0.5000000000000004441 ) ) ;
#2337 = PRESENTATION_LAYER_ASSIGNMENT (  '', '', ( #2665 ) ) ;
#2338 = CARTESIAN_POINT ( 'NONE',  ( -0.2465475326799411726, -0.08089284829732469595, 0.4989999999999998881 ) ) ;
#2339 = VERTEX_POINT ( 'NONE', #2463 ) ;
#2340 = CARTESIAN_POINT ( 'NONE',  ( -0.05338930803748097309, 0.04389351399910692425, 0.5000000000000001110 ) ) ;
#2341 = CARTESIAN_POINT ( 'NONE',  ( -0.1014327361552884998, -0.1122657597085535419, 0.4989999999999999991 ) ) ;
#2342 = VECTOR ( 'NONE', #6199, 1000.000000000000000 ) ;
#2343 = CARTESIAN_POINT ( 'NONE',  ( -0.02877644701494182916, 0.1275876699797382219, 0.5000000000000000000 ) ) ;
#2345 = SURFACE_STYLE_FILL_AREA ( #278 ) ;
#2344 = CARTESIAN_POINT ( 'NONE',  ( 0.1567367554107589878, -0.1052760647850525533, 0.5000000000000001110 ) ) ;
#2346 = CARTESIAN_POINT ( 'NONE',  ( 0.3109848558259781237, 0.001218606573714710187, 0.4990000000000001101 ) ) ;
#2347 = CARTESIAN_POINT ( 'NONE',  ( -0.7800000000000001377, -0.4500000000000000111, 0.02000000000000005246 ) ) ;
#2348 = CARTESIAN_POINT ( 'NONE',  ( 0.1284610245951137986, 0.1554630555548099091, 0.5000000000000001110 ) ) ;
#2349 = ORIENTED_EDGE ( 'NONE', *, *, #428, .T. ) ;
#2350 = PLANE ( 'NONE',  #6673 ) ;
#2351 = ADVANCED_FACE ( 'NONE', ( #1817 ), #1958, .T. ) ;
#2352 = CARTESIAN_POINT ( 'NONE',  ( -0.3648737043591674389, 0.009207676755688173204, 0.4989999999999999991 ) ) ;
#2353 = LINE ( 'NONE', #3906, #6715 ) ;
#2354 = CARTESIAN_POINT ( 'NONE',  ( 0.1522123346018714740, 0.1315696897427011680, 0.5000000000000000000 ) ) ;
#2355 = CARTESIAN_POINT ( 'NONE',  ( -0.03229296563918146457, 0.1336938360932717618, 0.5000000000000000000 ) ) ;
#2356 = PRESENTATION_STYLE_ASSIGNMENT (( #253 ) ) ;
#2357 = CARTESIAN_POINT ( 'NONE',  ( -0.2053140799043073061, 0.02906872006113946777, 0.4999999999999998890 ) ) ;
#2358 = PRESENTATION_LAYER_ASSIGNMENT (  '', '', ( #1493 ) ) ;
#2359 = SURFACE_STYLE_FILL_AREA ( #2834 ) ;
#2360 = CARTESIAN_POINT ( 'NONE',  ( 0.2830085967299088567, 0.007231071425119181550, 0.4989999999999999991 ) ) ;
#2361 = FACE_BOUND ( 'NONE', #4708, .T. ) ;
#2363 = EDGE_LOOP ( 'NONE', ( #2569, #2278, #260, #788, #4565, #2685, #3296, #2027, #6722, #965, #2643, #6760, #6307, #4612, #166, #5738, #6454 ) ) ;
#2362 = CARTESIAN_POINT ( 'NONE',  ( 0.06927540403519016898, -0.09936177919827650362, 0.4990000000000001101 ) ) ;
#2364 =( LENGTH_UNIT ( ) NAMED_UNIT ( * ) SI_UNIT ( .MILLI., .METRE. ) );
#2365 = CARTESIAN_POINT ( 'NONE',  ( -0.01422435370981682545, -0.04278095960794817826, 0.5000000000000000000 ) ) ;
#2366 = ORIENTED_EDGE ( 'NONE', *, *, #5369, .T. ) ;
#2367 = CARTESIAN_POINT ( 'NONE',  ( 0.1061305473559595175, -0.1442419266017315183, 0.4989999999999999991 ) ) ;
#2368 = CARTESIAN_POINT ( 'NONE',  ( -0.04928928877475188125, 0.08530345597646739331, 0.4989999999999999991 ) ) ;
#2369 = CARTESIAN_POINT ( 'NONE',  ( -0.06284479118741233272, 0.009565090596238730314, 0.4989999999999999991 ) ) ;
#2370 = ADVANCED_FACE ( 'NONE', ( #3115 ), #2562, .T. ) ;
#2371 = ADVANCED_FACE ( 'NONE', ( #3564 ), #5107, .T. ) ;
#2372 = CARTESIAN_POINT ( 'NONE',  ( 0.1522123346018714740, 0.1315696897427011680, 0.5000000000000000000 ) ) ;
#2373 = LINE ( 'NONE', #3542, #4012 ) ;
#2374 = B_SPLINE_CURVE_WITH_KNOTS ( 'NONE', 3,
 ( #4488, #1833, #2817, #236, #6601, #5560, #3441, #4521, #830, #6561, #2338, #3927, #4919, #305, #5527, #3962, #3480, #2925, #3404 ),
 .UNSPECIFIED., .F., .F.,
 ( 4, 1, 1, 1, 1, 1, 1, 1, 1, 1, 1, 1, 1, 1, 1, 1, 4 ),
 ( 0.0000000000000000000, 0.03475612679208860828, 0.06920497968908576047, 0.1040637835934719313, 0.1399556082715869842, 0.1777369218184900457, 0.2184284661752969037, 0.2625622612246634180, 0.3103376776290860395, 0.3642496298805923960, 0.4261424154125438291, 0.4974026320891992703, 0.5784347426665223946, 0.6686249014675862412, 0.7690992835489116608, 0.8795114840670518186, 1.000000000000000000 ),
 .UNSPECIFIED. ) ;
#2375 =( NAMED_UNIT ( * ) PLANE_ANGLE_UNIT ( ) SI_UNIT ( $, .RADIAN. ) );
#2376 = CARTESIAN_POINT ( 'NONE',  ( 0.01964998015985438065, 0.06062993797285919084, 0.4999999999999998890 ) ) ;
#2377 = ORIENTED_EDGE ( 'NONE', *, *, #5263, .F. ) ;
#2378 = FACE_OUTER_BOUND ( 'NONE', #3443, .T. ) ;
#2379 = CARTESIAN_POINT ( 'NONE',  ( -0.1194696950148751713, -0.1023286801544689845, 0.4990000000000001101 ) ) ;
#2380 = VECTOR ( 'NONE', #2454, 1000.000000000000000 ) ;
#2381 = CARTESIAN_POINT ( 'NONE',  ( -0.8000000000000001554, -0.4500000000000000111, 0.5000000000000000000 ) ) ;
#2382 = CARTESIAN_POINT ( 'NONE',  ( 0.3443711126752302398, 0.1292584809437076487, 0.4989999999999998881 ) ) ;
#2383 = CARTESIAN_POINT ( 'NONE',  ( 0.2927793312142178972, 0.007243918710748841958, 0.4999999999999997780 ) ) ;
#2384 = UNCERTAINTY_MEASURE_WITH_UNIT (LENGTH_MEASURE( 1.000000000000000082E-05 ), #4027, 'distance_accuracy_value', 'NONE');
#2385 = CARTESIAN_POINT ( 'NONE',  ( 0.1471673017860381794, 0.1389771582972160746, 0.5000000000000000000 ) ) ;
#2386 = VERTEX_POINT ( 'NONE', #2629 ) ;
#2387 = CARTESIAN_POINT ( 'NONE',  ( -0.1346230851668398232, -0.003980749670062251784, 0.4989999999999999991 ) ) ;
#2388 = CARTESIAN_POINT ( 'NONE',  ( 0.2371013455217783061, 0.1445843395621372041, 0.4989999999999999991 ) ) ;
#2389 = DIRECTION ( 'NONE',  ( 0.0000000000000000000, 0.0000000000000000000, -1.000000000000000000 ) ) ;
#2390 = B_SPLINE_CURVE_WITH_KNOTS ( 'NONE', 3,
 ( #2304, #1674, #1175, #134, #3860, #1141, #3760, #684, #5422, #3245, #5353 ),
 .UNSPECIFIED., .F., .F.,
 ( 4, 1, 1, 1, 1, 1, 1, 1, 4 ),
 ( 0.0000000000000000000, 0.1133500122158317969, 0.2245691853816878802, 0.3363754082648858779, 0.4513140069208089189, 0.5732473707389814654, 0.7037766361627415534, 0.8458823741921267514, 1.000000000000000000 ),
 .UNSPECIFIED. ) ;
#2391 = CARTESIAN_POINT ( 'NONE',  ( 0.2860191527836896674, 0.1320567027297141205, 0.5000000000000000000 ) ) ;
#2392 = CARTESIAN_POINT ( 'NONE',  ( 0.3224543388308722669, -0.008540091316666800075, 0.5000000000000000000 ) ) ;
#2393 = CARTESIAN_POINT ( 'NONE',  ( 0.1351544068933251130, 0.1509485394041880646, 0.4990000000000001101 ) ) ;
#2394 = CARTESIAN_POINT ( 'NONE',  ( 0.2855930164200532473, -0.1445666738936624285, 0.4989999999999999991 ) ) ;
#2395 =( NAMED_UNIT ( * ) SI_UNIT ( $, .STERADIAN. ) SOLID_ANGLE_UNIT ( ) );
#2397 = ORIENTED_EDGE ( 'NONE', *, *, #353, .F. ) ;
#2396 = FACE_OUTER_BOUND ( 'NONE', #831, .T. ) ;
#2398 = CARTESIAN_POINT ( 'NONE',  ( 0.2078535683681052015, -0.05885238817937674116, 0.5000000000000000000 ) ) ;
#2399 = CARTESIAN_POINT ( 'NONE',  ( -0.3495889387027601436, 0.1136077813506119749, 0.4999999999999997780 ) ) ;
#2400 = CARTESIAN_POINT ( 'NONE',  ( 0.09663197745901434821, -0.1445666738936624285, 0.5000000000000000000 ) ) ;
#2401 = ORIENTED_EDGE ( 'NONE', *, *, #3549, .T. ) ;
#2402 = COLOUR_RGB ( '',1.000000000000000000, 1.000000000000000000, 1.000000000000000000 ) ;
#2403 =( LENGTH_UNIT ( ) NAMED_UNIT ( * ) SI_UNIT ( .MILLI., .METRE. ) );
#2404 = CARTESIAN_POINT ( 'NONE',  ( 0.3297621494405061915, 0.02861554773518767275, 0.5000000000000000000 ) ) ;
#2405 = B_SPLINE_CURVE_WITH_KNOTS ( 'NONE', 3,
 ( #4579, #1412, #3468, #2466, #6666, #5110, #4060, #6067, #2505, #2913, #293 ),
 .UNSPECIFIED., .F., .F.,
 ( 4, 1, 1, 1, 1, 1, 1, 1, 4 ),
 ( 0.0000000000000000000, 0.1280448550143800934, 0.2514507875593861574, 0.3715733394035902748, 0.4904118675290047302, 0.6102007835889297072, 0.7338092424176936301, 0.8631756517415548613, 1.000000000000000000 ),
 .UNSPECIFIED. ) ;
#2406 = CARTESIAN_POINT ( 'NONE',  ( 0.1583179979398310899, 0.1211280232643391075, 0.4989999999999999991 ) ) ;
#2407 = CARTESIAN_POINT ( 'NONE',  ( 0.07769853490486751391, -0.1072325499370980484, 0.5000000000000000000 ) ) ;
#2408 = ADVANCED_FACE ( 'NONE', ( #210 ), #3144, .T. ) ;
#2409 = CARTESIAN_POINT ( 'NONE',  ( 0.1202422743420233642, 0.1223699634770310379, 0.4989999999999999991 ) ) ;
#2410 = CARTESIAN_POINT ( 'NONE',  ( 0.3675938281083649395, -0.05026878428327285347, 0.4990000000000001101 ) ) ;
#2411 = ORIENTED_EDGE ( 'NONE', *, *, #2206, .T. ) ;
#2412 = CARTESIAN_POINT ( 'NONE',  ( -0.1406989543233080342, -0.06405436901770616975, 0.4989999999999999991 ) ) ;
#2413 = CARTESIAN_POINT ( 'NONE',  ( -0.04732241742342487706, -0.06615599568075331005, 0.4989999999999997771 ) ) ;
#2415 = CARTESIAN_POINT ( 'NONE',  ( -0.08989399656695966356, -0.1445666738936624285, 0.4989999999999999991 ) ) ;
#2414 = CARTESIAN_POINT ( 'NONE',  ( 0.5399999999999999245, 0.4500000000000000111, 0.5000000000000000000 ) ) ;
#2416 = ADVANCED_FACE ( 'NONE', ( #4266 ), #3220, .T. ) ;
#2417 = DIRECTION ( 'NONE',  ( -1.355252715606880937E-15, 1.000000000000000000, 0.0000000000000000000 ) ) ;
#2418 = SURFACE_STYLE_FILL_AREA ( #4999 ) ;
#2419 = ORIENTED_EDGE ( 'NONE', *, *, #2321, .F. ) ;
#2420 = CARTESIAN_POINT ( 'NONE',  ( 0.2280618550261665489, 0.1340671082683962123, 0.4990000000000001101 ) ) ;
#2421 = CARTESIAN_POINT ( 'NONE',  ( 0.3510617658992268852, 0.05695305147752335873, 0.4989999999999999991 ) ) ;
#2422 = CARTESIAN_POINT ( 'NONE',  ( 0.3675938281083649395, -0.05026878428327285347, 0.5000000000000001110 ) ) ;
#2423 = CARTESIAN_POINT ( 'NONE',  ( -0.2051334446189077287, 0.009207676755688173204, 0.5000000000000000000 ) ) ;
#2424 = CARTESIAN_POINT ( 'NONE',  ( 0.2394243921660006158, -0.05731494975047207729, 0.4989999999999999991 ) ) ;
#2425 = CARTESIAN_POINT ( 'NONE',  ( 0.3186033277840108480, 0.1545867508625865805, 0.5000000000000001110 ) ) ;
#2426 = CARTESIAN_POINT ( 'NONE',  ( 0.1755377279141976388, -0.02588350034201679362, 0.5000000000000000000 ) ) ;
#2427 = CARTESIAN_POINT ( 'NONE',  ( -0.4999999999999998890, -0.4500000000000000111, 0.5000000000000000000 ) ) ;
#2428 = VERTEX_POINT ( 'NONE', #1460 ) ;
#2429 = CARTESIAN_POINT ( 'NONE',  ( 0.3531092107556248472, 0.1087667530635611224, 0.4989999999999998881 ) ) ;
#2430 = SURFACE_SIDE_STYLE ('',( #2089 ) ) ;
#2431 = LINE ( 'NONE', #6670, #77 ) ;
#2432 = ORIENTED_EDGE ( 'NONE', *, *, #2222, .F. ) ;
#2433 = CARTESIAN_POINT ( 'NONE',  ( 0.2081512663956662790, -0.06204422528052171149, 0.4990000000000001101 ) ) ;
#2434 = CARTESIAN_POINT ( 'NONE',  ( 0.3556285981763497861, 0.07526988598674637376, 0.5000000000000002220 ) ) ;
#2435 = EDGE_CURVE ( 'NONE', #3621, #4173, #6046, .T. ) ;
#2436 = CARTESIAN_POINT ( 'NONE',  ( 0.1733855896089355475, 0.06542874343083539268, 0.4999999999999997780 ) ) ;
#2437 = DIRECTION ( 'NONE',  ( -0.0000000000000000000, -0.0000000000000000000, 1.000000000000000000 ) ) ;
#2438 = CARTESIAN_POINT ( 'NONE',  ( 0.1402911194767788861, 0.08147344827127318834, 0.4990000000000002212 ) ) ;
#2439 = EDGE_LOOP ( 'NONE', ( #2651, #230, #1229, #3579 ) ) ;
#2440 = CARTESIAN_POINT ( 'NONE',  ( -0.06627420348484054646, 0.05054113659290425387, 0.5000000000000000000 ) ) ;
#2441 = MECHANICAL_DESIGN_GEOMETRIC_PRESENTATION_REPRESENTATION (  '', ( #679 ), #241 ) ;
#2442 = SURFACE_STYLE_FILL_AREA ( #4451 ) ;
#2443 = ADVANCED_FACE ( 'NONE', ( #3062 ), #6313, .T. ) ;
#2444 = B_SPLINE_CURVE_WITH_KNOTS ( 'NONE', 3,
 ( #6652, #2967, #316, #281, #1884, #247, #4566, #5568, #1403, #4927, #882, #5538, #4498, #2312, #2861, #4423, #6578, #3975, #6496 ),
 .UNSPECIFIED., .F., .F.,
 ( 4, 1, 1, 1, 1, 1, 1, 1, 1, 1, 1, 1, 1, 1, 1, 1, 4 ),
 ( 0.0000000000000000000, 0.03475612679208861522, 0.06920497968908576047, 0.1040637835934719452, 0.1399556082715866512, 0.1777369218184897404, 0.2184284661752968759, 0.2625622612246631959, 0.3103376776290858174, 0.3642496298805921739, 0.4261424154125437180, 0.4974026320891993813, 0.5784347426665222835, 0.6686249014675862412, 0.7690992835489116608, 0.8795114840670519296, 0.9999999999999998890 ),
 .UNSPECIFIED. ) ;
#2445 = CARTESIAN_POINT ( 'NONE',  ( -0.02304414861114955498, 0.1137838268913009404, 0.5000000000000000000 ) ) ;
#2448 = PRESENTATION_STYLE_ASSIGNMENT (( #3377 ) ) ;
#2447 =( GEOMETRIC_REPRESENTATION_CONTEXT ( 3 ) GLOBAL_UNCERTAINTY_ASSIGNED_CONTEXT ( ( #3628 ) ) GLOBAL_UNIT_ASSIGNED_CONTEXT ( ( #1633, #2713, #4311 ) ) REPRESENTATION_CONTEXT ( 'NONE', 'WORKASPACE' ) );
#2446 = CARTESIAN_POINT ( 'NONE',  ( 0.2501612911934534833, -0.1355907400129581775, 0.4999999999999998890 ) ) ;
#2449 = CARTESIAN_POINT ( 'NONE',  ( 0.3188486808873262079, -0.004829237549153171834, 0.4999999999999997780 ) ) ;
#2450 = CARTESIAN_POINT ( 'NONE',  ( -0.01812045760592070898, 0.08919955987257130459, 0.4989999999999999991 ) ) ;
#2451 = UNCERTAINTY_MEASURE_WITH_UNIT (LENGTH_MEASURE( 1.000000000000000082E-05 ), #1284, 'distance_accuracy_value', 'NONE');
#2452 = FILL_AREA_STYLE ('',( #5388 ) ) ;
#2453 = VERTEX_POINT ( 'NONE', #2109 ) ;
#2454 = DIRECTION ( 'NONE',  ( 0.0000000000000000000, 1.000000000000000000, 0.0000000000000000000 ) ) ;
#2455 = CARTESIAN_POINT ( 'NONE',  ( 0.3246870680327228476, 0.02551084968052684532, 0.4990000000000001101 ) ) ;
#2456 = COLOUR_RGB ( '',1.000000000000000000, 1.000000000000000000, 1.000000000000000000 ) ;
#2457 = SURFACE_STYLE_FILL_AREA ( #3457 ) ;
#2458 = CARTESIAN_POINT ( 'NONE',  ( -0.3318977129666572101, -0.03820148929383110348, 0.4989999999999998881 ) ) ;
#2459 = DIRECTION ( 'NONE',  ( 0.0000000000000000000, -1.000000000000000000, -0.0000000000000000000 ) ) ;
#2460 = PLANE ( 'NONE',  #1354 ) ;
#2461 = CARTESIAN_POINT ( 'NONE',  ( 0.2394243921660006158, -0.05731494975047207729, 0.5000000000000000000 ) ) ;
#2462 = CARTESIAN_POINT ( 'NONE',  ( -0.1331163991643622702, 0.09924420272971415380, 0.5000000000000000000 ) ) ;
#2463 = CARTESIAN_POINT ( 'NONE',  ( -0.1469962692942324012, 0.01559972221023363075, 0.5000000000000000000 ) ) ;
#2464 = CARTESIAN_POINT ( 'NONE',  ( 0.3551459902755434994, -0.0007120977253463020877, 0.4989999999999997771 ) ) ;
#2465 = DIRECTION ( 'NONE',  ( -1.000000000000000000, -0.0000000000000000000, -0.0000000000000000000 ) ) ;
#2467 = ORIENTED_EDGE ( 'NONE', *, *, #2499, .F. ) ;
#2466 = CARTESIAN_POINT ( 'NONE',  ( -0.2682249204567124234, 0.1614758553789334139, 0.4990000000000001101 ) ) ;
#2468 = LINE ( 'NONE', #5143, #3124 ) ;
#2469 = PRESENTATION_LAYER_ASSIGNMENT (  '', '', ( #1487 ) ) ;
#2470 = CARTESIAN_POINT ( 'NONE',  ( -0.01422435370981682545, -0.04278095960794817826, 0.4989999999999999991 ) ) ;
#2471 = CARTESIAN_POINT ( 'NONE',  ( 0.02466370159691182867, 0.08941556916950811618, 0.4989999999999999991 ) ) ;
#2472 = ORIENTED_EDGE ( 'NONE', *, *, #809, .F. ) ;
#2473 = CARTESIAN_POINT ( 'NONE',  ( 0.2783454956115668510, 0.1630408072773828765, 0.4989999999999997771 ) ) ;
#2474 = CARTESIAN_POINT ( 'NONE',  ( 0.1281982116202533550, 0.1129808212730619016, 0.5000000000000002220 ) ) ;
#2475 = CARTESIAN_POINT ( 'NONE',  ( -0.04724229754179429946, -0.02213787045297556377, 0.4989999999999998881 ) ) ;
#2476 = B_SPLINE_CURVE_WITH_KNOTS ( 'NONE', 3,
 ( #4189, #6711, #1608, #3667, #1982, #6264, #1571, #1506, #3149, #3702, #3182, #2659, #6427, #1738, #3276, #1210, #1112, #4830, #2185 ),
 .UNSPECIFIED., .F., .F.,
 ( 4, 1, 1, 1, 1, 1, 1, 1, 1, 1, 1, 1, 1, 1, 1, 1, 4 ),
 ( 0.0000000000000000000, 0.1203858358472029572, 0.2308080084307348734, 0.3305680237435673630, 0.4206210405981469780, 0.5003288236263581101, 0.5707867949311861144, 0.6321153927949233475, 0.6846612245386655138, 0.7314024648940551376, 0.7749552507012199554, 0.8157449697615281048, 0.8538005445631573487, 0.8907166739697766067, 0.9267297321267933263, 0.9631335924975827911, 1.000000000000000000 ),
 .UNSPECIFIED. ) ;
#2477 = COLOUR_RGB ( '',1.000000000000000000, 1.000000000000000000, 1.000000000000000000 ) ;
#2478 = CARTESIAN_POINT ( 'NONE',  ( -0.05084554252543811714, -0.07893668741795425992, 0.5000000000000001110 ) ) ;
#2479 =( NAMED_UNIT ( * ) SI_UNIT ( $, .STERADIAN. ) SOLID_ANGLE_UNIT ( ) );
#2480 = CARTESIAN_POINT ( 'NONE',  ( -0.2851862043591674167, -0.1445666738936624285, 0.5000000000000002220 ) ) ;
#2481 = SURFACE_SIDE_STYLE ('',( #1490 ) ) ;
#2482 = ORIENTED_EDGE ( 'NONE', *, *, #2644, .T. ) ;
#2483 = DIRECTION ( 'NONE',  ( -0.0000000000000000000, -0.0000000000000000000, 1.000000000000000000 ) ) ;
#2484 =( GEOMETRIC_REPRESENTATION_CONTEXT ( 3 ) GLOBAL_UNCERTAINTY_ASSIGNED_CONTEXT ( ( #6092 ) ) GLOBAL_UNIT_ASSIGNED_CONTEXT ( ( #3539, #5756, #1521 ) ) REPRESENTATION_CONTEXT ( 'NONE', 'WORKASPACE' ) );
#2485 =( NAMED_UNIT ( * ) SI_UNIT ( $, .STERADIAN. ) SOLID_ANGLE_UNIT ( ) );
#2486 = CARTESIAN_POINT ( 'NONE',  ( 0.1246404828056636438, -0.09921352014837235556, 0.5000000000000000000 ) ) ;
#2487 = PRESENTATION_LAYER_ASSIGNMENT (  '', '', ( #6756 ) ) ;
#2488 = CARTESIAN_POINT ( 'NONE',  ( -0.04872105993215068015, -0.01570441219663270410, 0.5000000000000001110 ) ) ;
#2489 = CARTESIAN_POINT ( 'NONE',  ( 0.04230574294708743660, 0.1331978084637004400, 0.4990000000000001101 ) ) ;
#2490 = CARTESIAN_POINT ( 'NONE',  ( -0.04539318487864799773, -0.04387673882872740461, 0.4989999999999999991 ) ) ;
#2491 = ORIENTED_EDGE ( 'NONE', *, *, #6021, .F. ) ;
#2492 = FILL_AREA_STYLE_COLOUR ( '', #1869 ) ;
#2493 = CARTESIAN_POINT ( 'NONE',  ( -0.2756876344622222752, -0.1442419266017315738, 0.4989999999999999991 ) ) ;
#2494 =( GEOMETRIC_REPRESENTATION_CONTEXT ( 3 ) GLOBAL_UNCERTAINTY_ASSIGNED_CONTEXT ( ( #6289 ) ) GLOBAL_UNIT_ASSIGNED_CONTEXT ( ( #3512, #376, #6154 ) ) REPRESENTATION_CONTEXT ( 'NONE', 'WORKASPACE' ) );
#2495 = CARTESIAN_POINT ( 'NONE',  ( -0.1209185498857514723, 0.04447296977186575295, 0.4999999999999997780 ) ) ;
#2497 = FACE_OUTER_BOUND ( 'NONE', #6071, .T. ) ;
#2496 = VECTOR ( 'NONE', #2236, 1000.000000000000000 ) ;
#2498 = CARTESIAN_POINT ( 'NONE',  ( 0.1351544068933251130, 0.1509485394041880646, 0.4990000000000001101 ) ) ;
#2499 = EDGE_CURVE ( 'NONE', #4480, #575, #3690, .T. ) ;
#2500 = PRODUCT_DEFINITION ( 'UNKNOWN', '', #2731, #6638 ) ;
#2501 = CARTESIAN_POINT ( 'NONE',  ( 0.3250707225168737446, -0.09147717363773477661, 0.4989999999999998881 ) ) ;
#2502 = CARTESIAN_POINT ( 'NONE',  ( -0.3648737043591674389, 0.009207676755688173204, 0.4989999999999999991 ) ) ;
#2503 = SURFACE_STYLE_FILL_AREA ( #4056 ) ;
#2504 = PLANE ( 'NONE',  #3110 ) ;
#2506 = ORIENTED_EDGE ( 'NONE', *, *, #772, .F. ) ;
#2505 = CARTESIAN_POINT ( 'NONE',  ( -0.2346508800321436827, 0.1389771582972161579, 0.4990000000000002212 ) ) ;
#2507 = CARTESIAN_POINT ( 'NONE',  ( -0.2946412836041630845, -0.1119027074789025467, 0.4989999999999999991 ) ) ;
#2508 = CARTESIAN_POINT ( 'NONE',  ( 0.01699397251636785774, 0.01533731835329995262, 0.4989999999999998881 ) ) ;
#2509 = ORIENTED_EDGE ( 'NONE', *, *, #1093, .F. ) ;
#2510 = CARTESIAN_POINT ( 'NONE',  ( 0.2851668800564169937, 0.1632255338985453275, 0.5000000000000001110 ) ) ;
#2511 = CARTESIAN_POINT ( 'NONE',  ( 0.1436978297725596265, 0.05696043528673253725, 0.5000000000000002220 ) ) ;
#2512 = CARTESIAN_POINT ( 'NONE',  ( 0.1766847371992740501, 0.009207676755688173204, 0.5000000000000000000 ) ) ;
#2513 = CARTESIAN_POINT ( 'NONE',  ( 0.3245969869290796783, 0.09012366980368406721, 0.4990000000000001101 ) ) ;
#2514 = CARTESIAN_POINT ( 'NONE',  ( -0.3646768411811854294, -0.01067170301994723770, 0.4990000000000002212 ) ) ;
#2515 = CARTESIAN_POINT ( 'NONE',  ( 0.2662951268096636070, 0.003241767664779093751, 0.5000000000000000000 ) ) ;
#2516 = ORIENTED_EDGE ( 'NONE', *, *, #4671, .T. ) ;
#2517 = CARTESIAN_POINT ( 'NONE',  ( 0.3137844922692627492, -0.1036507243260419986, 0.5000000000000002220 ) ) ;
#2518 = CARTESIAN_POINT ( 'NONE',  ( -0.04539318487864799773, -0.04387673882872740461, 0.4989999999999999991 ) ) ;
#2520 = CARTESIAN_POINT ( 'NONE',  ( -0.1726866609042556344, -0.03452073478758975467, 0.4999999999999998890 ) ) ;
#2519 =( LENGTH_UNIT ( ) NAMED_UNIT ( * ) SI_UNIT ( .MILLI., .METRE. ) );
#2521 = CARTESIAN_POINT ( 'NONE',  ( -0.09153766539812850656, -0.1133978427248312909, 0.4989999999999999991 ) ) ;
#2522 = UNCERTAINTY_MEASURE_WITH_UNIT (LENGTH_MEASURE( 1.000000000000000082E-05 ), #2010, 'distance_accuracy_value', 'NONE');
#2523 = CARTESIAN_POINT ( 'NONE',  ( 0.5000000000000001110, 0.4500000000000000111, 0.02000000000000008021 ) ) ;
#2524 = ORIENTED_EDGE ( 'NONE', *, *, #353, .T. ) ;
#2525 = APPLICATION_PROTOCOL_DEFINITION ( 'draft international standard', 'automotive_design', 1998, #1961 ) ;
#2526 = CARTESIAN_POINT ( 'NONE',  ( 0.3422851939978142077, 0.04119266727321286431, 0.4989999999999998881 ) ) ;
#2527 = CARTESIAN_POINT ( 'NONE',  ( -0.1417974670756664557, 0.02455049015041180921, 0.4989999999999999991 ) ) ;
#2528 = EDGE_CURVE ( 'NONE', #4355, #1825, #5733, .T. ) ;
#2529 = CARTESIAN_POINT ( 'NONE',  ( -0.2665836329051506914, -0.1423550100507636196, 0.5000000000000001110 ) ) ;
#2530 = CARTESIAN_POINT ( 'NONE',  ( 0.3245086401966271739, 0.1508063254009470999, 0.5000000000000001110 ) ) ;
#2531 = DIRECTION ( 'NONE',  ( 1.000000000000000000, 1.355252715606880740E-15, -0.0000000000000000000 ) ) ;
#2532 = B_SPLINE_SURFACE_WITH_KNOTS ( 'NONE', 3, 1, ( 
 ( #1981, #2153 ),
 ( #3799, #3830 ),
 ( #1677, #1767 ),
 ( #2721, #4857 ),
 ( #3247, #5356 ),
 ( #3181, #1709 ),
 ( #4829, #4892 ),
 ( #2239, #1209 ),
 ( #3765, #2658 ),
 ( #6394, #654 ),
 ( #4799, #173 ) ),
 .UNSPECIFIED., .F., .F., .F.,
 ( 4, 1, 1, 1, 1, 1, 1, 1, 4 ),
 ( 2, 2 ),
 ( 0.0000000000000000000, 0.09321839406069587497, 0.1938574851185507208, 0.3031616225397822939, 0.4216003745329102159, 0.5505359843336936621, 0.6892597431086406878, 0.8389726057502737699, 1.000000000000000000 ),
 ( 0.0000000000000000000, 1.000000000000000000 ),
 .UNSPECIFIED. ) ;
#2533 =( NAMED_UNIT ( * ) SI_UNIT ( $, .STERADIAN. ) SOLID_ANGLE_UNIT ( ) );
#2534 = CARTESIAN_POINT ( 'NONE',  ( 0.3583220492814597757, -0.09630146021426945480, 0.4989999999999999991 ) ) ;
#2535 = ORIENTED_EDGE ( 'NONE', *, *, #6301, .T. ) ;
#2536 = CARTESIAN_POINT ( 'NONE',  ( 0.3239849441611943326, 0.07639079118739976193, 0.5000000000000000000 ) ) ;
#2537 = ORIENTED_EDGE ( 'NONE', *, *, #558, .F. ) ;
#2538 = FACE_OUTER_BOUND ( 'NONE', #2033, .T. ) ;
#2539 = ADVANCED_FACE ( 'NONE', ( #6770 ), #6204, .T. ) ;
#2540 = SURFACE_STYLE_FILL_AREA ( #5275 ) ;
#2541 = CARTESIAN_POINT ( 'NONE',  ( 0.2886337631595290443, 0.1319062712725212194, 0.4999999999999998890 ) ) ;
#2542 = CARTESIAN_POINT ( 'NONE',  ( -0.2580589594977812928, -0.1393232756009439854, 0.4989999999999998881 ) ) ;
#2543 = ORIENTED_EDGE ( 'NONE', *, *, #1857, .F. ) ;
#2544 = LINE ( 'NONE', #5730, #5540 ) ;
#2545 = CARTESIAN_POINT ( 'NONE',  ( -0.08709367189163499945, 0.1632255338985452997, 0.5000000000000000000 ) ) ;
#2546 = CARTESIAN_POINT ( 'NONE',  ( -0.09876682702934090619, -0.1442565882477110650, 0.4989999999999998881 ) ) ;
#2547 = VECTOR ( 'NONE', #6656, 1000.000000000000000 ) ;
#2548 = CARTESIAN_POINT ( 'NONE',  ( -0.04724229754179429946, -0.02213787045297556377, 0.4989999999999998881 ) ) ;
#2549 = VECTOR ( 'NONE', #2775, 1000.000000000000000 ) ;
#2550 = ORIENTED_EDGE ( 'NONE', *, *, #4929, .T. ) ;
#2551 = CARTESIAN_POINT ( 'NONE',  ( 0.2498625827425035029, -0.09051533808333946107, 0.4999999999999998890 ) ) ;
#2552 = SURFACE_STYLE_FILL_AREA ( #2591 ) ;
#2553 = CARTESIAN_POINT ( 'NONE',  ( 0.3034518488697301453, 0.04553806064706454604, 0.4990000000000001101 ) ) ;
#2554 = STYLED_ITEM ( 'NONE', ( #1576 ), #564 ) ;
#2555 = CARTESIAN_POINT ( 'NONE',  ( -0.08008714744776278260, 0.05388454617133062868, 0.4990000000000001101 ) ) ;
#2556 = DIRECTION ( 'NONE',  ( 1.000000000000000000, 0.0000000000000000000, 0.0000000000000000000 ) ) ;
#2557 = CARTESIAN_POINT ( 'NONE',  ( -0.04553996253047550707, 0.1487015662615272515, 0.4989999999999999991 ) ) ;
#2558 = CARTESIAN_POINT ( 'NONE',  ( 0.3095533664911142013, -0.1066171065532119516, 0.4989999999999998881 ) ) ;
#2559 = EDGE_CURVE ( 'NONE', #575, #1547, #747, .T. ) ;
#2560 = CARTESIAN_POINT ( 'NONE',  ( -0.7800000000000001377, -0.4500000000000000111, 0.4800000000000001488 ) ) ;
#2561 = CARTESIAN_POINT ( 'NONE',  ( 0.09225952916968546691, -0.1132337257826071808, 0.5000000000000000000 ) ) ;
#2563 = VECTOR ( 'NONE', #2556, 1000.000000000000000 ) ;
#2562 = PLANE ( 'NONE',  #4767 ) ;
#2564 = CARTESIAN_POINT ( 'NONE',  ( -0.1014327361552884998, -0.1122657597085535419, 0.4989999999999999991 ) ) ;
#2565 = CARTESIAN_POINT ( 'NONE',  ( 0.3583220492814597757, -0.09630146021426945480, 0.5000000000000000000 ) ) ;
#2566 = VERTEX_POINT ( 'NONE', #646 ) ;
#2567 = CARTESIAN_POINT ( 'NONE',  ( -0.2895586526484963397, -0.1132337257826071947, 0.4989999999999999991 ) ) ;
#2568 = DIRECTION ( 'NONE',  ( -0.0000000000000000000, -0.0000000000000000000, 1.000000000000000000 ) ) ;
#2569 = ORIENTED_EDGE ( 'NONE', *, *, #596, .T. ) ;
#2570 =( NAMED_UNIT ( * ) PLANE_ANGLE_UNIT ( ) SI_UNIT ( $, .RADIAN. ) );
#2571 = CARTESIAN_POINT ( 'NONE',  ( 0.2722242951412051082, 0.005102692372502647469, 0.5000000000000000000 ) ) ;
#2572 = PRESENTATION_LAYER_ASSIGNMENT (  '', '', ( #5301 ) ) ;
#2573 = CARTESIAN_POINT ( 'NONE',  ( -0.3005158245943311268, 0.1286317476230179335, 0.4989999999999997771 ) ) ;
#2574 = CARTESIAN_POINT ( 'NONE',  ( 0.2523125541776515823, 0.1138949294941511842, 0.4990000000000001101 ) ) ;
#2576 = CARTESIAN_POINT ( 'NONE',  ( -0.3335467018422004770, -0.007680015203016250618, 0.4999999999999995559 ) ) ;
#2575 =( GEOMETRIC_REPRESENTATION_CONTEXT ( 3 ) GLOBAL_UNCERTAINTY_ASSIGNED_CONTEXT ( ( #4998 ) ) GLOBAL_UNIT_ASSIGNED_CONTEXT ( ( #174, #1768, #2963 ) ) REPRESENTATION_CONTEXT ( 'NONE', 'WORKASPACE' ) );
#2577 = CARTESIAN_POINT ( 'NONE',  ( -0.2303848926517801099, -0.1145339276333229572, 0.5000000000000003331 ) ) ;
#2578 = PLANE ( 'NONE',  #6322 ) ;
#2579 = ORIENTED_EDGE ( 'NONE', *, *, #4598, .T. ) ;
#2580 = CARTESIAN_POINT ( 'NONE',  ( 0.2959538725957535643, -0.1123615132211655959, 0.5000000000000002220 ) ) ;
#2581 = MECHANICAL_DESIGN_GEOMETRIC_PRESENTATION_REPRESENTATION (  '', ( #5533 ), #4888 ) ;
#2582 = CARTESIAN_POINT ( 'NONE',  ( -0.1416955647823243680, 0.07401507355291994661, 0.5000000000000000000 ) ) ;
#2584 = CARTESIAN_POINT ( 'NONE',  ( -0.06667441220585913764, 0.01313904406483802113, 0.5000000000000001110 ) ) ;
#2583 = CARTESIAN_POINT ( 'NONE',  ( 0.2078535683681052015, -0.05885238817937674116, 0.4989999999999999991 ) ) ;
#2585 = CARTESIAN_POINT ( 'NONE',  ( 0.02466370159691182867, 0.08941556916950811618, 0.5000000000000006661 ) ) ;
#2586 = UNCERTAINTY_MEASURE_WITH_UNIT (LENGTH_MEASURE( 1.000000000000000082E-05 ), #2918, 'distance_accuracy_value', 'NONE');
#2587 = CARTESIAN_POINT ( 'NONE',  ( -0.05077817867099113786, -0.009784080265331484769, 0.4989999999999998881 ) ) ;
#2588 = ORIENTED_EDGE ( 'NONE', *, *, #5361, .T. ) ;
#2589 = EDGE_CURVE ( 'NONE', #3027, #6174, #201, .T. ) ;
#2590 = CARTESIAN_POINT ( 'NONE',  ( -0.2051334446189077287, 0.009207676755688173204, 0.5000000000000000000 ) ) ;
#2591 = FILL_AREA_STYLE ('',( #2492 ) ) ;
#2592 =( NAMED_UNIT ( * ) SI_UNIT ( $, .STERADIAN. ) SOLID_ANGLE_UNIT ( ) );
#2593 = B_SPLINE_SURFACE_WITH_KNOTS ( 'NONE', 3, 1, ( 
 ( #1111, #137 ),
 ( #2209, #560 ),
 ( #4763, #43 ),
 ( #5809, #6426 ),
 ( #6364, #1644 ),
 ( #4291, #1145 ),
 ( #622, #1360 ),
 ( #3452, #4958 ),
 ( #839, #3969 ),
 ( #4563, #243 ),
 ( #1247, #2449 ),
 ( #4457, #1945 ),
 ( #2346, #4924 ),
 ( #1910, #2856 ),
 ( #6646, #6571 ),
 ( #1801, #6011 ),
 ( #311, #2383 ),
 ( #3411, #5932 ),
 ( #4494, #3343 ) ),
 .UNSPECIFIED., .F., .F., .F.,
 ( 4, 1, 1, 1, 1, 1, 1, 1, 1, 1, 1, 1, 1, 1, 1, 1, 4 ),
 ( 2, 2 ),
 ( 0.0000000000000000000, 0.07553170670764647321, 0.1470578195305884961, 0.2158553469488314336, 0.2825051018261502955, 0.3471197186959702474, 0.4107715378315261456, 0.4731813908398391777, 0.5355995226640021256, 0.5966025870578031132, 0.6562480021656950102, 0.7136688321210812314, 0.7699489930252690906, 0.8261510603738746461, 0.8828291921799018560, 0.9402680167549573031, 1.000000000000000000 ),
 ( 0.0000000000000000000, 1.000000000000000000 ),
 .UNSPECIFIED. ) ;
#2594 =( GEOMETRIC_REPRESENTATION_CONTEXT ( 3 ) GLOBAL_UNCERTAINTY_ASSIGNED_CONTEXT ( ( #2586 ) ) GLOBAL_UNIT_ASSIGNED_CONTEXT ( ( #2918, #1268, #4514 ) ) REPRESENTATION_CONTEXT ( 'NONE', 'WORKASPACE' ) );
#2595 = CARTESIAN_POINT ( 'NONE',  ( -0.01422435370981682545, -0.04278095960794817826, 0.4989999999999999991 ) ) ;
#2596 = CARTESIAN_POINT ( 'NONE',  ( 0.8000000000000001554, 0.4500000000000000111, 0.5000000000000000000 ) ) ;
#2597 = DIRECTION ( 'NONE',  ( -0.0000000000000000000, -0.0000000000000000000, 1.000000000000000000 ) ) ;
#2598 = CARTESIAN_POINT ( 'NONE',  ( -0.2363577386354604182, 0.01517393440388073965, 0.5000000000000001110 ) ) ;
#2599 =( GEOMETRIC_REPRESENTATION_CONTEXT ( 3 ) GLOBAL_UNCERTAINTY_ASSIGNED_CONTEXT ( ( #3694 ) ) GLOBAL_UNIT_ASSIGNED_CONTEXT ( ( #3200, #3751, #2676 ) ) REPRESENTATION_CONTEXT ( 'NONE', 'WORKASPACE' ) );
#2600 = CARTESIAN_POINT ( 'NONE',  ( 0.3051871817514259511, -0.1090758128106471408, 0.4989999999999999991 ) ) ;
#2601 = CARTESIAN_POINT ( 'NONE',  ( -0.1365651668096289628, 0.09161366388488272061, 0.5000000000000001110 ) ) ;
#2602 = VECTOR ( 'NONE', #5593, 1000.000000000000000 ) ;
#2603 =( LENGTH_UNIT ( ) NAMED_UNIT ( * ) SI_UNIT ( .MILLI., .METRE. ) );
#2604 = CARTESIAN_POINT ( 'NONE',  ( 0.3309028092594506476, -0.1297968512260974927, 0.5000000000000001110 ) ) ;
#2605 = ORIENTED_EDGE ( 'NONE', *, *, #4730, .F. ) ;
#2606 = CARTESIAN_POINT ( 'NONE',  ( 0.1422265093213068154, 0.06996765166811608205, 0.4989999999999997771 ) ) ;
#2607 = ORIENTED_EDGE ( 'NONE', *, *, #3275, .T. ) ;
#2608 = CARTESIAN_POINT ( 'NONE',  ( 0.2652519025519834983, 0.1607224679713675219, 0.4989999999999999991 ) ) ;
#2609 = CARTESIAN_POINT ( 'NONE',  ( 0.09699723719927409726, 0.1632255338985452997, 0.4989999999999999991 ) ) ;
#2610 = CARTESIAN_POINT ( 'NONE',  ( 0.2779876286481147152, -0.1443658457147492247, 0.4999999999999998890 ) ) ;
#2611 =( LENGTH_UNIT ( ) NAMED_UNIT ( * ) SI_UNIT ( .MILLI., .METRE. ) );
#2612 = ORIENTED_EDGE ( 'NONE', *, *, #2866, .F. ) ;
#2613 = SURFACE_STYLE_USAGE ( .BOTH. , #3136 ) ;
#2614 = VECTOR ( 'NONE', #3453, 1000.000000000000000 ) ;
#2615 = ADVANCED_FACE ( 'NONE', ( #1792 ), #5814, .T. ) ;
#2617 = CARTESIAN_POINT ( 'NONE',  ( -0.1443229023118333398, -0.1187108772814163549, 0.4999999999999997780 ) ) ;
#2616 = CARTESIAN_POINT ( 'NONE',  ( 0.2635068455297135959, 0.1257493445778910535, 0.4989999999999999991 ) ) ;
#2618 =( NAMED_UNIT ( * ) SI_UNIT ( $, .STERADIAN. ) SOLID_ANGLE_UNIT ( ) );
#2619 = CARTESIAN_POINT ( 'NONE',  ( -0.3648242093018139176, 0.01533731835329995262, 0.4999999999999998890 ) ) ;
#2620 = EDGE_LOOP ( 'NONE', ( #2899, #4584, #1692, #5176 ) ) ;
#2621 = CARTESIAN_POINT ( 'NONE',  ( 0.2815135687612626558, -0.1132477955154768817, 0.5000000000000001110 ) ) ;
#2622 = PRESENTATION_STYLE_ASSIGNMENT (( #6744 ) ) ;
#2623 = CARTESIAN_POINT ( 'NONE',  ( -0.06056036331955596402, 0.1160290102192385181, 0.5000000000000000000 ) ) ;
#2624 = CARTESIAN_POINT ( 'NONE',  ( -0.01445554440493060019, -0.03216917123678040419, 0.5000000000000001110 ) ) ;
#2625 = EDGE_CURVE ( 'NONE', #3674, #3066, #1488, .T. ) ;
#2626 = CARTESIAN_POINT ( 'NONE',  ( -0.2851862043591674167, -0.1445666738936624285, 0.5000000000000001110 ) ) ;
#2627 = CARTESIAN_POINT ( 'NONE',  ( -0.1708008019611570449, 0.05962008070519069641, 0.5000000000000002220 ) ) ;
#2628 = CARTESIAN_POINT ( 'NONE',  ( 0.2830320953978763265, -0.1444990501089657153, 0.4989999999999998881 ) ) ;
#2629 = CARTESIAN_POINT ( 'NONE',  ( 0.2860191527836896674, 0.1320567027297141205, 0.4989999999999999991 ) ) ;
#2630 = CARTESIAN_POINT ( 'NONE',  ( -0.1406989543233080342, -0.06405436901770616975, 0.4989999999999999991 ) ) ;
#2631 = CARTESIAN_POINT ( 'NONE',  ( 0.3373796179355990632, -0.1243601636632951368, 0.4989999999999998881 ) ) ;
#2632 = ORIENTED_EDGE ( 'NONE', *, *, #2976, .T. ) ;
#2633 = CARTESIAN_POINT ( 'NONE',  ( -0.2109284311452483685, 0.08150052107983779548, 0.4990000000000002212 ) ) ;
#2634 = ORIENTED_EDGE ( 'NONE', *, *, #5492, .T. ) ;
#2635 = CARTESIAN_POINT ( 'NONE',  ( 0.5399999999999999245, -0.4500000000000000111, -0.0009999999999999158867 ) ) ;
#2636 = CARTESIAN_POINT ( 'NONE',  ( -0.09288464839995072553, -0.1444621572786566333, 0.5000000000000000000 ) ) ;
#2637 = CARTESIAN_POINT ( 'NONE',  ( -0.3337048731903362597, 0.009329430002441428671, 0.4989999999999999991 ) ) ;
#2638 = PRESENTATION_STYLE_ASSIGNMENT (( #4236 ) ) ;
#2639 = CARTESIAN_POINT ( 'NONE',  ( -0.3261571125423949336, -0.07274450891171216349, 0.4999999999999995559 ) ) ;
#2640 = CARTESIAN_POINT ( 'NONE',  ( 0.09754512680966366533, -0.1133978427248312909, 0.4989999999999999991 ) ) ;
#2641 = FILL_AREA_STYLE_COLOUR ( '', #4779 ) ;
#2642 = FILL_AREA_STYLE_COLOUR ( '', #402 ) ;
#2643 = ORIENTED_EDGE ( 'NONE', *, *, #1045, .T. ) ;
#2644 = EDGE_CURVE ( 'NONE', #3639, #2878, #6039, .T. ) ;
#2645 = CARTESIAN_POINT ( 'NONE',  ( 0.5200000000000000178, -0.4500000000000000111, 0.4800000000000000377 ) ) ;
#2647 = CARTESIAN_POINT ( 'NONE',  ( -0.08989399656695967744, -0.1445666738936624562, 0.4990000000000001101 ) ) ;
#2646 = PRESENTATION_STYLE_ASSIGNMENT (( #6256 ) ) ;
#2648 = CARTESIAN_POINT ( 'NONE',  ( -0.08709963258131517283, -0.1132066313045196199, 0.4989999999999999991 ) ) ;
#2649 = UNCERTAINTY_MEASURE_WITH_UNIT (LENGTH_MEASURE( 1.000000000000000082E-05 ), #1420, 'distance_accuracy_value', 'NONE');
#2650 = CARTESIAN_POINT ( 'NONE',  ( -0.1499316230490167490, 0.1259820543470730470, 0.5000000000000000000 ) ) ;
#2651 = ORIENTED_EDGE ( 'NONE', *, *, #2776, .F. ) ;
#2652 = CARTESIAN_POINT ( 'NONE',  ( 0.2853797116339071294, 0.03892437751101736343, 0.4989999999999999991 ) ) ;
#2653 = CARTESIAN_POINT ( 'NONE',  ( 0.3109848558259781237, 0.001218606573714710187, 0.4990000000000001101 ) ) ;
#2654 = CARTESIAN_POINT ( 'NONE',  ( -0.05135885620810293900, 0.09550042015787328642, 0.5000000000000000000 ) ) ;
#2655 = EDGE_CURVE ( 'NONE', #1913, #1664, #2373, .T. ) ;
#2656 = CARTESIAN_POINT ( 'NONE',  ( -0.01430264647006850368, -0.03918727603700471185, 0.5000000000000000000 ) ) ;
#2657 = AXIS2_PLACEMENT_3D ( 'NONE', #3410, #5596, #796 ) ;
#2658 = CARTESIAN_POINT ( 'NONE',  ( -0.2053140799043073061, 0.02906872006113946777, 0.4999999999999998890 ) ) ;
#2659 = CARTESIAN_POINT ( 'NONE',  ( -0.2574160039304447256, 0.1181026474345394234, 0.4989999999999999991 ) ) ;
#2660 = SURFACE_SIDE_STYLE ('',( #4326 ) ) ;
#2661 = CARTESIAN_POINT ( 'NONE',  ( -0.5000000000000001110, -0.4500000000000000111, 0.02000000000000008021 ) ) ;
#2662 = VECTOR ( 'NONE', #6781, 1000.000000000000000 ) ;
#2663 = CARTESIAN_POINT ( 'NONE',  ( 0.1514332891664015857, -0.1145339276333229156, 0.4990000000000001101 ) ) ;
#2664 = CARTESIAN_POINT ( 'NONE',  ( 0.3674175717206825675, -0.06028492598747450804, 0.5000000000000000000 ) ) ;
#2665 = STYLED_ITEM ( 'NONE', ( #6106 ), #2307 ) ;
#2666 = VECTOR ( 'NONE', #4611, 1000.000000000000000 ) ;
#2667 = ORIENTED_EDGE ( 'NONE', *, *, #889, .T. ) ;
#2668 = CARTESIAN_POINT ( 'NONE',  ( 0.1402911194767788861, 0.08147344827127318834, 0.4990000000000002212 ) ) ;
#2669 = ORIENTED_EDGE ( 'NONE', *, *, #1622, .F. ) ;
#2670 = CARTESIAN_POINT ( 'NONE',  ( -0.1708008019611570449, 0.05962008070519069641, 0.4990000000000002212 ) ) ;
#2671 = PLANE ( 'NONE',  #1829 ) ;
#2672 = VECTOR ( 'NONE', #4577, 1000.000000000000000 ) ;
#2673 = CARTESIAN_POINT ( 'NONE',  ( 0.09663197745901434821, -0.1445666738936624285, 0.4989999999999999991 ) ) ;
#2674 = CARTESIAN_POINT ( 'NONE',  ( -0.2819739970886834812, 0.1631342056551429165, 0.5000000000000000000 ) ) ;
#2675 = FACE_OUTER_BOUND ( 'NONE', #5868, .T. ) ;
#2676 =( NAMED_UNIT ( * ) SI_UNIT ( $, .STERADIAN. ) SOLID_ANGLE_UNIT ( ) );
#2677 = ORIENTED_EDGE ( 'NONE', *, *, #2942, .T. ) ;
#2678 = CARTESIAN_POINT ( 'NONE',  ( 0.05829317617811491381, 0.09950286129776174382, 0.4999999999999998890 ) ) ;
#2679 = COLOUR_RGB ( '',0.7686274509803920907, 0.7686274509803920907, 0.7686274509803920907 ) ;
#2680 = CARTESIAN_POINT ( 'NONE',  ( -0.1451307371550470127, 0.05305545616126109559, 0.4999999999999998890 ) ) ;
#2682 = CARTESIAN_POINT ( 'NONE',  ( 0.08812481905566757479, -0.1442473685166454911, 0.4989999999999997771 ) ) ;
#2681 = CARTESIAN_POINT ( 'NONE',  ( 0.2437189190253510052, 0.09092548626481507246, 0.4990000000000001101 ) ) ;
#2683 = CARTESIAN_POINT ( 'NONE',  ( -0.09005288347600774734, -0.1133338713050828506, 0.4990000000000001101 ) ) ;
#2684 = CARTESIAN_POINT ( 'NONE',  ( 0.2117496722642091544, 0.08919955987257130459, 0.5000000000000000000 ) ) ;
#2685 = ORIENTED_EDGE ( 'NONE', *, *, #2921, .T. ) ;
#2686 = LINE ( 'NONE', #5292, #4768 ) ;
#2687 = CARTESIAN_POINT ( 'NONE',  ( 0.3188486808873262079, -0.004829237549153171834, 0.4989999999999998881 ) ) ;
#2688 = VECTOR ( 'NONE', #573, 1000.000000000000227 ) ;
#2689 = CARTESIAN_POINT ( 'NONE',  ( 0.2748787307057675711, 0.03812407285958428066, 0.4989999999999999991 ) ) ;
#2690 = CARTESIAN_POINT ( 'NONE',  ( -0.02006807507870233057, -0.08446720488111582326, 0.5000000000000000000 ) ) ;
#2691 = COLOUR_RGB ( '',1.000000000000000000, 1.000000000000000000, 1.000000000000000000 ) ;
#2692 = CARTESIAN_POINT ( 'NONE',  ( -0.1331163991643622702, 0.09924420272971415380, 0.4989999999999999991 ) ) ;
#2693 = DIRECTION ( 'NONE',  ( -0.0000000000000000000, 1.000000000000000000, 0.0000000000000000000 ) ) ;
#2694 = CARTESIAN_POINT ( 'NONE',  ( -0.03069739980922111741, -0.1083692444046392839, 0.5000000000000001110 ) ) ;
#2695 = COLOUR_RGB ( '',0.0000000000000000000, 0.0000000000000000000, 0.0000000000000000000 ) ;
#2696 = B_SPLINE_SURFACE_WITH_KNOTS ( 'NONE', 3, 1, ( 
 ( #2502, #3631 ),
 ( #1011, #3112 ),
 ( #5203, #501 ),
 ( #2091, #4702 ),
 ( #6789, #3988 ),
 ( #155, #1196 ),
 ( #193, #2768 ),
 ( #779, #4511 ),
 ( #5917, #2399 ),
 ( #4371, #3430 ),
 ( #4876, #5956 ),
 ( #2293, #1301 ),
 ( #1752, #822 ),
 ( #2805, #2840 ),
 ( #4910, #1265 ),
 ( #1862, #4478 ),
 ( #3918, #706 ),
 ( #4403, #3849 ),
 ( #6476, #3362 ) ),
 .UNSPECIFIED., .F., .F., .F.,
 ( 4, 1, 1, 1, 1, 1, 1, 1, 1, 1, 1, 1, 1, 1, 1, 1, 4 ),
 ( 2, 2 ),
 ( 0.0000000000000000000, 0.09514348807164518806, 0.1847457720530777392, 0.2683084903083867712, 0.3466242220093578297, 0.4193377299534534197, 0.4872737010492216858, 0.5502487944465246361, 0.6091667059941573426, 0.6639479924279677592, 0.7154822751577647466, 0.7640415713753497817, 0.8109810218191543241, 0.8569367060899879540, 0.9028761937633786872, 0.9504445482262284806, 1.000000000000000000 ),
 ( 0.0000000000000000000, 1.000000000000000000 ),
 .UNSPECIFIED. ) ;
#2697 = EDGE_CURVE ( 'NONE', #6388, #314, #4043, .T. ) ;
#2698 = CARTESIAN_POINT ( 'NONE',  ( -0.2533571572230679525, 0.1554630555548097981, 0.4989999999999998881 ) ) ;
#2699 = CARTESIAN_POINT ( 'NONE',  ( -0.1390933949929123448, -0.07081631846885041992, 0.5000000000000001110 ) ) ;
#2700 = CARTESIAN_POINT ( 'NONE',  ( -0.02257130287735432603, 0.005483972497755737821, 0.4989999999999998881 ) ) ;
#2701 = CARTESIAN_POINT ( 'NONE',  ( 0.4999999999999998890, -0.3499999999999999223, 0.5000000000000000000 ) ) ;
#2702 = CARTESIAN_POINT ( 'NONE',  ( 0.2078535683681052015, -0.05885238817937674116, 0.4989999999999999991 ) ) ;
#2703 = VECTOR ( 'NONE', #4064, 1000.000000000000000 ) ;
#2704 = FILL_AREA_STYLE_COLOUR ( '', #1026 ) ;
#2705 = ADVANCED_FACE ( 'NONE', ( #2986 ), #1553, .T. ) ;
#2706 = CARTESIAN_POINT ( 'NONE',  ( -0.1391943446086060243, -0.01502161440159732048, 0.5000000000000001110 ) ) ;
#2707 = VERTEX_POINT ( 'NONE', #4644 ) ;
#2708 = CARTESIAN_POINT ( 'NONE',  ( -0.2877721559569761389, 0.1320004655111084169, 0.5000000000000000000 ) ) ;
#2709 = AXIS2_PLACEMENT_3D ( 'NONE', #2826, #5390, #1771 ) ;
#2710 = CARTESIAN_POINT ( 'NONE',  ( -0.04539318487864799773, -0.04387673882872740461, 0.4989999999999999991 ) ) ;
#2711 = VERTEX_POINT ( 'NONE', #6765 ) ;
#2712 = CARTESIAN_POINT ( 'NONE',  ( 0.05552375954051305684, 0.09095850755464338078, 0.5000000000000002220 ) ) ;
#2713 =( NAMED_UNIT ( * ) PLANE_ANGLE_UNIT ( ) SI_UNIT ( $, .RADIAN. ) );
#2714 = CARTESIAN_POINT ( 'NONE',  ( -0.1469483955771161143, 0.02006500091758352255, 0.4990000000000001101 ) ) ;
#2715 = CARTESIAN_POINT ( 'NONE',  ( -0.06661540059195832086, -0.1030066816047680023, 0.4990000000000001101 ) ) ;
#2716 = CARTESIAN_POINT ( 'NONE',  ( 0.2132556190571473498, 0.09796386959251054960, 0.5000000000000001110 ) ) ;
#2717 = ORIENTED_EDGE ( 'NONE', *, *, #2321, .T. ) ;
#2718 = CARTESIAN_POINT ( 'NONE',  ( 0.3222676577043134261, 0.1052069939248923558, 0.4990000000000001101 ) ) ;
#2719 = CARTESIAN_POINT ( 'NONE',  ( -0.3637348514647811837, 0.04450253193274573971, 0.4990000000000001101 ) ) ;
#2720 = FILL_AREA_STYLE ('',( #3341 ) ) ;
#2721 = CARTESIAN_POINT ( 'NONE',  ( -0.2185770607340322691, 0.1093140923355265803, 0.4990000000000001101 ) ) ;
#2722 = UNCERTAINTY_MEASURE_WITH_UNIT (LENGTH_MEASURE( 1.000000000000000082E-05 ), #1853, 'distance_accuracy_value', 'NONE');
#2723 = CARTESIAN_POINT ( 'NONE',  ( -0.07035555472643395536, -0.1418690562759650775, 0.4990000000000001101 ) ) ;
#2724 = DIRECTION ( 'NONE',  ( -1.000000000000000000, 0.0000000000000000000, 6.255012533570220164E-16 ) ) ;
#2725 = DIRECTION ( 'NONE',  ( -0.0000000000000000000, -0.0000000000000000000, 1.000000000000000000 ) ) ;
#2726 = ADVANCED_FACE ( 'NONE', ( #4780 ), #10, .T. ) ;
#2727 = AXIS2_PLACEMENT_3D ( 'NONE', #2661, #534, #6070 ) ;
#2728 = CARTESIAN_POINT ( 'NONE',  ( -0.08680553610769864425, 0.1319072187009056596, 0.4989999999999998881 ) ) ;
#2729 = CARTESIAN_POINT ( 'NONE',  ( -0.06627420348484054646, 0.05054113659290425387, 0.4989999999999999991 ) ) ;
#2730 = DIRECTION ( 'NONE',  ( 1.000000000000000000, -0.0000000000000000000, -9.680376540049147084E-17 ) ) ;
#2731 = PRODUCT_DEFINITION_FORMATION_WITH_SPECIFIED_SOURCE ( 'ANY', '', #4302, .NOT_KNOWN. ) ;
#2732 = CARTESIAN_POINT ( 'NONE',  ( -0.08989399656695966356, -0.1445666738936624285, 0.5000000000000000000 ) ) ;
#2733 = EDGE_CURVE ( 'NONE', #2711, #1754, #2468, .T. ) ;
#2734 = DIRECTION ( 'NONE',  ( 1.000000000000000000, 0.0000000000000000000, -0.0000000000000000000 ) ) ;
#2735 = DIRECTION ( 'NONE',  ( -1.355252715606880937E-15, -1.000000000000000000, 0.0000000000000000000 ) ) ;
#2736 = EDGE_LOOP ( 'NONE', ( #2329, #5669, #2377, #5649 ) ) ;
#2737 = CARTESIAN_POINT ( 'NONE',  ( -0.3329878081225437492, 0.04209822964776982479, 0.5000000000000002220 ) ) ;
#2738 = B_SPLINE_CURVE_WITH_KNOTS ( 'NONE', 3,
 ( #288, #4504, #322, #1888, #3910, #1374, #5984, #3461, #5544, #1294, #5473 ),
 .UNSPECIFIED., .F., .F.,
 ( 4, 1, 1, 1, 1, 1, 1, 1, 4 ),
 ( 0.0000000000000000000, 0.1368690137668589213, 0.2661309337679564346, 0.3902278937045994267, 0.5119954587179704752, 0.6322911673904002550, 0.7536066998355525071, 0.8757019646520879386, 1.000000000000000000 ),
 .UNSPECIFIED. ) ;
#2739 = CARTESIAN_POINT ( 'NONE',  ( 0.09571882810836498945, 0.1320567027297141205, 0.4989999999999999991 ) ) ;
#2740 = ORIENTED_EDGE ( 'NONE', *, *, #2851, .T. ) ;
#2741 = DIRECTION ( 'NONE',  ( 0.0000000000000000000, 0.0000000000000000000, -1.000000000000000000 ) ) ;
#2742 = EDGE_CURVE ( 'NONE', #6270, #3327, #3134, .T. ) ;
#2743 = CARTESIAN_POINT ( 'NONE',  ( -0.2364647490256541473, -0.007537670874974896143, 0.4999999999999996669 ) ) ;
#2744 = FACE_OUTER_BOUND ( 'NONE', #2620, .T. ) ;
#2745 = CARTESIAN_POINT ( 'NONE',  ( -0.08274435718617707824, -0.1123509389467723246, 0.4999999999999997780 ) ) ;
#2746 = CARTESIAN_POINT ( 'NONE',  ( -0.09633459991496384767, 0.1628560467428562530, 0.4989999999999999991 ) ) ;
#2747 = EDGE_LOOP ( 'NONE', ( #2807, #3728, #2401, #1834 ) ) ;
#2748 = CARTESIAN_POINT ( 'NONE',  ( 0.3011380419562818544, 0.1292113236194647463, 0.4990000000000001101 ) ) ;
#2749 = CARTESIAN_POINT ( 'NONE',  ( 0.3213651665041622474, 0.06692552753256846010, 0.4990000000000001101 ) ) ;
#2750 =( NAMED_UNIT ( * ) PLANE_ANGLE_UNIT ( ) SI_UNIT ( $, .RADIAN. ) );
#2751 = CARTESIAN_POINT ( 'NONE',  ( 0.3290870202938867006, 0.02179582990934207654, 0.4989999999999999991 ) ) ;
#2752 = CARTESIAN_POINT ( 'NONE',  ( -0.07998151782653596664, -0.1441578021682543009, 0.4989999999999998881 ) ) ;
#2753 = SURFACE_STYLE_FILL_AREA ( #1150 ) ;
#2754 = CARTESIAN_POINT ( 'NONE',  ( -0.2705972086702301271, 0.1286922356254946165, 0.4989999999999997771 ) ) ;
#2755 = CARTESIAN_POINT ( 'NONE',  ( -0.3370639253709778460, -0.1180972743984682466, 0.4989999999999999991 ) ) ;
#2756 = CARTESIAN_POINT ( 'NONE',  ( -0.06296337964791492992, 0.1190112801553859789, 0.4989999999999998881 ) ) ;
#2757 = EDGE_CURVE ( 'NONE', #777, #4480, #4456, .T. ) ;
#2758 = CARTESIAN_POINT ( 'NONE',  ( -0.07385562815205171106, 0.1622063892294314247, 0.5000000000000000000 ) ) ;
#2759 = MECHANICAL_DESIGN_GEOMETRIC_PRESENTATION_REPRESENTATION (  '', ( #4336 ), #673 ) ;
#2761 = DIRECTION ( 'NONE',  ( 0.0000000000000000000, 0.0000000000000000000, -1.000000000000000000 ) ) ;
#2760 = MECHANICAL_DESIGN_GEOMETRIC_PRESENTATION_REPRESENTATION (  '', ( #4750 ), #4544 ) ;
#2762 = CARTESIAN_POINT ( 'NONE',  ( 0.7800000000000001377, -0.4500000000000000111, 0.4800000000000001488 ) ) ;
#2763 = CARTESIAN_POINT ( 'NONE',  ( -0.3318977129666572101, -0.03820148929383110348, 0.4999999999999998890 ) ) ;
#2764 = PRESENTATION_LAYER_ASSIGNMENT (  '', '', ( #6173 ) ) ;
#2765 = STYLED_ITEM ( 'NONE', ( #6541 ), #586 ) ;
#2766 = PLANE ( 'NONE',  #2012 ) ;
#2767 = CARTESIAN_POINT ( 'NONE',  ( 0.3051871817514259511, -0.1090758128106471408, 0.5000000000000000000 ) ) ;
#2768 = CARTESIAN_POINT ( 'NONE',  ( -0.3571544802212698877, 0.08941556916950811618, 0.4999999999999998890 ) ) ;
#2769 = CARTESIAN_POINT ( 'NONE',  ( 0.5200000000000000178, 0.4500000000000000111, 0.4800000000000000377 ) ) ;
#2770 = EDGE_LOOP ( 'NONE', ( #2366, #3035, #8, #6003 ) ) ;
#2771 = VECTOR ( 'NONE', #6441, 1000.000000000000000 ) ;
#2772 = CARTESIAN_POINT ( 'NONE',  ( 0.05132807408852072678, 0.06946465380086946917, 0.5000000000000002220 ) ) ;
#2773 = CARTESIAN_POINT ( 'NONE',  ( -0.2571776990125180795, -0.09921352014837230004, 0.4989999999999998881 ) ) ;
#2775 = DIRECTION ( 'NONE',  ( -0.0000000000000000000, -0.0000000000000000000, 1.000000000000000000 ) ) ;
#2774 = CARTESIAN_POINT ( 'NONE',  ( 0.2437189190253510052, 0.09092548626481507246, 0.5000000000000001110 ) ) ;
#2776 = EDGE_CURVE ( 'NONE', #521, #6162, #6570, .T. ) ;
#2777 = CARTESIAN_POINT ( 'NONE',  ( -0.04611727108253430019, -0.05913457398695099593, 0.4999999999999998890 ) ) ;
#2778 = CARTESIAN_POINT ( 'NONE',  ( 0.03692303875622395676, 0.1239936458895451454, 0.5000000000000000000 ) ) ;
#2779 = VERTEX_POINT ( 'NONE', #3568 ) ;
#2780 = LINE ( 'NONE', #3859, #3153 ) ;
#2781 = CARTESIAN_POINT ( 'NONE',  ( -0.3335782352546860507, 0.1412518975797310561, 0.4990000000000001101 ) ) ;
#2782 = VECTOR ( 'NONE', #5525, 1000.000000000000114 ) ;
#2783 = EDGE_CURVE ( 'NONE', #1874, #5567, #3603, .T. ) ;
#2784 = DIRECTION ( 'NONE',  ( -0.0000000000000000000, -0.0000000000000000000, 1.000000000000000000 ) ) ;
#2785 = COLOUR_RGB ( '',1.000000000000000000, 1.000000000000000000, 1.000000000000000000 ) ;
#2786 = VERTEX_POINT ( 'NONE', #1021 ) ;
#2787 = FILL_AREA_STYLE ('',( #5936 ) ) ;
#2788 = DIRECTION ( 'NONE',  ( -6.027020756116583434E-14, -6.791548936780120493E-13, 1.000000000000000000 ) ) ;
#2789 =( LENGTH_UNIT ( ) NAMED_UNIT ( * ) SI_UNIT ( .MILLI., .METRE. ) );
#2790 = STYLED_ITEM ( 'NONE', ( #2326 ), #3665 ) ;
#2791 = CARTESIAN_POINT ( 'NONE',  ( -0.2364640739807641057, 0.02637922621971367995, 0.4990000000000001101 ) ) ;
#2792 = CARTESIAN_POINT ( 'NONE',  ( -0.3526572257224306894, -0.08929986669294548429, 0.5000000000000002220 ) ) ;
#2793 = CARTESIAN_POINT ( 'NONE',  ( -0.08276375754967357778, 0.1312127853882528172, 0.5000000000000000000 ) ) ;
#2794 = PRESENTATION_STYLE_ASSIGNMENT (( #694 ) ) ;
#2795 = PRESENTATION_LAYER_ASSIGNMENT (  '', '', ( #3028 ) ) ;
#2796 = CARTESIAN_POINT ( 'NONE',  ( 0.5399999999999999245, -0.3499999999999999778, -0.0009999999999999158867 ) ) ;
#2797 = CARTESIAN_POINT ( 'NONE',  ( 0.2548467612129464155, 0.1173408546320624385, 0.5000000000000001110 ) ) ;
#2798 = CARTESIAN_POINT ( 'NONE',  ( -0.1148203845835122777, 0.1238872428420599581, 0.5000000000000000000 ) ) ;
#2799 =( GEOMETRIC_REPRESENTATION_CONTEXT ( 3 ) GLOBAL_UNCERTAINTY_ASSIGNED_CONTEXT ( ( #4181 ) ) GLOBAL_UNIT_ASSIGNED_CONTEXT ( ( #2789, #6342, #4271 ) ) REPRESENTATION_CONTEXT ( 'NONE', 'WORKASPACE' ) );
#2800 =( NAMED_UNIT ( * ) SI_UNIT ( $, .STERADIAN. ) SOLID_ANGLE_UNIT ( ) );
#2801 = CARTESIAN_POINT ( 'NONE',  ( 0.2883569717858376902, -0.1444813990183582975, 0.5000000000000000000 ) ) ;
#2803 = ORIENTED_EDGE ( 'NONE', *, *, #3080, .T. ) ;
#2802 = CARTESIAN_POINT ( 'NONE',  ( 0.1380357759274407348, -0.07233360512463149483, 0.4989999999999999991 ) ) ;
#2804 = CARTESIAN_POINT ( 'NONE',  ( -0.4999999999999998890, -0.4500000000000000111, 0.5000000000000000000 ) ) ;
#2805 = CARTESIAN_POINT ( 'NONE',  ( -0.3197109283856761630, 0.1536574566385918994, 0.4989999999999999991 ) ) ;
#2806 = CARTESIAN_POINT ( 'NONE',  ( -0.7800000000000001377, -0.4500000000000000111, 0.02000000000000005246 ) ) ;
#2807 = ORIENTED_EDGE ( 'NONE', *, *, #119, .F. ) ;
#2808 = CARTESIAN_POINT ( 'NONE',  ( 0.1689760337381095434, -0.07063859189469524902, 0.4989999999999999991 ) ) ;
#2809 = CARTESIAN_POINT ( 'NONE',  ( -0.06284479118741233272, 0.009565090596238730314, 0.4989999999999999991 ) ) ;
#2810 = STYLED_ITEM ( 'NONE', ( #4725 ), #4809 ) ;
#2811 = CARTESIAN_POINT ( 'NONE',  ( 0.09571882810836498945, 0.1320567027297141205, 0.4989999999999999991 ) ) ;
#2812 = EDGE_CURVE ( 'NONE', #4276, #5065, #5662, .T. ) ;
#2813 = B_SPLINE_CURVE_WITH_KNOTS ( 'NONE', 3,
 ( #1810, #6543, #2904, #1850, #3941, #319, #3978, #285, #5573, #6023, #2391 ),
 .UNSPECIFIED., .F., .F.,
 ( 4, 1, 1, 1, 1, 1, 1, 1, 4 ),
 ( 0.0000000000000000000, 0.1460934072588553900, 0.2807653956959290098, 0.4078528472673215166, 0.5330134349440077690, 0.6543045952165966739, 0.7685386257706688928, 0.8821204430880589253, 1.000000000000000000 ),
 .UNSPECIFIED. ) ;
#2815 = CARTESIAN_POINT ( 'NONE',  ( 0.03890865785696127899, -0.1099190716672146517, 0.4989999999999998881 ) ) ;
#2814 = CARTESIAN_POINT ( 'NONE',  ( 0.2431909567867998612, 0.08721713809574778431, 0.4989999999999999991 ) ) ;
#2816 = CARTESIAN_POINT ( 'NONE',  ( -0.2051334446189077287, 0.009207676755688173204, 0.4989999999999999991 ) ) ;
#2817 = CARTESIAN_POINT ( 'NONE',  ( -0.2792702520892186291, -0.1132250639287294691, 0.4990000000000001101 ) ) ;
#2818 = ORIENTED_EDGE ( 'NONE', *, *, #635, .T. ) ;
#2819 =( NAMED_UNIT ( * ) PLANE_ANGLE_UNIT ( ) SI_UNIT ( $, .RADIAN. ) );
#2820 = CARTESIAN_POINT ( 'NONE',  ( -0.08483918726354544582, 0.1631612067568236624, 0.4989999999999999991 ) ) ;
#2821 = CARTESIAN_POINT ( 'NONE',  ( 0.09663197745901434821, -0.1445666738936624285, 0.5000000000000001110 ) ) ;
#2822 = PRESENTATION_STYLE_ASSIGNMENT (( #4996 ) ) ;
#2823 = FILL_AREA_STYLE_COLOUR ( '', #5308 ) ;
#2824 = CARTESIAN_POINT ( 'NONE',  ( 0.3643772758035924153, -0.02310548259187888281, 0.5000000000000001110 ) ) ;
#2825 = ORIENTED_EDGE ( 'NONE', *, *, #5969, .T. ) ;
#2826 = CARTESIAN_POINT ( 'NONE',  ( -0.7800000000000001377, -0.4500000000000000111, 0.02000000000000005246 ) ) ;
#2827 = CARTESIAN_POINT ( 'NONE',  ( 0.0000000000000000000, -0.4500000000000000111, 0.0000000000000000000 ) ) ;
#2828 = EDGE_CURVE ( 'NONE', #2386, #5516, #5785, .T. ) ;
#2829 = CARTESIAN_POINT ( 'NONE',  ( -0.2499020871154995771, 0.1071126610619843184, 0.4999999999999998890 ) ) ;
#2830 = PRESENTATION_LAYER_ASSIGNMENT (  '', '', ( #4057 ) ) ;
#2831 =( LENGTH_UNIT ( ) NAMED_UNIT ( * ) SI_UNIT ( .MILLI., .METRE. ) );
#2832 = CARTESIAN_POINT ( 'NONE',  ( 0.5200000000000000178, 0.4500000000000000111, 0.4800000000000000377 ) ) ;
#2833 = CARTESIAN_POINT ( 'NONE',  ( 0.1284610245951137986, 0.1554630555548099091, 0.4990000000000001101 ) ) ;
#2834 = FILL_AREA_STYLE ('',( #1855 ) ) ;
#2835 =( NAMED_UNIT ( * ) PLANE_ANGLE_UNIT ( ) SI_UNIT ( $, .RADIAN. ) );
#2836 = CARTESIAN_POINT ( 'NONE',  ( -0.1243899155541010465, 0.009551084425757541685, 0.5000000000000001110 ) ) ;
#2838 = ORIENTED_EDGE ( 'NONE', *, *, #2085, .T. ) ;
#2837 = CARTESIAN_POINT ( 'NONE',  ( 0.1246404828056636438, -0.09921352014837235556, 0.4989999999999999991 ) ) ;
#2839 = PLANE ( 'NONE',  #6749 ) ;
#2840 = CARTESIAN_POINT ( 'NONE',  ( -0.3197109283856761630, 0.1536574566385918994, 0.5000000000000000000 ) ) ;
#2841 = DIRECTION ( 'NONE',  ( -0.0000000000000000000, -0.0000000000000000000, 1.000000000000000000 ) ) ;
#2842 = ORIENTED_EDGE ( 'NONE', *, *, #6506, .F. ) ;
#2843 = FILL_AREA_STYLE_COLOUR ( '', #5866 ) ;
#2844 = SURFACE_SIDE_STYLE ('',( #4439 ) ) ;
#2845 = CARTESIAN_POINT ( 'NONE',  ( -0.2792702520892186291, -0.1132250639287294691, 0.4990000000000001101 ) ) ;
#2847 = CARTESIAN_POINT ( 'NONE',  ( 0.3586809107306929700, -0.007513528459973949775, 0.5000000000000000000 ) ) ;
#2846 = CARTESIAN_POINT ( 'NONE',  ( 0.04827147997598129486, -0.007680015203016255822, 0.4990000000000001101 ) ) ;
#2848 = CARTESIAN_POINT ( 'NONE',  ( 0.1379937489256583272, 0.09149283822291183477, 0.5000000000000001110 ) ) ;
#2849 = CARTESIAN_POINT ( 'NONE',  ( 0.04230574294708743660, 0.1331978084637004400, 0.5000000000000001110 ) ) ;
#2850 = EDGE_LOOP ( 'NONE', ( #5583, #2934, #4126, #6628 ) ) ;
#2851 = EDGE_CURVE ( 'NONE', #5927, #4844, #2882, .T. ) ;
#2852 =( NAMED_UNIT ( * ) SI_UNIT ( $, .STERADIAN. ) SOLID_ANGLE_UNIT ( ) );
#2853 = CARTESIAN_POINT ( 'NONE',  ( -0.1062202987375197583, -0.1107691716536142873, 0.4999999999999997780 ) ) ;
#2854 = CARTESIAN_POINT ( 'NONE',  ( -0.05057643905231317544, 0.1526620295608074607, 0.4989999999999999991 ) ) ;
#2855 = CARTESIAN_POINT ( 'NONE',  ( -0.4999999999999998890, -0.4500000000000000111, 0.5000000000000000000 ) ) ;
#2856 = CARTESIAN_POINT ( 'NONE',  ( 0.3067673715668215451, 0.003529839590780302610, 0.4999999999999998890 ) ) ;
#2857 = CARTESIAN_POINT ( 'NONE',  ( 0.3559055164200533583, 0.08512082610633753266, 0.4990000000000001101 ) ) ;
#2858 = EDGE_LOOP ( 'NONE', ( #4229, #5548, #2989, #3472, #6177, #6359, #2472, #6121, #739, #6149, #4318, #6733, #5753, #3613, #387, #5407, #1578 ) ) ;
#2859 = EDGE_CURVE ( 'NONE', #704, #6795, #2223, .T. ) ;
#2860 = CARTESIAN_POINT ( 'NONE',  ( -0.1427466754882738553, -0.03920795902693919449, 0.4989999999999999991 ) ) ;
#2861 = CARTESIAN_POINT ( 'NONE',  ( 0.1436813923477992250, -0.03785127457177712984, 0.4989999999999999991 ) ) ;
#2862 = CARTESIAN_POINT ( 'NONE',  ( -0.1647825383223563700, 0.09083752087112813289, 0.4990000000000001101 ) ) ;
#2863 = CARTESIAN_POINT ( 'NONE',  ( -0.3646768411811854294, -0.01067170301994723770, 0.5000000000000003331 ) ) ;
#2864 = CARTESIAN_POINT ( 'NONE',  ( -0.3200784605170709507, -0.08839569932422397525, 0.4990000000000001101 ) ) ;
#2865 = CARTESIAN_POINT ( 'NONE',  ( 0.09699723719927409726, 0.1632255338985452997, 0.5000000000000000000 ) ) ;
#2866 = EDGE_CURVE ( 'NONE', #4844, #6698, #6471, .T. ) ;
#2867 = CARTESIAN_POINT ( 'NONE',  ( -0.02093028071873831789, 0.1060637226118741894, 0.5000000000000002220 ) ) ;
#2868 = CARTESIAN_POINT ( 'NONE',  ( 0.0000000000000000000, 0.4500000000000000111, 0.0000000000000000000 ) ) ;
#2869 = LINE ( 'NONE', #6027, #3832 ) ;
#2870 =( NAMED_UNIT ( * ) SI_UNIT ( $, .STERADIAN. ) SOLID_ANGLE_UNIT ( ) );
#2871 = CARTESIAN_POINT ( 'NONE',  ( 0.2877845748616116861, 0.007381378054389486909, 0.5000000000000001110 ) ) ;
#2872 = LINE ( 'NONE', #1297, #4553 ) ;
#2873 = EDGE_CURVE ( 'NONE', #3241, #2072, #1887, .T. ) ;
#2875 = ORIENTED_EDGE ( 'NONE', *, *, #95, .T. ) ;
#2874 = CARTESIAN_POINT ( 'NONE',  ( 0.2860800294070662830, -0.1133978427248312909, 0.5000000000000000000 ) ) ;
#2876 = SURFACE_STYLE_FILL_AREA ( #5481 ) ;
#2877 = CARTESIAN_POINT ( 'NONE',  ( -0.2370205005000041165, -0.02343912402562274219, 0.5000000000000001110 ) ) ;
#2878 = VERTEX_POINT ( 'NONE', #5365 ) ;
#2879 = CARTESIAN_POINT ( 'NONE',  ( 0.2877845748616117416, 0.007381378054389486909, 0.4990000000000001101 ) ) ;
#2880 = CARTESIAN_POINT ( 'NONE',  ( 0.3221189904460273201, 0.02393981961283103005, 0.5000000000000001110 ) ) ;
#2881 =( GEOMETRIC_REPRESENTATION_CONTEXT ( 3 ) GLOBAL_UNCERTAINTY_ASSIGNED_CONTEXT ( ( #175 ) ) GLOBAL_UNIT_ASSIGNED_CONTEXT ( ( #5132, #531, #3180 ) ) REPRESENTATION_CONTEXT ( 'NONE', 'WORKASPACE' ) );
#2882 = B_SPLINE_CURVE_WITH_KNOTS ( 'NONE', 3,
 ( #4707, #4774, #1053, #5333, #4331, #1088, #2098, #6340, #6402, #3189, #5270 ),
 .UNSPECIFIED., .F., .F.,
 ( 4, 1, 1, 1, 1, 1, 1, 1, 4 ),
 ( 0.0000000000000000000, 0.1409883969302530571, 0.2743358958706809680, 0.4023709462871973286, 0.5268425871878937850, 0.6486872251700482872, 0.7671360527700550325, 0.8830996635531125349, 1.000000000000000000 ),
 .UNSPECIFIED. ) ;
#2883 = SURFACE_STYLE_FILL_AREA ( #3958 ) ;
#2885 = CARTESIAN_POINT ( 'NONE',  ( 0.02535664550054100505, -0.07668518716176138394, 0.4989999999999998881 ) ) ;
#2884 = CARTESIAN_POINT ( 'NONE',  ( 0.07329957202106884839, -0.1037373534998122515, 0.4999999999999997780 ) ) ;
#2886 = PRESENTATION_LAYER_ASSIGNMENT (  '', '', ( #5392 ) ) ;
#2887 = CARTESIAN_POINT ( 'NONE',  ( 0.2652519025519834983, 0.1607224679713675219, 0.5000000000000000000 ) ) ;
#2888 = ORIENTED_EDGE ( 'NONE', *, *, #437, .T. ) ;
#2889 = PRESENTATION_STYLE_ASSIGNMENT (( #789 ) ) ;
#2890 = CARTESIAN_POINT ( 'NONE',  ( -0.1427957822812453703, -0.04162430376379233632, 0.4999999999999998890 ) ) ;
#2891 = STYLED_ITEM ( 'NONE', ( #686 ), #2408 ) ;
#2892 = COLOUR_RGB ( '',0.7686274509803920907, 0.7686274509803920907, 0.7686274509803920907 ) ;
#2893 = CARTESIAN_POINT ( 'NONE',  ( -0.02093028071873831789, 0.1060637226118741894, 0.5000000000000002220 ) ) ;
#2895 = LINE ( 'NONE', #4956, #1684 ) ;
#2894 = FILL_AREA_STYLE ('',( #794 ) ) ;
#2896 = FACE_OUTER_BOUND ( 'NONE', #296, .T. ) ;
#2897 = CARTESIAN_POINT ( 'NONE',  ( 0.2417489876497620482, -0.06852521811738065960, 0.4989999999999999991 ) ) ;
#2898 = CARTESIAN_POINT ( 'NONE',  ( 0.3618745318371427988, -0.01497976246722242805, 0.5000000000000001110 ) ) ;
#2899 = ORIENTED_EDGE ( 'NONE', *, *, #6665, .F. ) ;
#2900 = CARTESIAN_POINT ( 'NONE',  ( -0.1427466754882738553, -0.03920795902693919449, 0.5000000000000000000 ) ) ;
#2901 = CARTESIAN_POINT ( 'NONE',  ( 0.2242114674806416907, 0.1279557830040737310, 0.4989999999999998881 ) ) ;
#2902 = PRESENTATION_LAYER_ASSIGNMENT (  '', '', ( #4985 ) ) ;
#2903 = B_SPLINE_CURVE_WITH_KNOTS ( 'NONE', 3,
 ( #4195, #1116, #5848, #1085, #2630, #3117, #536, #5236, #1650, #3709, #5712, #4737, #470, #18, #5781, #2564, #3634, #595, #3771 ),
 .UNSPECIFIED., .F., .F.,
 ( 4, 1, 1, 1, 1, 1, 1, 1, 1, 1, 1, 1, 1, 1, 1, 1, 4 ),
 ( 0.0000000000000000000, 0.08099605264561313134, 0.1579582026568584485, 0.2318770354036165660, 0.3024131313156078749, 0.3709497930061546045, 0.4370260810808076490, 0.5022962965492335785, 0.5662217041389586702, 0.6285000012988052331, 0.6866331429058430968, 0.7424589460469008806, 0.7953342075807496858, 0.8471425193282594579, 0.8981511789696261516, 0.9488395059414211907, 1.000000000000000000 ),
 .UNSPECIFIED. ) ;
#2904 = CARTESIAN_POINT ( 'NONE',  ( 0.3243285117430302900, 0.09634541504918801846, 0.5000000000000000000 ) ) ;
#2905 = CARTESIAN_POINT ( 'NONE',  ( 0.1135932613614693554, 0.1614758553789334139, 0.4990000000000001101 ) ) ;
#2906 = CARTESIAN_POINT ( 'NONE',  ( -0.03625830110339453571, 0.1392865093036545210, 0.5000000000000000000 ) ) ;
#2907 =( NAMED_UNIT ( * ) PLANE_ANGLE_UNIT ( ) SI_UNIT ( $, .RADIAN. ) );
#2908 = LINE ( 'NONE', #2762, #5572 ) ;
#2909 = VECTOR ( 'NONE', #3646, 1000.000000000000000 ) ;
#2910 = CARTESIAN_POINT ( 'NONE',  ( -0.5399999999999999245, -0.3499999999999999778, 0.4800000000000000377 ) ) ;
#2911 = FILL_AREA_STYLE_COLOUR ( '', #5743 ) ;
#2912 =( LENGTH_UNIT ( ) NAMED_UNIT ( * ) SI_UNIT ( .MILLI., .METRE. ) );
#2914 = VERTEX_POINT ( 'NONE', #6503 ) ;
#2913 = CARTESIAN_POINT ( 'NONE',  ( -0.2313186448682217067, 0.1340845385474428164, 0.4989999999999999991 ) ) ;
#2915 = DIRECTION ( 'NONE',  ( 0.0000000000000000000, 0.0000000000000000000, 1.000000000000000000 ) ) ;
#2916 = LINE ( 'NONE', #4372, #5663 ) ;
#2917 = VERTEX_POINT ( 'NONE', #5506 ) ;
#2918 =( LENGTH_UNIT ( ) NAMED_UNIT ( * ) SI_UNIT ( .MILLI., .METRE. ) );
#2919 = CARTESIAN_POINT ( 'NONE',  ( -0.07924841908025068160, 0.02064106499926205568, 0.5000000000000001110 ) ) ;
#2920 = PRESENTATION_LAYER_ASSIGNMENT (  '', '', ( #4790 ) ) ;
#2921 = EDGE_CURVE ( 'NONE', #5152, #6380, #1579, .T. ) ;
#2922 = SURFACE_SIDE_STYLE ('',( #828 ) ) ;
#2923 = CARTESIAN_POINT ( 'NONE',  ( 0.1281982116202533550, 0.1129808212730619016, 0.5000000000000004441 ) ) ;
#2924 = COLOUR_RGB ( '',1.000000000000000000, 1.000000000000000000, 1.000000000000000000 ) ;
#2925 = CARTESIAN_POINT ( 'NONE',  ( -0.2363579865423980908, 0.003545838003839403563, 0.4989999999999998881 ) ) ;
#2926 = ORIENTED_EDGE ( 'NONE', *, *, #428, .F. ) ;
#2927 = CARTESIAN_POINT ( 'NONE',  ( 0.04816913369018169244, 0.01511299779022749930, 0.5000000000000000000 ) ) ;
#2928 = CARTESIAN_POINT ( 'NONE',  ( -0.1235957427217002219, -0.09832597123403409578, 0.4989999999999998881 ) ) ;
#2929 = COLOUR_RGB ( '',1.000000000000000000, 1.000000000000000000, 1.000000000000000000 ) ;
#2930 = CARTESIAN_POINT ( 'NONE',  ( -0.01919271119282158627, 0.09783464047570662736, 0.4999999999999998890 ) ) ;
#2931 = CARTESIAN_POINT ( 'NONE',  ( 0.2394243921660006158, -0.05731494975047207729, 0.4989999999999999991 ) ) ;
#2932 = UNCERTAINTY_MEASURE_WITH_UNIT (LENGTH_MEASURE( 1.000000000000000082E-05 ), #5455, 'distance_accuracy_value', 'NONE');
#2933 = DIRECTION ( 'NONE',  ( -1.000000000000000000, 0.0000000000000000000, 0.0000000000000000000 ) ) ;
#2934 = ORIENTED_EDGE ( 'NONE', *, *, #635, .F. ) ;
#2935 = CARTESIAN_POINT ( 'NONE',  ( -0.1243899155541010465, 0.009551084425757541685, 0.5000000000000001110 ) ) ;
#2936 = CARTESIAN_POINT ( 'NONE',  ( 0.2323092938366720095, 0.1396614660588814671, 0.4989999999999998881 ) ) ;
#2937 = CARTESIAN_POINT ( 'NONE',  ( 0.2748787307057675711, 0.03812407285958428066, 0.4989999999999999991 ) ) ;
#2938 = CARTESIAN_POINT ( 'NONE',  ( 0.5399999999999999245, 0.3499999999999999778, -0.0009999999999999158867 ) ) ;
#2939 = CARTESIAN_POINT ( 'NONE',  ( 0.1471673017860381794, 0.1389771582972160746, 0.5000000000000000000 ) ) ;
#2940 = CARTESIAN_POINT ( 'NONE',  ( 0.2475059231518024205, -0.08569831101236836945, 0.5000000000000000000 ) ) ;
#2941 = CARTESIAN_POINT ( 'NONE',  ( 0.09663197745901434821, -0.1445666738936624285, 0.4989999999999999991 ) ) ;
#2942 = EDGE_CURVE ( 'NONE', #1882, #2128, #4127, .T. ) ;
#2943 = FILL_AREA_STYLE ('',( #4608 ) ) ;
#2944 = CARTESIAN_POINT ( 'NONE',  ( 0.1765409181596325483, -0.008702789788698973156, 0.5000000000000000000 ) ) ;
#2945 = SURFACE_STYLE_USAGE ( .BOTH. , #3392 ) ;
#2947 = ORIENTED_EDGE ( 'NONE', *, *, #1183, .F. ) ;
#2946 = SURFACE_STYLE_USAGE ( .BOTH. , #3986 ) ;
#2948 = CARTESIAN_POINT ( 'NONE',  ( 0.3353546827547342346, 0.1410725525787588364, 0.4989999999999998881 ) ) ;
#2949 = SURFACE_STYLE_USAGE ( .BOTH. , #2430 ) ;
#2950 = DIRECTION ( 'NONE',  ( 0.0000000000000000000, -1.000000000000000000, -5.719429571751898774E-13 ) ) ;
#2951 = VERTEX_POINT ( 'NONE', #2249 ) ;
#2952 = ADVANCED_FACE ( 'NONE', ( #4468 ), #5322, .T. ) ;
#2953 = CARTESIAN_POINT ( 'NONE',  ( 0.3471543229860291624, 0.04873008906243723320, 0.5000000000000002220 ) ) ;
#2954 = CARTESIAN_POINT ( 'NONE',  ( -0.07855345099964640421, -0.1108317850451058795, 0.5000000000000000000 ) ) ;
#2955 = FILL_AREA_STYLE ('',( #3438 ) ) ;
#2956 = SURFACE_SIDE_STYLE ('',( #1274 ) ) ;
#2957 = CARTESIAN_POINT ( 'NONE',  ( 0.3617224939110490478, -0.08801873445203817203, 0.4989999999999998881 ) ) ;
#2958 = ORIENTED_EDGE ( 'NONE', *, *, #4, .F. ) ;
#2959 = DIRECTION ( 'NONE',  ( 0.0000000000000000000, 0.0000000000000000000, 1.000000000000000000 ) ) ;
#2960 = CARTESIAN_POINT ( 'NONE',  ( -0.1342716465808566351, -0.08311193253023616001, 0.4999999999999997780 ) ) ;
#2961 = CARTESIAN_POINT ( 'NONE',  ( 0.2851668800564169937, 0.1632255338985453275, 0.4990000000000001101 ) ) ;
#2962 = CARTESIAN_POINT ( 'NONE',  ( 0.3508632112217692778, 0.1159651543740381069, 0.5000000000000001110 ) ) ;
#2963 =( NAMED_UNIT ( * ) SI_UNIT ( $, .STERADIAN. ) SOLID_ANGLE_UNIT ( ) );
#2964 = CARTESIAN_POINT ( 'NONE',  ( 0.1212666915454983091, 0.1589597259316671563, 0.5000000000000000000 ) ) ;
#2965 = ORIENTED_EDGE ( 'NONE', *, *, #6097, .F. ) ;
#2966 = CARTESIAN_POINT ( 'NONE',  ( -0.1205266178295793245, 0.01319470998154973970, 0.4999999999999998890 ) ) ;
#2967 = CARTESIAN_POINT ( 'NONE',  ( 0.09921765664764201076, -0.1133400795675549022, 0.4989999999999999991 ) ) ;
#2968 = PRESENTATION_STYLE_ASSIGNMENT (( #3493 ) ) ;
#2969 =( NAMED_UNIT ( * ) PLANE_ANGLE_UNIT ( ) SI_UNIT ( $, .RADIAN. ) );
#2970 = CARTESIAN_POINT ( 'NONE',  ( -0.09092889916436226738, 0.1320567027297141205, 0.5000000000000000000 ) ) ;
#2971 = FILL_AREA_STYLE_COLOUR ( '', #3340 ) ;
#2972 = CARTESIAN_POINT ( 'NONE',  ( 0.3559055164200533583, 0.08512082610633753266, 0.5000000000000001110 ) ) ;
#2973 = DIRECTION ( 'NONE',  ( -1.000000000000000000, 0.0000000000000000000, 0.0000000000000000000 ) ) ;
#2974 = CARTESIAN_POINT ( 'NONE',  ( 0.08226548544666667517, -0.1100586623999444541, 0.5000000000000001110 ) ) ;
#2975 = CARTESIAN_POINT ( 'NONE',  ( 0.2722242951412051082, 0.005102692372502647469, 0.4989999999999999991 ) ) ;
#2976 = EDGE_CURVE ( 'NONE', #6515, #55, #5259, .T. ) ;
#2977 = CARTESIAN_POINT ( 'NONE',  ( 0.7800000000000001377, -0.4500000000000000111, 0.02000000000000005246 ) ) ;
#2979 = EDGE_LOOP ( 'NONE', ( #6304, #6155, #3953, #2043 ) ) ;
#2978 = CARTESIAN_POINT ( 'NONE',  ( 0.08226548544666667517, -0.1100586623999444541, 0.4990000000000001101 ) ) ;
#2980 = CARTESIAN_POINT ( 'NONE',  ( 0.3141373248980207089, 0.05481834736813177150, 0.5000000000000000000 ) ) ;
#2981 =( LENGTH_UNIT ( ) NAMED_UNIT ( * ) SI_UNIT ( .MILLI., .METRE. ) );
#2982 = VERTEX_POINT ( 'NONE', #2590 ) ;
#2983 = CARTESIAN_POINT ( 'NONE',  ( 0.2208082825257720871, 0.1212873674218613584, 0.5000000000000000000 ) ) ;
#2984 = CARTESIAN_POINT ( 'NONE',  ( 0.1319160947026820907, 0.1071126610619843184, 0.4999999999999998890 ) ) ;
#2985 = SURFACE_SIDE_STYLE ('',( #3475 ) ) ;
#2986 = FACE_OUTER_BOUND ( 'NONE', #5728, .T. ) ;
#2987 = CARTESIAN_POINT ( 'NONE',  ( -0.2078262302679299567, -0.04193253707804505542, 0.4990000000000001101 ) ) ;
#2988 = CARTESIAN_POINT ( 'NONE',  ( 0.3559055164200533583, 0.08512082610633753266, 0.5000000000000001110 ) ) ;
#2989 = ORIENTED_EDGE ( 'NONE', *, *, #3275, .F. ) ;
#2990 = LINE ( 'NONE', #4038, #5553 ) ;
#2991 =( NAMED_UNIT ( * ) PLANE_ANGLE_UNIT ( ) SI_UNIT ( $, .RADIAN. ) );
#2992 = COLOUR_RGB ( '',0.7686274509803920907, 0.7686274509803920907, 0.7686274509803920907 ) ;
#2993 = EDGE_CURVE ( 'NONE', #5173, #2914, #1988, .T. ) ;
#2994 = CARTESIAN_POINT ( 'NONE',  ( 0.1165091284589956089, -0.1071782603815497892, 0.5000000000000002220 ) ) ;
#2997 = CARTESIAN_POINT ( 'NONE',  ( -0.04724229754179429946, -0.02213787045297556377, 0.4999999999999998890 ) ) ;
#2996 = PRESENTATION_LAYER_ASSIGNMENT (  '', '', ( #5295 ) ) ;
#2995 = CARTESIAN_POINT ( 'NONE',  ( 0.2274285506810414248, -0.1152893637030046881, 0.4999999999999998890 ) ) ;
#2998 = CARTESIAN_POINT ( 'NONE',  ( -0.2313186448682217067, 0.1340845385474428164, 0.5000000000000000000 ) ) ;
#2999 = UNCERTAINTY_MEASURE_WITH_UNIT (LENGTH_MEASURE( 1.000000000000000082E-05 ), #6724, 'distance_accuracy_value', 'NONE');
#3000 = CARTESIAN_POINT ( 'NONE',  ( -0.3269165019221422219, 0.1480251955943655828, 0.5000000000000000000 ) ) ;
#3001 = VERTEX_POINT ( 'NONE', #3102 ) ;
#3002 = CARTESIAN_POINT ( 'NONE',  ( -0.1243899155541010465, 0.009551084425757541685, 0.4990000000000001101 ) ) ;
#3003 = CARTESIAN_POINT ( 'NONE',  ( 0.3675938281083649395, -0.05026878428327285347, 0.4990000000000001101 ) ) ;
#3004 = CARTESIAN_POINT ( 'NONE',  ( -0.2860993537098168171, 0.1320567027297141205, 0.4999999999999998890 ) ) ;
#3005 = EDGE_CURVE ( 'NONE', #2914, #6162, #3143, .T. ) ;
#3006 = B_SPLINE_CURVE_WITH_KNOTS ( 'NONE', 3,
 ( #841, #1248, #313, #6049, #6014, #5428, #4420, #726, #4461, #2898, #2824, #1844, #212, #2309, #5566 ),
 .UNSPECIFIED., .F., .F.,
 ( 4, 1, 1, 1, 1, 1, 1, 1, 1, 1, 1, 1, 4 ),
 ( 0.0000000000000000000, 0.07876588018063718222, 0.1538985333760667096, 0.2265833941339339963, 0.2983449299199826821, 0.3713877894568891613, 0.4478553383321585146, 0.5293927731599353814, 0.6160117841062802135, 0.7070983798187594482, 0.8007403864370826740, 0.8980898170005550130, 1.000000000000000000 ),
 .UNSPECIFIED. ) ;
#3007 = CARTESIAN_POINT ( 'NONE',  ( -0.1045675235013903415, 0.05188325826762117676, 0.4999999999999998890 ) ) ;
#3008 = CARTESIAN_POINT ( 'NONE',  ( 0.2875856380083025576, 0.1631541861161962537, 0.5000000000000000000 ) ) ;
#3009 = CARTESIAN_POINT ( 'NONE',  ( 0.2652115097110009923, -0.1077361684821846188, 0.5000000000000001110 ) ) ;
#3010 = CARTESIAN_POINT ( 'NONE',  ( -0.1469962692942324012, 0.01559972221023363075, 0.5000000000000000000 ) ) ;
#3011 = AXIS2_PLACEMENT_3D ( 'NONE', #5029, #4495, #4997 ) ;
#3012 = DIRECTION ( 'NONE',  ( 1.000000000000000000, 0.0000000000000000000, -0.0000000000000000000 ) ) ;
#3013 =( NAMED_UNIT ( * ) PLANE_ANGLE_UNIT ( ) SI_UNIT ( $, .RADIAN. ) );
#3015 = ORIENTED_EDGE ( 'NONE', *, *, #2559, .T. ) ;
#3014 = PLANE ( 'NONE',  #3770 ) ;
#3016 = CARTESIAN_POINT ( 'NONE',  ( -0.06056036331955596402, 0.1160290102192385181, 0.4989999999999999991 ) ) ;
#3017 = FILL_AREA_STYLE ('',( #5651 ) ) ;
#3018 = ORIENTED_EDGE ( 'NONE', *, *, #620, .T. ) ;
#3019 = CARTESIAN_POINT ( 'NONE',  ( 0.2117496722642091544, 0.08919955987257130459, 0.4989999999999999991 ) ) ;
#3020 = CARTESIAN_POINT ( 'NONE',  ( -0.06195162643708956862, 0.1178724494829609254, 0.4989999999999999991 ) ) ;
#3021 = CARTESIAN_POINT ( 'NONE',  ( -0.09092889916436226738, 0.1320567027297141205, 0.4989999999999999991 ) ) ;
#3022 = AXIS2_PLACEMENT_3D ( 'NONE', #6734, #2741, #1665 ) ;
#3023 = CARTESIAN_POINT ( 'NONE',  ( -0.04878580912739297060, -0.07279567428777417026, 0.5000000000000001110 ) ) ;
#3024 = CARTESIAN_POINT ( 'NONE',  ( 0.3247366852512221236, 0.08688624818425959295, 0.4989999999999999991 ) ) ;
#3025 = CARTESIAN_POINT ( 'NONE',  ( -0.2851862043591674167, -0.1445666738936624285, 0.4989999999999999991 ) ) ;
#3026 = FILL_AREA_STYLE ('',( #5591 ) ) ;
#3027 = VERTEX_POINT ( 'NONE', #6328 ) ;
#3028 = STYLED_ITEM ( 'NONE', ( #4207 ), #3933 ) ;
#3029 = CARTESIAN_POINT ( 'NONE',  ( 0.3006804697927158432, -0.1110768008355461078, 0.4989999999999998881 ) ) ;
#3030 = EDGE_CURVE ( 'NONE', #3602, #777, #3207, .T. ) ;
#3031 = CARTESIAN_POINT ( 'NONE',  ( -0.05084554252543811714, -0.07893668741795425992, 0.4990000000000001101 ) ) ;
#3032 = VECTOR ( 'NONE', #4081, 1000.000000000000000 ) ;
#3033 = CARTESIAN_POINT ( 'NONE',  ( -0.1708410583666746807, -0.05070248479552098148, 0.4989999999999999991 ) ) ;
#3034 = SURFACE_SIDE_STYLE ('',( #4182 ) ) ;
#3035 = ORIENTED_EDGE ( 'NONE', *, *, #620, .F. ) ;
#3036 =( NAMED_UNIT ( * ) PLANE_ANGLE_UNIT ( ) SI_UNIT ( $, .RADIAN. ) );
#3037 = CARTESIAN_POINT ( 'NONE',  ( 0.3538632957465710493, 0.06581930842574325313, 0.4990000000000001101 ) ) ;
#3038 = EDGE_CURVE ( 'NONE', #2303, #4726, #2686, .T. ) ;
#3039 = PRESENTATION_LAYER_ASSIGNMENT (  '', '', ( #846 ) ) ;
#3040 = CARTESIAN_POINT ( 'NONE',  ( -0.1469962692942324012, 0.01559972221023363075, 0.5000000000000000000 ) ) ;
#3041 = CARTESIAN_POINT ( 'NONE',  ( -0.1285373954582074152, 0.03904825797579221380, 0.5000000000000002220 ) ) ;
#3042 = CARTESIAN_POINT ( 'NONE',  ( -0.06763031957644932701, 0.1606484791339027329, 0.4989999999999999991 ) ) ;
#3043 = CARTESIAN_POINT ( 'NONE',  ( 0.3060645996193978036, 0.1602580953792397123, 0.5000000000000001110 ) ) ;
#3044 = ADVANCED_FACE ( 'NONE', ( #2146 ), #5265, .T. ) ;
#3045 = CARTESIAN_POINT ( 'NONE',  ( 0.2434311265338365560, -0.07471428971922870754, 0.5000000000000000000 ) ) ;
#3046 = CARTESIAN_POINT ( 'NONE',  ( -0.1392958982783395749, 0.08321743181817135848, 0.4999999999999998890 ) ) ;
#3047 = PRESENTATION_STYLE_ASSIGNMENT (( #2299 ) ) ;
#3048 = CARTESIAN_POINT ( 'NONE',  ( 0.2855930164200532473, -0.1445666738936624285, 0.5000000000000000000 ) ) ;
#3049 = ORIENTED_EDGE ( 'NONE', *, *, #4882, .T. ) ;
#3050 = CARTESIAN_POINT ( 'NONE',  ( -0.2860473386419835062, -0.1133427515082089804, 0.4989999999999999991 ) ) ;
#3051 = ORIENTED_EDGE ( 'NONE', *, *, #5170, .F. ) ;
#3052 = SURFACE_SIDE_STYLE ('',( #3086 ) ) ;
#3053 = CARTESIAN_POINT ( 'NONE',  ( -0.05135885620810293900, 0.09550042015787328642, 0.4989999999999999991 ) ) ;
#3054 = FACE_BOUND ( 'NONE', #422, .T. ) ;
#3055 = CARTESIAN_POINT ( 'NONE',  ( 0.2081512663956662790, -0.06204422528052171149, 0.5000000000000001110 ) ) ;
#3056 =( LENGTH_UNIT ( ) NAMED_UNIT ( * ) SI_UNIT ( .MILLI., .METRE. ) );
#3057 = CARTESIAN_POINT ( 'NONE',  ( -0.2756876344622222752, -0.1442419266017315738, 0.4989999999999999991 ) ) ;
#3058 = ORIENTED_EDGE ( 'NONE', *, *, #2976, .F. ) ;
#3059 = CARTESIAN_POINT ( 'NONE',  ( 0.3363727726760600278, -0.05290784156934694865, 0.4989999999999999991 ) ) ;
#3060 = STYLED_ITEM ( 'NONE', ( #5581 ), #6713 ) ;
#3061 = CARTESIAN_POINT ( 'NONE',  ( -0.1392958982783395749, 0.08321743181817135848, 0.4999999999999998890 ) ) ;
#3062 = FACE_OUTER_BOUND ( 'NONE', #1338, .T. ) ;
#3063 = ADVANCED_FACE ( 'NONE', ( #250 ), #1407, .F. ) ;
#3064 = CARTESIAN_POINT ( 'NONE',  ( 0.01964998015985438065, 0.06062993797285919084, 0.4989999999999998881 ) ) ;
#3065 = UNCERTAINTY_MEASURE_WITH_UNIT (LENGTH_MEASURE( 1.000000000000000082E-05 ), #11, 'distance_accuracy_value', 'NONE');
#3066 = VERTEX_POINT ( 'NONE', #5674 ) ;
#3067 = CARTESIAN_POINT ( 'NONE',  ( 0.2584158306924529969, -0.1022203562251375458, 0.4989999999999999991 ) ) ;
#3068 = CARTESIAN_POINT ( 'NONE',  ( 0.0000000000000000000, 0.0000000000000000000, 0.0000000000000000000 ) ) ;
#3069 = SURFACE_STYLE_USAGE ( .BOTH. , #4729 ) ;
#3070 = CARTESIAN_POINT ( 'NONE',  ( -0.1353984663473891958, 0.03229707219596042456, 0.4989999999999998881 ) ) ;
#3071 = EDGE_CURVE ( 'NONE', #2779, #1882, #3463, .T. ) ;
#3072 = DIRECTION ( 'NONE',  ( 1.000000000000000000, -0.0000000000000000000, -0.0000000000000000000 ) ) ;
#3073 = CARTESIAN_POINT ( 'NONE',  ( -0.07385562815205171106, 0.1622063892294314247, 0.4989999999999999991 ) ) ;
#3074 = CARTESIAN_POINT ( 'NONE',  ( 0.2851668800564169381, 0.1632255338985452997, 0.4989999999999999991 ) ) ;
#3075 = CARTESIAN_POINT ( 'NONE',  ( 0.2390223995369363807, -0.05495628428327284376, 0.5000000000000000000 ) ) ;
#3076 = PRESENTATION_STYLE_ASSIGNMENT (( #3669 ) ) ;
#3077 = B_SPLINE_SURFACE_WITH_KNOTS ( 'NONE', 3, 1, ( 
 ( #1, #1663 ),
 ( #2106, #2708 ),
 ( #4814, #4308 ),
 ( #92, #4205 ),
 ( #4241, #6279 ),
 ( #6379, #6316 ),
 ( #1163, #3685 ),
 ( #1693, #5762 ),
 ( #1628, #3232 ),
 ( #5824, #3720 ),
 ( #4842, #3816 ),
 ( #3782, #1096 ),
 ( #3199, #5279 ),
 ( #1128, #5857 ),
 ( #3263, #5343 ),
 ( #641, #2737 ),
 ( #122, #5480 ),
 ( #3917, #3951 ),
 ( #228, #740 ) ),
 .UNSPECIFIED., .F., .F., .F.,
 ( 4, 1, 1, 1, 1, 1, 1, 1, 1, 1, 1, 1, 1, 1, 1, 1, 4 ),
 ( 2, 2 ),
 ( 0.0000000000000000000, 0.03481888132959226612, 0.06891955580719819063, 0.1034513888417891575, 0.1390496088211285453, 0.1771753219263879076, 0.2179403376185281571, 0.2619036500779326482, 0.3097653282277579301, 0.3632138529075506495, 0.4256205765081692571, 0.4969126734317582117, 0.5776735780836566025, 0.6680265813160586319, 0.7686823766893837728, 0.8792939339028130741, 1.000000000000000000 ),
 ( 0.0000000000000000000, 1.000000000000000000 ),
 .UNSPECIFIED. ) ;
#3078 = SURFACE_SIDE_STYLE ('',( #6239 ) ) ;
#3079 = FACE_OUTER_BOUND ( 'NONE', #1947, .T. ) ;
#3080 = EDGE_CURVE ( 'NONE', #1526, #3602, #5252, .T. ) ;
#3081 = CARTESIAN_POINT ( 'NONE',  ( 0.3675341269201432004, -0.05366143046762134050, 0.4989999999999999991 ) ) ;
#3082 = ORIENTED_EDGE ( 'NONE', *, *, #4237, .T. ) ;
#3083 = CARTESIAN_POINT ( 'NONE',  ( -0.3041196469133142788, -0.1072325499370980900, 0.4999999999999997780 ) ) ;
#3084 = DIRECTION ( 'NONE',  ( -5.926902990727525138E-14, -5.719429571751898774E-13, 1.000000000000000000 ) ) ;
#3085 = ORIENTED_EDGE ( 'NONE', *, *, #6519, .F. ) ;
#3086 = SURFACE_STYLE_FILL_AREA ( #6699 ) ;
#3087 = CARTESIAN_POINT ( 'NONE',  ( 0.2683362184296442798, 0.003882383281330815516, 0.5000000000000000000 ) ) ;
#3088 =( LENGTH_UNIT ( ) NAMED_UNIT ( * ) SI_UNIT ( .MILLI., .METRE. ) );
#3089 = CARTESIAN_POINT ( 'NONE',  ( 0.3243285117430302900, 0.09634541504918801846, 0.4989999999999999991 ) ) ;
#3090 = CARTESIAN_POINT ( 'NONE',  ( -0.2880543215778657573, -0.1444590227595910492, 0.4989999999999998881 ) ) ;
#3091 = CARTESIAN_POINT ( 'NONE',  ( 0.3541227337752121951, -0.1041221053441669375, 0.4989999999999998881 ) ) ;
#3092 = ORIENTED_EDGE ( 'NONE', *, *, #4024, .T. ) ;
#3093 = CARTESIAN_POINT ( 'NONE',  ( 0.3006804697927158432, -0.1110768008355461078, 0.5000000000000000000 ) ) ;
#3094 = DIRECTION ( 'NONE',  ( -0.0000000000000000000, -0.0000000000000000000, 1.000000000000000000 ) ) ;
#3096 = CARTESIAN_POINT ( 'NONE',  ( -0.05311758916625366339, -0.004244838309496537683, 0.5000000000000000000 ) ) ;
#3095 = CARTESIAN_POINT ( 'NONE',  ( 0.2704597640777794965, 0.1293404242871275811, 0.4989999999999998881 ) ) ;
#3097 =( LENGTH_UNIT ( ) NAMED_UNIT ( * ) SI_UNIT ( .MILLI., .METRE. ) );
#3098 = COLOUR_RGB ( '',1.000000000000000000, 1.000000000000000000, 1.000000000000000000 ) ;
#3099 = SURFACE_STYLE_USAGE ( .BOTH. , #3034 ) ;
#3100 = CLOSED_SHELL ( 'NONE', ( #2351, #5086, #6726, #3665, #6782, #2093, #4798, #6692, #3254, #181, #4518, #627, #1308, #6393 ) ) ;
#3101 = EDGE_LOOP ( 'NONE', ( #508, #4139, #37, #94 ) ) ;
#3102 = CARTESIAN_POINT ( 'NONE',  ( 0.7800000000000001377, -0.4500000000000000111, 0.02000000000000005246 ) ) ;
#3103 = CARTESIAN_POINT ( 'NONE',  ( -0.8000000000000001554, -0.4500000000000000111, 0.5000000000000000000 ) ) ;
#3104 =( NAMED_UNIT ( * ) SI_UNIT ( $, .STERADIAN. ) SOLID_ANGLE_UNIT ( ) );
#3105 = CARTESIAN_POINT ( 'NONE',  ( -0.04150768031364115984, 0.03388993411112847104, 0.4989999999999999991 ) ) ;
#3106 = CARTESIAN_POINT ( 'NONE',  ( -0.1128763802304540154, 0.04872913097939027272, 0.5000000000000001110 ) ) ;
#3107 = CARTESIAN_POINT ( 'NONE',  ( -0.1138393935547590552, 0.1581578844766088621, 0.5000000000000000000 ) ) ;
#3108 = CARTESIAN_POINT ( 'NONE',  ( -0.02006807507870233057, -0.08446720488111582326, 0.5000000000000000000 ) ) ;
#3109 = MECHANICAL_DESIGN_GEOMETRIC_PRESENTATION_REPRESENTATION (  '', ( #1130 ), #6065 ) ;
#3111 = FACE_OUTER_BOUND ( 'NONE', #5910, .T. ) ;
#3110 = AXIS2_PLACEMENT_3D ( 'NONE', #2427, #3498, #4023 ) ;
#3112 = CARTESIAN_POINT ( 'NONE',  ( -0.3648242093018139176, 0.01533731835329995262, 0.4999999999999998890 ) ) ;
#3113 = LINE ( 'NONE', #6716, #3251 ) ;
#3114 = STYLED_ITEM ( 'NONE', ( #902 ), #2443 ) ;
#3116 = STYLED_ITEM ( 'NONE', ( #3212 ), #1282 ) ;
#3115 = FACE_OUTER_BOUND ( 'NONE', #2979, .T. ) ;
#3117 = CARTESIAN_POINT ( 'NONE',  ( -0.1390933949929123448, -0.07081631846885041992, 0.4990000000000001101 ) ) ;
#3118 =( NAMED_UNIT ( * ) PLANE_ANGLE_UNIT ( ) SI_UNIT ( $, .RADIAN. ) );
#3119 = VERTEX_POINT ( 'NONE', #5233 ) ;
#3120 = CARTESIAN_POINT ( 'NONE',  ( 0.1455159060304428986, 0.009329430002441430406, 0.4990000000000001101 ) ) ;
#3121 = PLANE ( 'NONE',  #5330 ) ;
#3122 = ORIENTED_EDGE ( 'NONE', *, *, #2851, .F. ) ;
#3123 = CARTESIAN_POINT ( 'NONE',  ( 0.2117496722642091544, 0.08919955987257130459, 0.5000000000000000000 ) ) ;
#3124 = VECTOR ( 'NONE', #6668, 1000.000000000000000 ) ;
#3125 = CARTESIAN_POINT ( 'NONE',  ( -0.7800000000000001377, -0.4500000000000000111, 0.4800000000000001488 ) ) ;
#3126 = CARTESIAN_POINT ( 'NONE',  ( 0.2463154199731413252, 0.1012564593750137076, 0.4989999999999999991 ) ) ;
#3128 = CARTESIAN_POINT ( 'NONE',  ( -0.3125427777829916098, -0.09936177919827650362, 0.4999999999999996669 ) ) ;
#3127 = STYLED_ITEM ( 'NONE', ( #6452 ), #3516 ) ;
#3129 = CARTESIAN_POINT ( 'NONE',  ( -0.3564615363176407148, -0.07668518716176138394, 0.4989999999999998881 ) ) ;
#3130 = SURFACE_STYLE_FILL_AREA ( #6350 ) ;
#3131 = ORIENTED_EDGE ( 'NONE', *, *, #904, .T. ) ;
#3132 = DIRECTION ( 'NONE',  ( -0.0000000000000000000, -0.0000000000000000000, 1.000000000000000000 ) ) ;
#3133 = EDGE_CURVE ( 'NONE', #415, #651, #3558, .T. ) ;
#3134 = B_SPLINE_CURVE_WITH_KNOTS ( 'NONE', 3,
 ( #472, #6723, #1515, #3535, #1928, #5650, #330, #6759, #2025, #2948, #4062, #1963, #5045, #5078, #2429, #407, #3638, #4638, #4128 ),
 .UNSPECIFIED., .F., .F.,
 ( 4, 1, 1, 1, 1, 1, 1, 1, 1, 1, 1, 1, 1, 1, 1, 1, 4 ),
 ( 0.0000000000000000000, 0.06172163679580094930, 0.1214279043536783120, 0.1802261680347872486, 0.2384304367157773219, 0.2968165258529193995, 0.3560150298603196872, 0.4171754598843104289, 0.4805445547655418648, 0.5441503388795518870, 0.6070860340341505124, 0.6699278589471194811, 0.7323691609998569385, 0.7964289476165601345, 0.8621674048915179966, 0.9295028825871293199, 1.000000000000000000 ),
 .UNSPECIFIED. ) ;
#3135 = VECTOR ( 'NONE', #3750, 1000.000000000000114 ) ;
#3136 = SURFACE_SIDE_STYLE ('',( #1560 ) ) ;
#3138 = CARTESIAN_POINT ( 'NONE',  ( -0.1377561291513127451, -0.1256023355530039576, 0.5000000000000000000 ) ) ;
#3137 = CARTESIAN_POINT ( 'NONE',  ( 0.2087344256804966880, -0.06829670016740133076, 0.5000000000000001110 ) ) ;
#3139 = CARTESIAN_POINT ( 'NONE',  ( 0.07000001283054992085, 0.1579482536689636174, 0.4990000000000001101 ) ) ;
#3140 = UNCERTAINTY_MEASURE_WITH_UNIT (LENGTH_MEASURE( 1.000000000000000082E-05 ), #1621, 'distance_accuracy_value', 'NONE');
#3141 = CARTESIAN_POINT ( 'NONE',  ( -0.3537591191779947408, 0.1020982065975550579, 0.5000000000000002220 ) ) ;
#3142 = EDGE_LOOP ( 'NONE', ( #3752, #5600, #5682, #5764 ) ) ;
#3143 = LINE ( 'NONE', #1640, #6299 ) ;
#3144 = B_SPLINE_SURFACE_WITH_KNOTS ( 'NONE', 3, 1, ( 
 ( #1840, #6009 ),
 ( #3738, #4417 ),
 ( #2276, #3708 ),
 ( #6567, #3898 ),
 ( #4994, #4891 ),
 ( #5972, #172 ),
 ( #1280, #3376 ),
 ( #1084, #4386 ),
 ( #3185, #277 ),
 ( #757, #2344 ),
 ( #2663, #5459 ),
 ( #6531, #6458 ),
 ( #5267, #4955 ),
 ( #4769, #3862 ),
 ( #4454, #3931 ),
 ( #1245, #49 ),
 ( #1319, #2158 ),
 ( #3409, #724 ),
 ( #5496, #2821 ) ),
 .UNSPECIFIED., .F., .F., .F.,
 ( 4, 1, 1, 1, 1, 1, 1, 1, 1, 1, 1, 1, 1, 1, 1, 1, 4 ),
 ( 2, 2 ),
 ( 0.0000000000000000000, 0.09461717910809144816, 0.1836879983719772735, 0.2673423192650712377, 0.3451199086331388499, 0.4179131261566898514, 0.4859235696282112049, 0.5491582703543163024, 0.6081407685528292806, 0.6632543324827677722, 0.7145929467936155133, 0.7632116109258703096, 0.8100106062874760093, 0.8561688043370043744, 0.9024550121772491051, 0.9500755117454149357, 1.000000000000000000 ),
 ( 0.0000000000000000000, 1.000000000000000000 ),
 .UNSPECIFIED. ) ;
#3145 = CARTESIAN_POINT ( 'NONE',  ( 0.3109181898562857205, 0.05132791782895893690, 0.4989999999999999991 ) ) ;
#3146 = STYLED_ITEM ( 'NONE', ( #5309 ), #4186 ) ;
#3147 = CARTESIAN_POINT ( 'NONE',  ( -0.07304925705087203514, 0.05262902462907837614, 0.4999999999999998890 ) ) ;
#3148 = CARTESIAN_POINT ( 'NONE',  ( -0.09018740253558361897, 0.05401817687142163038, 0.5000000000000000000 ) ) ;
#3149 = CARTESIAN_POINT ( 'NONE',  ( -0.2466629540626511796, 0.09999446014096845248, 0.4989999999999998881 ) ) ;
#3150 = CARTESIAN_POINT ( 'NONE',  ( -0.02006807507870233057, -0.08446720488111582326, 0.4989999999999999991 ) ) ;
#3151 = VECTOR ( 'NONE', #5443, 1000.000000000000000 ) ;
#3152 = CARTESIAN_POINT ( 'NONE',  ( 0.2634748529784170512, -0.1414187839361779331, 0.4989999999999998881 ) ) ;
#3153 = VECTOR ( 'NONE', #3759, 1000.000000000000000 ) ;
#3154 = CARTESIAN_POINT ( 'NONE',  ( 0.2078535683681052015, -0.05885238817937674116, 0.4989999999999999991 ) ) ;
#3155 = CARTESIAN_POINT ( 'NONE',  ( -0.2605514902726834836, 0.1589597259316671840, 0.4989999999999999991 ) ) ;
#3156 = FILL_AREA_STYLE ('',( #5140 ) ) ;
#3157 = ORIENTED_EDGE ( 'NONE', *, *, #1045, .F. ) ;
#3158 = EDGE_CURVE ( 'NONE', #5826, #1104, #3627, .T. ) ;
#3159 = DIRECTION ( 'NONE',  ( -0.0000000000000000000, -0.0000000000000000000, 1.000000000000000000 ) ) ;
#3160 = ORIENTED_EDGE ( 'NONE', *, *, #5178, .F. ) ;
#3161 = CARTESIAN_POINT ( 'NONE',  ( -0.7800000000000001377, 0.4500000000000000111, 0.02000000000000005246 ) ) ;
#3162 = CARTESIAN_POINT ( 'NONE',  ( -0.09876682702934090619, -0.1442565882477110650, 0.4999999999999998890 ) ) ;
#3163 = SURFACE_STYLE_USAGE ( .BOTH. , #2102 ) ;
#3164 = CARTESIAN_POINT ( 'NONE',  ( 0.2860191527836896674, 0.1320567027297141205, 0.4989999999999999991 ) ) ;
#3165 = FILL_AREA_STYLE_COLOUR ( '', #927 ) ;
#3166 = DIRECTION ( 'NONE',  ( 1.000000000000000000, -1.355252715606880937E-15, -6.255012533570220164E-16 ) ) ;
#3167 = CARTESIAN_POINT ( 'NONE',  ( -0.3648737043591674389, 0.009207676755688173204, 0.4989999999999999991 ) ) ;
#3168 = ORIENTED_EDGE ( 'NONE', *, *, #4471, .T. ) ;
#3169 = CARTESIAN_POINT ( 'NONE',  ( 0.3051871817514259511, -0.1090758128106471408, 0.4989999999999999991 ) ) ;
#3170 = CARTESIAN_POINT ( 'NONE',  ( -0.1739646134500765495, 0.001598098833610248591, 0.4989999999999999991 ) ) ;
#3171 =( GEOMETRIC_REPRESENTATION_CONTEXT ( 3 ) GLOBAL_UNCERTAINTY_ASSIGNED_CONTEXT ( ( #6161 ) ) GLOBAL_UNIT_ASSIGNED_CONTEXT ( ( #2403, #6073, #4096 ) ) REPRESENTATION_CONTEXT ( 'NONE', 'WORKASPACE' ) );
#3172 = CARTESIAN_POINT ( 'NONE',  ( 0.2081512663956662790, -0.06204422528052171149, 0.4990000000000001101 ) ) ;
#3173 =( NAMED_UNIT ( * ) SI_UNIT ( $, .STERADIAN. ) SOLID_ANGLE_UNIT ( ) );
#3174 = CARTESIAN_POINT ( 'NONE',  ( -0.1708008019611570449, 0.05962008070519069641, 0.5000000000000002220 ) ) ;
#3175 = EDGE_LOOP ( 'NONE', ( #4405, #5269, #6420, #5278, #5031, #3323, #2875, #4309 ) ) ;
#3176 = CARTESIAN_POINT ( 'NONE',  ( 0.2498625827425035029, -0.09051533808333946107, 0.4989999999999998881 ) ) ;
#3177 = CARTESIAN_POINT ( 'NONE',  ( 0.3286068829461348262, -0.01713646933448022269, 0.4989999999999999991 ) ) ;
#3178 = PRESENTATION_STYLE_ASSIGNMENT (( #3361 ) ) ;
#3179 =( GEOMETRIC_REPRESENTATION_CONTEXT ( 3 ) GLOBAL_UNCERTAINTY_ASSIGNED_CONTEXT ( ( #4379 ) ) GLOBAL_UNIT_ASSIGNED_CONTEXT ( ( #2981, #15, #6147 ) ) REPRESENTATION_CONTEXT ( 'NONE', 'WORKASPACE' ) );
#3180 =( NAMED_UNIT ( * ) SI_UNIT ( $, .STERADIAN. ) SOLID_ANGLE_UNIT ( ) );
#3181 = CARTESIAN_POINT ( 'NONE',  ( -0.2109284311452483685, 0.08150052107983779548, 0.4990000000000002212 ) ) ;
#3182 = CARTESIAN_POINT ( 'NONE',  ( -0.2536199701979285348, 0.1129808212730619432, 0.4989999999999999991 ) ) ;
#3183 = PRESENTATION_STYLE_ASSIGNMENT (( #1079 ) ) ;
#3184 = CARTESIAN_POINT ( 'NONE',  ( -0.03069739980922111741, -0.1083692444046392839, 0.4990000000000001101 ) ) ;
#3185 = CARTESIAN_POINT ( 'NONE',  ( 0.1614955231665707036, -0.09488909288150074173, 0.4989999999999999991 ) ) ;
#3186 = LINE ( 'NONE', #3221, #1359 ) ;
#3187 = CARTESIAN_POINT ( 'NONE',  ( 0.2938105552185922842, -0.1443131424491872206, 0.4989999999999999991 ) ) ;
#3188 = VERTEX_POINT ( 'NONE', #14 ) ;
#3189 = CARTESIAN_POINT ( 'NONE',  ( -0.09018740253558361897, 0.05401817687142163038, 0.4989999999999999991 ) ) ;
#3190 = CARTESIAN_POINT ( 'NONE',  ( -0.2936933627625140653, -0.1442473685166454911, 0.4999999999999997780 ) ) ;
#3191 = DIRECTION ( 'NONE',  ( 0.7071067811865513475, 0.0000000000000000000, 0.7071067811865436870 ) ) ;
#3192 = CARTESIAN_POINT ( 'NONE',  ( -0.09731435709779596988, 0.1318197834296716553, 0.4989999999999999991 ) ) ;
#3193 = B_SPLINE_CURVE_WITH_KNOTS ( 'NONE', 3,
 ( #4979, #709, #5445, #196, #1305, #6555, #2808, #3398, #6479, #4913, #333, #6516, #2296, #1418, #297, #4029, #2367, #744, #1932 ),
 .UNSPECIFIED., .F., .F.,
 ( 4, 1, 1, 1, 1, 1, 1, 1, 1, 1, 1, 1, 1, 1, 1, 1, 4 ),
 ( 0.0000000000000000000, 0.09461717910809144816, 0.1836879983719772735, 0.2673423192650712377, 0.3451199086331388499, 0.4179131261566898514, 0.4859235696282112049, 0.5491582703543163024, 0.6081407685528292806, 0.6632543324827677722, 0.7145929467936155133, 0.7632116109258703096, 0.8100106062874760093, 0.8561688043370043744, 0.9024550121772491051, 0.9500755117454149357, 1.000000000000000000 ),
 .UNSPECIFIED. ) ;
#3194 = CARTESIAN_POINT ( 'NONE',  ( 0.2481522188282991870, 0.1058111487630297165, 0.4989999999999999991 ) ) ;
#3195 = B_SPLINE_SURFACE_WITH_KNOTS ( 'NONE', 3, 1, ( 
 ( #984, #1117 ),
 ( #2756, #693 ),
 ( #629, #731 ),
 ( #1718, #3839 ),
 ( #2214, #2248 ),
 ( #2161, #661 ),
 ( #3807, #1775 ),
 ( #1218, #2793 ),
 ( #2728, #1651 ),
 ( #5364, #4362 ),
 ( #3772, #5942 ) ),
 .UNSPECIFIED., .F., .F., .F.,
 ( 4, 1, 1, 1, 1, 1, 1, 1, 4 ),
 ( 2, 2 ),
 ( 0.0000000000000000000, 0.1368690137668589213, 0.2661309337679564346, 0.3902278937045994267, 0.5119954587179704752, 0.6322911673904002550, 0.7536066998355525071, 0.8757019646520879386, 1.000000000000000000 ),
 ( 0.0000000000000000000, 1.000000000000000000 ),
 .UNSPECIFIED. ) ;
#3196 = CARTESIAN_POINT ( 'NONE',  ( 0.2860191527836896674, 0.1320567027297141205, 0.4999999999999998890 ) ) ;
#3198 = ORIENTED_EDGE ( 'NONE', *, *, #6192, .F. ) ;
#3197 = CARTESIAN_POINT ( 'NONE',  ( 0.1165091284589956089, -0.1071782603815497892, 0.4999999999999997780 ) ) ;
#3199 = CARTESIAN_POINT ( 'NONE',  ( -0.3285218318392455483, 0.08091735354968815352, 0.4989999999999998881 ) ) ;
#3200 =( LENGTH_UNIT ( ) NAMED_UNIT ( * ) SI_UNIT ( .MILLI., .METRE. ) );
#3201 = EDGE_LOOP ( 'NONE', ( #2397, #4347, #584, #1447 ) ) ;
#3202 = CARTESIAN_POINT ( 'NONE',  ( 0.06879696539604084060, 0.1178340681311237231, 0.5000000000000000000 ) ) ;
#3203 = CARTESIAN_POINT ( 'NONE',  ( -0.07444087125235569757, -0.1088331950784329899, 0.4990000000000001101 ) ) ;
#3204 = UNCERTAINTY_MEASURE_WITH_UNIT (LENGTH_MEASURE( 1.000000000000000082E-05 ), #3056, 'distance_accuracy_value', 'NONE');
#3205 = CARTESIAN_POINT ( 'NONE',  ( -0.08709367189163499945, 0.1632255338985452997, 0.4989999999999999991 ) ) ;
#3206 = ORIENTED_EDGE ( 'NONE', *, *, #1351, .F. ) ;
#3207 = LINE ( 'NONE', #5806, #5629 ) ;
#3208 = LINE ( 'NONE', #2147, #3707 ) ;
#3209 = CARTESIAN_POINT ( 'NONE',  ( 0.2766876206417958617, 0.03814458761872743797, 0.4999999999999998890 ) ) ;
#3210 = LINE ( 'NONE', #3700, #351 ) ;
#3211 = STYLED_ITEM ( 'NONE', ( #5770 ), #435 ) ;
#3212 = PRESENTATION_STYLE_ASSIGNMENT (( #78 ) ) ;
#3213 = SURFACE_STYLE_FILL_AREA ( #44 ) ;
#3214 = UNCERTAINTY_MEASURE_WITH_UNIT (LENGTH_MEASURE( 1.000000000000000082E-05 ), #5725, 'distance_accuracy_value', 'NONE');
#3215 = SURFACE_SIDE_STYLE ('',( #108 ) ) ;
#3216 = SURFACE_STYLE_USAGE ( .BOTH. , #4860 ) ;
#3217 = MECHANICAL_DESIGN_GEOMETRIC_PRESENTATION_REPRESENTATION (  '', ( #6056 ), #2011 ) ;
#3218 = STYLED_ITEM ( 'NONE', ( #3047 ), #509 ) ;
#3219 = EDGE_CURVE ( 'NONE', #4449, #340, #6784, .T. ) ;
#3220 = PLANE ( 'NONE',  #5403 ) ;
#3221 = CARTESIAN_POINT ( 'NONE',  ( -0.5399999999999999245, 0.4500000000000000111, 0.5000000000000000000 ) ) ;
#3222 = CARTESIAN_POINT ( 'NONE',  ( -0.3318666027317844769, 0.05650933887673412204, 0.4999999999999998890 ) ) ;
#3223 = PRESENTATION_LAYER_ASSIGNMENT (  '', '', ( #1130 ) ) ;
#3224 = CARTESIAN_POINT ( 'NONE',  ( 0.2860191527836896674, 0.1320567027297141205, 0.4989999999999999991 ) ) ;
#3225 = CARTESIAN_POINT ( 'NONE',  ( -0.2851862043591674167, -0.1445666738936624285, 0.5000000000000001110 ) ) ;
#3226 = FILL_AREA_STYLE_COLOUR ( '', #3610 ) ;
#3227 = CARTESIAN_POINT ( 'NONE',  ( -0.1034726392320118593, 0.1301223351360077385, 0.5000000000000000000 ) ) ;
#3228 = COLOUR_RGB ( '',1.000000000000000000, 1.000000000000000000, 1.000000000000000000 ) ;
#3229 = PRESENTATION_LAYER_ASSIGNMENT (  '', '', ( #5299 ) ) ;
#3230 = LINE ( 'NONE', #3876, #3997 ) ;
#3231 = CARTESIAN_POINT ( 'NONE',  ( 0.3643539557827725206, -0.07922656048579944377, 0.5000000000000001110 ) ) ;
#3232 = CARTESIAN_POINT ( 'NONE',  ( -0.3167055777526103788, 0.1126452988202986255, 0.4999999999999998890 ) ) ;
#3233 = DIRECTION ( 'NONE',  ( 1.000000000000000000, 0.0000000000000000000, -0.0000000000000000000 ) ) ;
#3234 = EDGE_LOOP ( 'NONE', ( #2482, #6228, #2634, #5995 ) ) ;
#3235 = CARTESIAN_POINT ( 'NONE',  ( 0.04883037369563813374, 0.04209822964776981785, 0.5000000000000001110 ) ) ;
#3236 = CARTESIAN_POINT ( 'NONE',  ( -0.2497984180524895070, -0.08806151053125460537, 0.4999999999999997780 ) ) ;
#3238 = PRESENTATION_STYLE_ASSIGNMENT (( #1101 ) ) ;
#3237 = CARTESIAN_POINT ( 'NONE',  ( 0.5399999999999995914, -0.3499999999999999778, 0.4800000000000000377 ) ) ;
#3239 = PRESENTATION_STYLE_ASSIGNMENT (( #4315 ) ) ;
#3240 = CARTESIAN_POINT ( 'NONE',  ( 0.2242114674806416907, 0.1279557830040737310, 0.4999999999999998890 ) ) ;
#3241 = VERTEX_POINT ( 'NONE', #2088 ) ;
#3242 = EDGE_CURVE ( 'NONE', #2453, #3393, #2476, .T. ) ;
#3243 = CARTESIAN_POINT ( 'NONE',  ( 0.3077838311973279395, 0.1251614326943536193, 0.4990000000000001101 ) ) ;
#3244 =( GEOMETRIC_REPRESENTATION_CONTEXT ( 3 ) GLOBAL_UNCERTAINTY_ASSIGNED_CONTEXT ( ( #1000 ) ) GLOBAL_UNIT_ASSIGNED_CONTEXT ( ( #5374, #6349, #29 ) ) REPRESENTATION_CONTEXT ( 'NONE', 'WORKASPACE' ) );
#3245 = CARTESIAN_POINT ( 'NONE',  ( -0.1317818271570655730, 0.1018260942287741999, 0.4989999999999999991 ) ) ;
#3246 = CARTESIAN_POINT ( 'NONE',  ( -0.03083009430901894124, 0.02095169246617895401, 0.4989999999999996660 ) ) ;
#3247 = CARTESIAN_POINT ( 'NONE',  ( -0.2144273220965110804, 0.09611892334299379503, 0.4989999999999998881 ) ) ;
#3248 = PLANE ( 'NONE',  #3011 ) ;
#3249 = CARTESIAN_POINT ( 'NONE',  ( -0.07035555472643395536, -0.1418690562759650775, 0.4990000000000001101 ) ) ;
#3250 = FACE_OUTER_BOUND ( 'NONE', #3234, .T. ) ;
#3251 = VECTOR ( 'NONE', #4122, 1000.000000000000000 ) ;
#3252 = CARTESIAN_POINT ( 'NONE',  ( 0.3675938281083649395, -0.05026878428327285347, 0.5000000000000001110 ) ) ;
#3253 = CARTESIAN_POINT ( 'NONE',  ( -0.1194696950148751713, -0.1023286801544689845, 0.5000000000000001110 ) ) ;
#3254 = ADVANCED_FACE ( 'NONE', ( #1146 ), #5357, .F. ) ;
#3255 = CARTESIAN_POINT ( 'NONE',  ( 0.1351552277555305992, 0.09999446014096852187, 0.4990000000000002212 ) ) ;
#3256 = DIRECTION ( 'NONE',  ( 0.0000000000000000000, 0.0000000000000000000, -1.000000000000000000 ) ) ;
#3257 = DIRECTION ( 'NONE',  ( 1.000000000000000000, 0.0000000000000000000, 0.0000000000000000000 ) ) ;
#3258 = CARTESIAN_POINT ( 'NONE',  ( -0.1093353155093874235, 0.1275735325108504070, 0.4989999999999999991 ) ) ;
#3259 = PRESENTATION_LAYER_ASSIGNMENT (  '', '', ( #6542 ) ) ;
#3260 = CARTESIAN_POINT ( 'NONE',  ( 0.3674175717206825675, -0.06028492598747450804, 0.5000000000000000000 ) ) ;
#3262 = VERTEX_POINT ( 'NONE', #5933 ) ;
#3261 = CARTESIAN_POINT ( 'NONE',  ( 0.3281140457535661747, -0.08658926116109152971, 0.5000000000000001110 ) ) ;
#3263 = CARTESIAN_POINT ( 'NONE',  ( -0.3318666027317844769, 0.05650933887673412204, 0.4989999999999998881 ) ) ;
#3264 = VERTEX_POINT ( 'NONE', #2154 ) ;
#3265 = LINE ( 'NONE', #3886, #1393 ) ;
#3266 = FILL_AREA_STYLE_COLOUR ( '', #2456 ) ;
#3268 = CARTESIAN_POINT ( 'NONE',  ( -0.1331163991643622702, 0.09924420272971415380, 0.4989999999999999991 ) ) ;
#3267 = CARTESIAN_POINT ( 'NONE',  ( 0.04884204518168651366, -0.02370176584750863236, 0.4999999999999997780 ) ) ;
#3269 = CARTESIAN_POINT ( 'NONE',  ( -0.04732241742342487706, -0.06615599568075331005, 0.4989999999999997771 ) ) ;
#3270 = CARTESIAN_POINT ( 'NONE',  ( -0.1557220968908638037, 0.1158367258085148399, 0.5000000000000000000 ) ) ;
#3271 = ORIENTED_EDGE ( 'NONE', *, *, #5766, .T. ) ;
#3272 = CARTESIAN_POINT ( 'NONE',  ( 0.3022786061696248749, 0.005191176734783501875, 0.4989999999999999991 ) ) ;
#3273 = CARTESIAN_POINT ( 'NONE',  ( -0.1427957822812453703, -0.04162430376379233632, 0.4989999999999999991 ) ) ;
#3274 = CARTESIAN_POINT ( 'NONE',  ( -0.03718900113705653904, -0.1182121282717181338, 0.5000000000000000000 ) ) ;
#3275 = EDGE_CURVE ( 'NONE', #3336, #4621, #6728, .T. ) ;
#3276 = CARTESIAN_POINT ( 'NONE',  ( -0.2705972086702301271, 0.1286922356254946165, 0.4989999999999997771 ) ) ;
#3277 = MECHANICAL_DESIGN_GEOMETRIC_PRESENTATION_REPRESENTATION (  '', ( #4828 ), #6450 ) ;
#3278 = CARTESIAN_POINT ( 'NONE',  ( -0.08657381172008504766, -0.1444297223054104296, 0.5000000000000001110 ) ) ;
#3279 = FILL_AREA_STYLE_COLOUR ( '', #5987 ) ;
#3280 = CARTESIAN_POINT ( 'NONE',  ( -0.2574160039304447256, 0.1181026474345394234, 0.4999999999999998890 ) ) ;
#3281 = EDGE_CURVE ( 'NONE', #1364, #925, #5297, .T. ) ;
#3282 = FACE_OUTER_BOUND ( 'NONE', #2747, .T. ) ;
#3283 = CARTESIAN_POINT ( 'NONE',  ( -0.3130212164221409243, 0.1178340681311237093, 0.4999999999999998890 ) ) ;
#3284 = B_SPLINE_CURVE_WITH_KNOTS ( 'NONE', 3,
 ( #5486, #5084, #1345, #2331, #2475, #3435, #783, #4982, #4440, #267, #2369, #5051, #6597, #1899, #335, #4744, #3572, #3607, #4678 ),
 .UNSPECIFIED., .F., .F.,
 ( 4, 1, 1, 1, 1, 1, 1, 1, 1, 1, 1, 1, 1, 1, 1, 1, 4 ),
 ( 0.0000000000000000000, 0.08398611369624739420, 0.1629199936422910944, 0.2385524220234914172, 0.3098954312087017215, 0.3776192977303573506, 0.4424526634953891979, 0.5054992281266067478, 0.5671230060389782501, 0.6266295832334767280, 0.6827467646689142633, 0.7374765652016590511, 0.7896228356673525850, 0.8417020369471359675, 0.8933643115404473756, 0.9463953602359703732, 1.000000000000000000 ),
 .UNSPECIFIED. ) ;
#3285 = CARTESIAN_POINT ( 'NONE',  ( -0.08483918726354544582, 0.1631612067568236624, 0.5000000000000000000 ) ) ;
#3286 = LINE ( 'NONE', #631, #3657 ) ;
#3287 = DIRECTION ( 'NONE',  ( -0.0000000000000000000, -0.0000000000000000000, 1.000000000000000000 ) ) ;
#3288 = CARTESIAN_POINT ( 'NONE',  ( -0.3337048731903362597, 0.009329430002441428671, 0.4999999999999997780 ) ) ;
#3289 = ADVANCED_FACE ( 'NONE', ( #4858 ), #3248, .T. ) ;
#3290 = LINE ( 'NONE', #1688, #4218 ) ;
#3291 = CARTESIAN_POINT ( 'NONE',  ( -0.5200000000000001288, 0.4500000000000000111, 0.4800000000000000377 ) ) ;
#3292 = CARTESIAN_POINT ( 'NONE',  ( 0.1352706491382405229, -0.08089284829732469595, 0.4989999999999999991 ) ) ;
#3293 = SURFACE_STYLE_USAGE ( .BOTH. , #5795 ) ;
#3294 = CARTESIAN_POINT ( 'NONE',  ( 0.04475425644720396751, -0.1180972743984682466, 0.5000000000000000000 ) ) ;
#3295 = DIRECTION ( 'NONE',  ( 0.0000000000000000000, 0.0000000000000000000, -1.000000000000000000 ) ) ;
#3296 = ORIENTED_EDGE ( 'NONE', *, *, #6222, .T. ) ;
#3297 = CARTESIAN_POINT ( 'NONE',  ( 0.05329634997893622356, 0.08091735354968818128, 0.4989999999999998881 ) ) ;
#3298 = ADVANCED_FACE ( 'NONE', ( #3899 ), #4419, .T. ) ;
#3299 = CARTESIAN_POINT ( 'NONE',  ( 0.05566106927578676894, -0.07274450891171216349, 0.4989999999999999991 ) ) ;
#3300 = CARTESIAN_POINT ( 'NONE',  ( -0.04539318487864799773, -0.04387673882872740461, 0.4999999999999997780 ) ) ;
#3301 = CARTESIAN_POINT ( 'NONE',  ( -0.1219776885218817053, 0.1541203157236309129, 0.4990000000000001101 ) ) ;
#3302 = VERTEX_POINT ( 'NONE', #4458 ) ;
#3303 = CARTESIAN_POINT ( 'NONE',  ( 0.01819980315461486656, -0.02951647080323194228, 0.4989999999999998881 ) ) ;
#3304 = B_SPLINE_SURFACE_WITH_KNOTS ( 'NONE', 3, 1, ( 
 ( #6290, #1600 ),
 ( #2144, #4346 ),
 ( #3727, #2179 ),
 ( #1070, #3695 ),
 ( #5350, #3174 ),
 ( #5257, #4317 ),
 ( #1703, #553 ),
 ( #6387, #130 ),
 ( #615, #3270 ),
 ( #1733, #2650 ),
 ( #5898, #1204 ),
 ( #5289, #5834 ),
 ( #583, #4756 ),
 ( #3301, #5804 ),
 ( #4252, #5867 ),
 ( #1171, #6326 ),
 ( #2746, #1638 ),
 ( #4849, #1103 ),
 ( #3205, #1138 ) ),
 .UNSPECIFIED., .F., .F., .F.,
 ( 4, 1, 1, 1, 1, 1, 1, 1, 1, 1, 1, 1, 1, 1, 1, 1, 4 ),
 ( 2, 2 ),
 ( 0.0000000000000000000, 0.1030510214301173788, 0.1985118224089747752, 0.2868437484802739412, 0.3677200657239294568, 0.4419798584103792893, 0.5097885389157852387, 0.5715698520366884194, 0.6281194857284042588, 0.6807745478689000151, 0.7303340892301461995, 0.7771488096713058402, 0.8223315955941737920, 0.8662796699709642834, 0.9100710842383634702, 0.9543408322535454902, 0.9999999999999998890 ),
 ( 0.0000000000000000000, 1.000000000000000000 ),
 .UNSPECIFIED. ) ;
#3305 = B_SPLINE_CURVE_WITH_KNOTS ( 'NONE', 3,
 ( #1224, #225, #4872, #737, #2290, #152, #1690, #5372, #2836, #603, #4401, #2322, #4432, #2706, #2256, #4368, #1161, #2195, #5855 ),
 .UNSPECIFIED., .F., .F.,
 ( 4, 1, 1, 1, 1, 1, 1, 1, 1, 1, 1, 1, 1, 1, 1, 1, 4 ),
 ( 0.0000000000000000000, 0.05396690880555491537, 0.1066957723924123608, 0.1587095617866187136, 0.2117944881323665096, 0.2661135228064697156, 0.3220383918684713853, 0.3806851497814837670, 0.4421881151636642415, 0.5056561537619275182, 0.5694381099338695629, 0.6342368007246793615, 0.7009511361249155525, 0.7707382097760445694, 0.8439566231860513579, 0.9197790991426094687, 1.000000000000000000 ),
 .UNSPECIFIED. ) ;
#3306 = CARTESIAN_POINT ( 'NONE',  ( -0.3448951430619580094, 0.1239936458895452426, 0.4990000000000002212 ) ) ;
#3307 = CARTESIAN_POINT ( 'NONE',  ( -0.07035555472643395536, -0.1418690562759650775, 0.5000000000000001110 ) ) ;
#3308 = FILL_AREA_STYLE ('',( #2277 ) ) ;
#3309 = SURFACE_STYLE_FILL_AREA ( #2210 ) ;
#3310 = CARTESIAN_POINT ( 'NONE',  ( -0.03718900113705653904, -0.1182121282717181338, 0.4989999999999999991 ) ) ;
#3311 = EDGE_LOOP ( 'NONE', ( #5954, #3058, #1734, #4719 ) ) ;
#3312 = SURFACE_STYLE_USAGE ( .BOTH. , #4327 ) ;
#3313 = DIRECTION ( 'NONE',  ( 1.000000000000000000, -0.0000000000000000000, 0.0000000000000000000 ) ) ;
#3314 = CARTESIAN_POINT ( 'NONE',  ( -0.3481919118154149784, -0.1003954948538945263, 0.4990000000000003322 ) ) ;
#3315 = CARTESIAN_POINT ( 'NONE',  ( 0.7800000000000001377, 0.4500000000000000111, 0.4800000000000001488 ) ) ;
#3316 = CARTESIAN_POINT ( 'NONE',  ( 0.3345879912600994155, -0.03252752729608683613, 0.5000000000000000000 ) ) ;
#3317 = AXIS2_PLACEMENT_3D ( 'NONE', #3804, #3836, #5503 ) ;
#3319 = CARTESIAN_POINT ( 'NONE',  ( -0.3648063692810760150, 0.002408134031030801335, 0.5000000000000001110 ) ) ;
#3318 = PRESENTATION_LAYER_ASSIGNMENT (  '', '', ( #3211 ) ) ;
#3320 = LINE ( 'NONE', #1747, #6575 ) ;
#3321 = CARTESIAN_POINT ( 'NONE',  ( 0.3018398050215380102, -0.1430780695466314922, 0.5000000000000000000 ) ) ;
#3323 = ORIENTED_EDGE ( 'NONE', *, *, #206, .T. ) ;
#3322 = CARTESIAN_POINT ( 'NONE',  ( 0.3177142852638379367, -0.09998355413711000617, 0.5000000000000002220 ) ) ;
#3324 = SURFACE_SIDE_STYLE ('',( #1861 ) ) ;
#3325 = CARTESIAN_POINT ( 'NONE',  ( 0.03890865785696127899, -0.1099190716672146517, 0.4999999999999998890 ) ) ;
#3326 = CARTESIAN_POINT ( 'NONE',  ( 0.3221189904460273201, 0.02393981961283103005, 0.5000000000000000000 ) ) ;
#3327 = VERTEX_POINT ( 'NONE', #2857 ) ;
#3328 = CARTESIAN_POINT ( 'NONE',  ( 0.09073492615251059490, 0.1318891510754306995, 0.4989999999999999991 ) ) ;
#3329 = MECHANICAL_DESIGN_GEOMETRIC_PRESENTATION_REPRESENTATION (  '', ( #6731 ), #2018 ) ;
#3330 = PRESENTATION_STYLE_ASSIGNMENT (( #1231 ) ) ;
#3331 = CARTESIAN_POINT ( 'NONE',  ( -0.2414557025733108653, -0.06231043204667918722, 0.4990000000000001101 ) ) ;
#3333 = COLOUR_RGB ( '',1.000000000000000000, 1.000000000000000000, 1.000000000000000000 ) ;
#3332 = CARTESIAN_POINT ( 'NONE',  ( 0.06927540403519016898, -0.09936177919827650362, 0.5000000000000000000 ) ) ;
#3334 = CARTESIAN_POINT ( 'NONE',  ( 0.1062754948309528324, 0.1306708458271366446, 0.5000000000000003331 ) ) ;
#3335 = CARTESIAN_POINT ( 'NONE',  ( 0.3674175717206825675, -0.06028492598747450804, 0.4989999999999999991 ) ) ;
#3336 = VERTEX_POINT ( 'NONE', #6012 ) ;
#3337 = EDGE_CURVE ( 'NONE', #294, #5483, #6534, .T. ) ;
#3338 = CARTESIAN_POINT ( 'NONE',  ( 0.04883037369563813374, 0.04209822964776981785, 0.5000000000000001110 ) ) ;
#3339 = DIRECTION ( 'NONE',  ( 1.000000000000000000, -1.355252715606880740E-15, 0.0000000000000000000 ) ) ;
#3340 = COLOUR_RGB ( '',1.000000000000000000, 1.000000000000000000, 1.000000000000000000 ) ;
#3341 = FILL_AREA_STYLE_COLOUR ( '', #4648 ) ;
#3342 = SURFACE_SIDE_STYLE ('',( #5930 ) ) ;
#3343 = CARTESIAN_POINT ( 'NONE',  ( 0.2877845748616117416, 0.007381378054389486909, 0.5000000000000000000 ) ) ;
#3344 = CARTESIAN_POINT ( 'NONE',  ( 0.3244779373760778851, 0.02321399638308999785, 0.4990000000000001101 ) ) ;
#3345 = STYLED_ITEM ( 'NONE', ( #5505 ), #3063 ) ;
#3346 = CARTESIAN_POINT ( 'NONE',  ( 0.1351544068933251130, 0.1509485394041880646, 0.5000000000000001110 ) ) ;
#3347 = VERTEX_POINT ( 'NONE', #760 ) ;
#3348 = CARTESIAN_POINT ( 'NONE',  ( -0.08657381172008504766, -0.1444297223054104296, 0.4990000000000001101 ) ) ;
#3349 = DIRECTION ( 'NONE',  ( 1.000000000000000000, 0.0000000000000000000, 9.680376540049147084E-17 ) ) ;
#3350 = CARTESIAN_POINT ( 'NONE',  ( -0.2880543215778657573, -0.1444590227595910492, 0.5000000000000000000 ) ) ;
#3351 = CARTESIAN_POINT ( 'NONE',  ( -0.1014327361552884998, -0.1122657597085535419, 0.5000000000000000000 ) ) ;
#3352 = SURFACE_STYLE_FILL_AREA ( #1852 ) ;
#3353 = CARTESIAN_POINT ( 'NONE',  ( 0.2923441752811873351, 0.1630138202389985747, 0.5000000000000000000 ) ) ;
#3354 = CARTESIAN_POINT ( 'NONE',  ( 0.2851668800564169937, 0.1632255338985453275, 0.5000000000000001110 ) ) ;
#3355 = CARTESIAN_POINT ( 'NONE',  ( 0.1514332891664015857, -0.1145339276333229156, 0.5000000000000001110 ) ) ;
#3356 = MECHANICAL_DESIGN_GEOMETRIC_PRESENTATION_REPRESENTATION (  '', ( #1160 ), #3912 ) ;
#3357 = EDGE_CURVE ( 'NONE', #3858, #2325, #6464, .T. ) ;
#3358 = CARTESIAN_POINT ( 'NONE',  ( 0.3661986758547089438, -0.06999295962482914024, 0.4999999999999998890 ) ) ;
#3360 = ORIENTED_EDGE ( 'NONE', *, *, #1452, .F. ) ;
#3359 = CARTESIAN_POINT ( 'NONE',  ( 0.3363727726760600278, -0.05290784156934694865, 0.5000000000000000000 ) ) ;
#3361 = SURFACE_STYLE_USAGE ( .BOTH. , #3880 ) ;
#3362 = CARTESIAN_POINT ( 'NONE',  ( -0.2848209446189077232, 0.1632255338985452997, 0.5000000000000000000 ) ) ;
#3363 = FACE_OUTER_BOUND ( 'NONE', #2100, .T. ) ;
#3364 = ORIENTED_EDGE ( 'NONE', *, *, #6237, .F. ) ;
#3365 = CARTESIAN_POINT ( 'NONE',  ( 0.2187656211353512792, -0.1016612002240610407, 0.4990000000000001101 ) ) ;
#3366 = CARTESIAN_POINT ( 'NONE',  ( -0.05600271928721874820, 0.0008229069200715517004, 0.4999999999999998890 ) ) ;
#3367 = FILL_AREA_STYLE_COLOUR ( '', #1271 ) ;
#3368 = EDGE_CURVE ( 'NONE', #3602, #2128, #346, .T. ) ;
#3369 = STYLED_ITEM ( 'NONE', ( #4093 ), #5416 ) ;
#3370 = CARTESIAN_POINT ( 'NONE',  ( 0.03362627000276694617, -0.1003954948538945263, 0.5000000000000003331 ) ) ;
#3371 = CARTESIAN_POINT ( 'NONE',  ( 0.3661986758547089438, -0.06999295962482914024, 0.4989999999999998881 ) ) ;
#3372 = ORIENTED_EDGE ( 'NONE', *, *, #5170, .T. ) ;
#3373 = FILL_AREA_STYLE_COLOUR ( '', #1520 ) ;
#3374 = CARTESIAN_POINT ( 'NONE',  ( -0.3495889387027601436, 0.1136077813506119749, 0.4989999999999997771 ) ) ;
#3375 = CARTESIAN_POINT ( 'NONE',  ( -0.06166140224020135591, 0.1585856123319077104, 0.5000000000000000000 ) ) ;
#3377 = SURFACE_STYLE_USAGE ( .BOTH. , #838 ) ;
#3376 = CARTESIAN_POINT ( 'NONE',  ( 0.1689760337381095434, -0.07063859189469524902, 0.5000000000000001110 ) ) ;
#3378 = CARTESIAN_POINT ( 'NONE',  ( 0.2815135687612626558, -0.1132477955154768817, 0.4990000000000001101 ) ) ;
#3379 = ORIENTED_EDGE ( 'NONE', *, *, #2873, .F. ) ;
#3380 = CARTESIAN_POINT ( 'NONE',  ( 0.1673908597216705874, 0.09611892334299379503, 0.4999999999999998890 ) ) ;
#3381 = CARTESIAN_POINT ( 'NONE',  ( -0.08709367189163499945, 0.1632255338985452997, 0.4989999999999999991 ) ) ;
#3382 = CARTESIAN_POINT ( 'NONE',  ( -0.2364640739807641057, 0.02637922621971367995, 0.5000000000000000000 ) ) ;
#3383 = AXIS2_PLACEMENT_3D ( 'NONE', #24, #1721, #5307 ) ;
#3384 = CARTESIAN_POINT ( 'NONE',  ( -0.3646768411811854294, -0.01067170301994723770, 0.4990000000000002212 ) ) ;
#3385 = CARTESIAN_POINT ( 'NONE',  ( -0.1292166993385427953, 0.1067886452731811597, 0.5000000000000000000 ) ) ;
#3386 =( NAMED_UNIT ( * ) PLANE_ANGLE_UNIT ( ) SI_UNIT ( $, .RADIAN. ) );
#3387 = CARTESIAN_POINT ( 'NONE',  ( -0.8000000000000000444, -0.4500000000000000111, 5.421010862427522170E-17 ) ) ;
#3388 = SURFACE_SIDE_STYLE ('',( #4019 ) ) ;
#3389 = CARTESIAN_POINT ( 'NONE',  ( 0.2877845748616117416, 0.007381378054389486909, 0.5000000000000001110 ) ) ;
#3390 = CARTESIAN_POINT ( 'NONE',  ( 0.1614955231665707036, -0.09488909288150074173, 0.5000000000000000000 ) ) ;
#3391 = VECTOR ( 'NONE', #2319, 1000.000000000000000 ) ;
#3392 = SURFACE_SIDE_STYLE ('',( #5042 ) ) ;
#3393 = VERTEX_POINT ( 'NONE', #4044 ) ;
#3394 = SURFACE_STYLE_USAGE ( .BOTH. , #3324 ) ;
#3395 = FACE_OUTER_BOUND ( 'NONE', #4103, .T. ) ;
#3396 = FILL_AREA_STYLE ('',( #1302 ) ) ;
#3397 = ORIENTED_EDGE ( 'NONE', *, *, #5245, .T. ) ;
#3398 = CARTESIAN_POINT ( 'NONE',  ( 0.1655355580141043559, -0.08331778055493836710, 0.4989999999999999991 ) ) ;
#3399 = FILL_AREA_STYLE ('',( #1269 ) ) ;
#3400 = CARTESIAN_POINT ( 'NONE',  ( 0.3510617658992268852, 0.05695305147752335873, 0.5000000000000001110 ) ) ;
#3402 = CARTESIAN_POINT ( 'NONE',  ( 0.3663001156338724362, -0.03172822984085784531, 0.4989999999999998881 ) ) ;
#3401 = PRESENTATION_STYLE_ASSIGNMENT (( #5895 ) ) ;
#3403 = CARTESIAN_POINT ( 'NONE',  ( 0.1010717817999388646, 0.1318614786664695782, 0.5000000000000001110 ) ) ;
#3404 = CARTESIAN_POINT ( 'NONE',  ( -0.2363022757877388802, 0.009329430002441428671, 0.4989999999999999991 ) ) ;
#3405 = ORIENTED_EDGE ( 'NONE', *, *, #2151, .T. ) ;
#3406 = CARTESIAN_POINT ( 'NONE',  ( -0.01445554440493060019, -0.03216917123678040419, 0.5000000000000001110 ) ) ;
#3407 = CARTESIAN_POINT ( 'NONE',  ( -0.09320609681198045726, -0.1133406688892809322, 0.4990000000000001101 ) ) ;
#3408 = CARTESIAN_POINT ( 'NONE',  ( -0.06115529440085630541, -0.1382481391333831022, 0.5000000000000000000 ) ) ;
#3410 = CARTESIAN_POINT ( 'NONE',  ( 0.0000000000000000000, -0.4500000000000000111, 0.0000000000000000000 ) ) ;
#3409 = CARTESIAN_POINT ( 'NONE',  ( 0.09984763437914002948, -0.1444567335670744190, 0.4989999999999999991 ) ) ;
#3411 = CARTESIAN_POINT ( 'NONE',  ( 0.2894710756848637989, 0.007334964319694968655, 0.4990000000000001101 ) ) ;
#3412 = CARTESIAN_POINT ( 'NONE',  ( 0.2402077286683450830, -0.06191112546040264397, 0.4990000000000002212 ) ) ;
#3413 =( LENGTH_UNIT ( ) NAMED_UNIT ( * ) SI_UNIT ( .MILLI., .METRE. ) );
#3414 = ORIENTED_EDGE ( 'NONE', *, *, #6528, .F. ) ;
#3415 = CARTESIAN_POINT ( 'NONE',  ( 0.1708897506729334936, 0.08150052107983779548, 0.5000000000000002220 ) ) ;
#3416 = CARTESIAN_POINT ( 'NONE',  ( 0.3471543229860291624, 0.04873008906243723320, 0.4990000000000001101 ) ) ;
#3417 = CARTESIAN_POINT ( 'NONE',  ( -0.2370223606730146870, 0.04242217291370062315, 0.4999999999999998890 ) ) ;
#3418 = CARTESIAN_POINT ( 'NONE',  ( -0.1199383087098757350, 0.1191938359725796537, 0.5000000000000000000 ) ) ;
#3419 = SURFACE_STYLE_USAGE ( .BOTH. , #6099 ) ;
#3420 = CARTESIAN_POINT ( 'NONE',  ( 0.3286068829461348262, -0.01713646933448022269, 0.5000000000000000000 ) ) ;
#3421 = ADVANCED_FACE ( 'NONE', ( #3520 ), #5162, .T. ) ;
#3422 = CARTESIAN_POINT ( 'NONE',  ( 0.09984418472949836698, 0.1631342056551429442, 0.4990000000000001101 ) ) ;
#3423 = CARTESIAN_POINT ( 'NONE',  ( 0.04884204518168651366, -0.02370176584750863236, 0.4999999999999998890 ) ) ;
#3424 = CARTESIAN_POINT ( 'NONE',  ( 0.2662951268096636070, 0.003241767664779093751, 0.5000000000000001110 ) ) ;
#3425 = CARTESIAN_POINT ( 'NONE',  ( 0.3675938281083648840, -0.05026878428327284654, 0.4989999999999999991 ) ) ;
#3426 = PRESENTATION_LAYER_ASSIGNMENT (  '', '', ( #6382 ) ) ;
#3427 = STYLED_ITEM ( 'NONE', ( #3238 ), #486 ) ;
#3429 = ORIENTED_EDGE ( 'NONE', *, *, #5697, .F. ) ;
#3428 = CARTESIAN_POINT ( 'NONE',  ( 0.07769853490486751391, -0.1072325499370980484, 0.4990000000000001101 ) ) ;
#3430 = CARTESIAN_POINT ( 'NONE',  ( -0.3448951430619580094, 0.1239936458895452426, 0.5000000000000002220 ) ) ;
#3431 = CARTESIAN_POINT ( 'NONE',  ( -0.2363579865423980908, 0.003545838003839403563, 0.4999999999999998890 ) ) ;
#3432 = ORIENTED_EDGE ( 'NONE', *, *, #985, .F. ) ;
#3433 = SURFACE_STYLE_FILL_AREA ( #863 ) ;
#3434 = CARTESIAN_POINT ( 'NONE',  ( -0.07065571585451958792, 0.01618927515757200009, 0.4989999999999999991 ) ) ;
#3435 = CARTESIAN_POINT ( 'NONE',  ( -0.04872105993215068015, -0.01570441219663270410, 0.4990000000000001101 ) ) ;
#3436 =( GEOMETRIC_REPRESENTATION_CONTEXT ( 3 ) GLOBAL_UNCERTAINTY_ASSIGNED_CONTEXT ( ( #4389 ) ) GLOBAL_UNIT_ASSIGNED_CONTEXT ( ( #685, #756, #1708 ) ) REPRESENTATION_CONTEXT ( 'NONE', 'WORKASPACE' ) );
#3437 = CARTESIAN_POINT ( 'NONE',  ( 0.2662951268096636070, 0.003241767664779093751, 0.4989999999999999991 ) ) ;
#3438 = FILL_AREA_STYLE_COLOUR ( '', #3679 ) ;
#3439 = CARTESIAN_POINT ( 'NONE',  ( 0.1319160947026820907, 0.1071126610619843184, 0.5000000000000001110 ) ) ;
#3440 = MECHANICAL_DESIGN_GEOMETRIC_PRESENTATION_REPRESENTATION (  '', ( #5295 ), #807 ) ;
#3441 = CARTESIAN_POINT ( 'NONE',  ( -0.2611418417670103298, -0.1035809638494556706, 0.4989999999999999991 ) ) ;
#3442 = MECHANICAL_DESIGN_GEOMETRIC_PRESENTATION_REPRESENTATION (  '', ( #5944 ), #3887 ) ;
#3443 = EDGE_LOOP ( 'NONE', ( #1450, #157, #5454, #549 ) ) ;
#3444 = CARTESIAN_POINT ( 'NONE',  ( -0.04730003058215582340, 0.03933169638682560559, 0.5000000000000001110 ) ) ;
#3445 = CARTESIAN_POINT ( 'NONE',  ( -0.1194696950148751713, -0.1023286801544689845, 0.5000000000000000000 ) ) ;
#3446 = MECHANICAL_DESIGN_GEOMETRIC_PRESENTATION_REPRESENTATION (  '', ( #3778 ), #6186 ) ;
#3447 = COLOUR_RGB ( '',1.000000000000000000, 1.000000000000000000, 1.000000000000000000 ) ;
#3448 = CARTESIAN_POINT ( 'NONE',  ( -0.07855345099964640421, -0.1108317850451058795, 0.4989999999999999991 ) ) ;
#3450 = CARTESIAN_POINT ( 'NONE',  ( 0.3559055164200533583, 0.08512082610633753266, 0.4990000000000001101 ) ) ;
#3449 = CARTESIAN_POINT ( 'NONE',  ( -0.5199999999999999067, -0.4500000000000000111, 0.4800000000000001488 ) ) ;
#3451 = EDGE_CURVE ( 'NONE', #1342, #1931, #6706, .T. ) ;
#3452 = CARTESIAN_POINT ( 'NONE',  ( 0.3286068829461348262, -0.01713646933448022269, 0.4989999999999999991 ) ) ;
#3453 = DIRECTION ( 'NONE',  ( -0.0000000000000000000, -0.0000000000000000000, 1.000000000000000000 ) ) ;
#3454 = VERTEX_POINT ( 'NONE', #1462 ) ;
#3455 = CARTESIAN_POINT ( 'NONE',  ( 0.1733855896089355475, 0.06542874343083539268, 0.4999999999999997780 ) ) ;
#3456 =( GEOMETRIC_REPRESENTATION_CONTEXT ( 3 ) GLOBAL_UNCERTAINTY_ASSIGNED_CONTEXT ( ( #3204 ) ) GLOBAL_UNIT_ASSIGNED_CONTEXT ( ( #3056, #5149, #1659 ) ) REPRESENTATION_CONTEXT ( 'NONE', 'WORKASPACE' ) );
#3457 = FILL_AREA_STYLE ('',( #6581 ) ) ;
#3458 =( GEOMETRIC_REPRESENTATION_CONTEXT ( 3 ) GLOBAL_UNCERTAINTY_ASSIGNED_CONTEXT ( ( #3551 ) ) GLOBAL_UNIT_ASSIGNED_CONTEXT ( ( #6419, #614, #3173 ) ) REPRESENTATION_CONTEXT ( 'NONE', 'WORKASPACE' ) );
#3459 = CARTESIAN_POINT ( 'NONE',  ( -0.3336505243188370717, 0.003484855984208566886, 0.4989999999999999991 ) ) ;
#3460 = SURFACE_STYLE_FILL_AREA ( #6024 ) ;
#3461 = CARTESIAN_POINT ( 'NONE',  ( -0.08276375754967357778, 0.1312127853882528172, 0.4989999999999999991 ) ) ;
#3462 = CARTESIAN_POINT ( 'NONE',  ( -0.5000000000000002220, -0.4500000000000000111, 5.421010862427522170E-17 ) ) ;
#3463 = B_SPLINE_CURVE_WITH_KNOTS ( 'NONE', 3,
 ( #2015, #978, #5642, #4119, #2627, #3596, #533, #5264, #498, #6166, #946, #467, #6233, #1043, #3107, #5135, #4156, #6689, #6750 ),
 .UNSPECIFIED., .F., .F.,
 ( 4, 1, 1, 1, 1, 1, 1, 1, 1, 1, 1, 1, 1, 1, 1, 1, 4 ),
 ( 0.0000000000000000000, 0.1030510214301173788, 0.1985118224089747752, 0.2868437484802739412, 0.3677200657239294568, 0.4419798584103792893, 0.5097885389157852387, 0.5715698520366884194, 0.6281194857284042588, 0.6807745478689000151, 0.7303340892301461995, 0.7771488096713058402, 0.8223315955941737920, 0.8662796699709642834, 0.9100710842383634702, 0.9543408322535454902, 0.9999999999999998890 ),
 .UNSPECIFIED. ) ;
#3464 = MECHANICAL_DESIGN_GEOMETRIC_PRESENTATION_REPRESENTATION (  '', ( #2790 ), #5310 ) ;
#3465 = CARTESIAN_POINT ( 'NONE',  ( -0.2860473386419835062, -0.1133427515082089804, 0.5000000000000000000 ) ) ;
#3466 = CARTESIAN_POINT ( 'NONE',  ( 0.2862595436836014029, 0.007333383216561972090, 0.4989999999999999991 ) ) ;
#3467 = STYLED_ITEM ( 'NONE', ( #3330 ), #3966 ) ;
#3469 = ORIENTED_EDGE ( 'NONE', *, *, #4490, .T. ) ;
#3468 = CARTESIAN_POINT ( 'NONE',  ( -0.2763832437660704855, 0.1629548578888670440, 0.4989999999999999991 ) ) ;
#3470 = CARTESIAN_POINT ( 'NONE',  ( -0.2755426869872290574, 0.1306708458271366724, 0.5000000000000002220 ) ) ;
#3471 = CARTESIAN_POINT ( 'NONE',  ( 0.02178041243047440512, 0.07560020120858625126, 0.4990000000000001101 ) ) ;
#3472 = ORIENTED_EDGE ( 'NONE', *, *, #4772, .F. ) ;
#3473 = DIRECTION ( 'NONE',  ( -1.563753133392554301E-16, 0.0000000000000000000, -1.000000000000000000 ) ) ;
#3474 = SURFACE_STYLE_USAGE ( .BOTH. , #2844 ) ;
#3475 = SURFACE_STYLE_FILL_AREA ( #1307 ) ;
#3476 = VECTOR ( 'NONE', #4506, 1000.000000000000000 ) ;
#3477 = CARTESIAN_POINT ( 'NONE',  ( -0.08709963258131517283, -0.1132066313045196199, 0.5000000000000000000 ) ) ;
#3478 = CARTESIAN_POINT ( 'NONE',  ( -0.1427466754882738553, -0.03920795902693919449, 0.4989999999999999991 ) ) ;
#3479 = CARTESIAN_POINT ( 'NONE',  ( 0.09571882810836498945, 0.1320567027297141205, 0.4989999999999999991 ) ) ;
#3480 = CARTESIAN_POINT ( 'NONE',  ( -0.2364647490256541473, -0.007537670874974896143, 0.4989999999999999991 ) ) ;
#3481 = ORIENTED_EDGE ( 'NONE', *, *, #1505, .T. ) ;
#3482 = CARTESIAN_POINT ( 'NONE',  ( 0.09571882810836498945, 0.1320567027297141205, 0.4989999999999999991 ) ) ;
#3483 = SURFACE_STYLE_USAGE ( .BOTH. , #1427 ) ;
#3484 = VECTOR ( 'NONE', #2483, 1000.000000000000000 ) ;
#3485 = CARTESIAN_POINT ( 'NONE',  ( -0.01919271119282158627, 0.09783464047570662736, 0.4989999999999998881 ) ) ;
#3487 = CARTESIAN_POINT ( 'NONE',  ( 0.3558547331746577114, 0.08788359136351599210, 0.5000000000000002220 ) ) ;
#3486 = CARTESIAN_POINT ( 'NONE',  ( 0.2325062255070130535, -0.1213734387421058769, 0.5000000000000001110 ) ) ;
#3488 = UNCERTAINTY_MEASURE_WITH_UNIT (LENGTH_MEASURE( 1.000000000000000082E-05 ), #5489, 'distance_accuracy_value', 'NONE');
#3489 = CARTESIAN_POINT ( 'NONE',  ( 0.1135932613614693554, 0.1614758553789334139, 0.5000000000000001110 ) ) ;
#3490 = EDGE_LOOP ( 'NONE', ( #2205, #5092, #6474, #1517, #4206, #439, #3687, #5240 ) ) ;
#3491 = CARTESIAN_POINT ( 'NONE',  ( -0.1121186215337942882, 0.01862592653660039010, 0.4989999999999999991 ) ) ;
#3492 = CARTESIAN_POINT ( 'NONE',  ( 0.2828713350011881067, 0.1631633693503943272, 0.4989999999999999991 ) ) ;
#3493 = SURFACE_STYLE_USAGE ( .BOTH. , #5539 ) ;
#3494 = ADVANCED_FACE ( 'NONE', ( #2006 ), #504, .T. ) ;
#3495 = LINE ( 'NONE', #1886, #2547 ) ;
#3496 = PRESENTATION_STYLE_ASSIGNMENT (( #5545 ) ) ;
#3497 =( GEOMETRIC_REPRESENTATION_CONTEXT ( 3 ) GLOBAL_UNCERTAINTY_ASSIGNED_CONTEXT ( ( #4600 ) ) GLOBAL_UNIT_ASSIGNED_CONTEXT ( ( #3413, #5737, #4078 ) ) REPRESENTATION_CONTEXT ( 'NONE', 'WORKASPACE' ) );
#3498 = DIRECTION ( 'NONE',  ( 0.0000000000000000000, 0.0000000000000000000, 1.000000000000000000 ) ) ;
#3500 = ORIENTED_EDGE ( 'NONE', *, *, #2074, .T. ) ;
#3499 =( LENGTH_UNIT ( ) NAMED_UNIT ( * ) SI_UNIT ( .MILLI., .METRE. ) );
#3501 = CARTESIAN_POINT ( 'NONE',  ( -0.05135885620810293900, 0.09550042015787328642, 0.4989999999999999991 ) ) ;
#3502 = CARTESIAN_POINT ( 'NONE',  ( -0.2466629540626511796, 0.09999446014096845248, 0.4999999999999998890 ) ) ;
#3503 = LINE ( 'NONE', #5617, #4905 ) ;
#3504 = ORIENTED_EDGE ( 'NONE', *, *, #517, .T. ) ;
#3505 = CARTESIAN_POINT ( 'NONE',  ( 0.2103894496822635851, -0.07737527799861144973, 0.4989999999999999991 ) ) ;
#3506 = CARTESIAN_POINT ( 'NONE',  ( 0.1453541078374177842, 0.02637922621971367995, 0.5000000000000000000 ) ) ;
#3507 = EDGE_CURVE ( 'NONE', #1927, #364, #6386, .T. ) ;
#3508 = CARTESIAN_POINT ( 'NONE',  ( -0.05937447383881160057, -0.09489193473374414600, 0.5000000000000002220 ) ) ;
#3509 = AXIS2_PLACEMENT_3D ( 'NONE', #3103, #1536, #389 ) ;
#3510 = CARTESIAN_POINT ( 'NONE',  ( -0.1408449978679933434, -0.02112781369998859016, 0.4989999999999999991 ) ) ;
#3511 = CARTESIAN_POINT ( 'NONE',  ( -0.2303848926517801099, -0.1145339276333229572, 0.4990000000000001101 ) ) ;
#3512 =( LENGTH_UNIT ( ) NAMED_UNIT ( * ) SI_UNIT ( .MILLI., .METRE. ) );
#3513 = VERTEX_POINT ( 'NONE', #3790 ) ;
#3514 = CARTESIAN_POINT ( 'NONE',  ( -0.01422435370981682545, -0.04278095960794817826, 0.5000000000000000000 ) ) ;
#3515 = CARTESIAN_POINT ( 'NONE',  ( -0.1062202987375197583, -0.1107691716536142873, 0.4989999999999998881 ) ) ;
#3516 = ADVANCED_FACE ( 'NONE', ( #5865 ), #4136, .T. ) ;
#3517 = STYLED_ITEM ( 'NONE', ( #5064 ), #6010 ) ;
#3518 = DIRECTION ( 'NONE',  ( 0.0000000000000000000, 1.000000000000000000, 0.0000000000000000000 ) ) ;
#3519 = CARTESIAN_POINT ( 'NONE',  ( 0.09921765664764201076, -0.1133400795675549022, 0.4999999999999995559 ) ) ;
#3520 = FACE_OUTER_BOUND ( 'NONE', #1187, .T. ) ;
#3521 = CARTESIAN_POINT ( 'NONE',  ( -0.04555614471999067799, -0.03629781699152055674, 0.4999999999999998890 ) ) ;
#3522 = ORIENTED_EDGE ( 'NONE', *, *, #2039, .F. ) ;
#3523 = CARTESIAN_POINT ( 'NONE',  ( 0.2421944895258539843, 0.1489688951184660048, 0.4990000000000002212 ) ) ;
#3524 = CARTESIAN_POINT ( 'NONE',  ( -0.5399999999999999245, -0.4500000000000000111, 0.5000000000000000000 ) ) ;
#3525 = CARTESIAN_POINT ( 'NONE',  ( -0.2052772636585493971, -0.008702789788698969686, 0.5000000000000001110 ) ) ;
#3526 = CARTESIAN_POINT ( 'NONE',  ( 0.1414126928393119043, 0.1454899260265474781, 0.4990000000000001101 ) ) ;
#3527 = PRESENTATION_STYLE_ASSIGNMENT (( #6714 ) ) ;
#3528 = CARTESIAN_POINT ( 'NONE',  ( -0.1342364846456848282, 0.09676596799375164482, 0.4989999999999999991 ) ) ;
#3529 = CARTESIAN_POINT ( 'NONE',  ( 0.2683362184296442798, 0.003882383281330815516, 0.4989999999999999991 ) ) ;
#3530 = CARTESIAN_POINT ( 'NONE',  ( 0.3675250211376676068, -0.04708009012976675789, 0.5000000000000000000 ) ) ;
#3531 =( LENGTH_UNIT ( ) NAMED_UNIT ( * ) SI_UNIT ( .MILLI., .METRE. ) );
#3533 = EDGE_LOOP ( 'NONE', ( #1695, #5159, #5692, #6291 ) ) ;
#3532 = CARTESIAN_POINT ( 'NONE',  ( 0.09754512680966366533, -0.1133978427248312909, 0.4989999999999997771 ) ) ;
#3534 = ADVANCED_FACE ( 'NONE', ( #716 ), #6262, .T. ) ;
#3535 = CARTESIAN_POINT ( 'NONE',  ( 0.2993382280349224933, 0.1619368048196268839, 0.4989999999999999991 ) ) ;
#3536 = CARTESIAN_POINT ( 'NONE',  ( 0.09699723719927409726, 0.1632255338985452997, 0.4989999999999999991 ) ) ;
#3537 = EDGE_LOOP ( 'NONE', ( #5315, #5958, #1098, #5773 ) ) ;
#3538 = CARTESIAN_POINT ( 'NONE',  ( 0.2371013455217783061, 0.1445843395621372041, 0.5000000000000000000 ) ) ;
#3539 =( LENGTH_UNIT ( ) NAMED_UNIT ( * ) SI_UNIT ( .MILLI., .METRE. ) );
#3541 = PRESENTATION_LAYER_ASSIGNMENT (  '', '', ( #4750 ) ) ;
#3540 = CARTESIAN_POINT ( 'NONE',  ( 0.1766847371992740501, 0.009207676755688173204, 0.4989999999999999991 ) ) ;
#3542 = CARTESIAN_POINT ( 'NONE',  ( -0.5399999999999999245, 0.3499999999999999778, -0.0009999999999999158867 ) ) ;
#3543 = CARTESIAN_POINT ( 'NONE',  ( -0.3172272750321886714, -0.1360515706902424293, 0.4989999999999999991 ) ) ;
#3544 = ORIENTED_EDGE ( 'NONE', *, *, #298, .T. ) ;
#3545 = CARTESIAN_POINT ( 'NONE',  ( -0.1275062992552591090, -0.09375310958279421680, 0.4999999999999998890 ) ) ;
#3546 = CARTESIAN_POINT ( 'NONE',  ( -0.05316205733877078093, -0.08474020367056749048, 0.4989999999999998881 ) ) ;
#3548 = CARTESIAN_POINT ( 'NONE',  ( -0.1682158314194570348, -0.06549810181122642239, 0.5000000000000000000 ) ) ;
#3547 = CARTESIAN_POINT ( 'NONE',  ( 0.2830320953978763265, -0.1444990501089657153, 0.4989999999999998881 ) ) ;
#3549 = EDGE_CURVE ( 'NONE', #4739, #4974, #983, .T. ) ;
#3550 = SURFACE_SIDE_STYLE ('',( #1563 ) ) ;
#3551 = UNCERTAINTY_MEASURE_WITH_UNIT (LENGTH_MEASURE( 1.000000000000000082E-05 ), #6419, 'distance_accuracy_value', 'NONE');
#3552 = EDGE_LOOP ( 'NONE', ( #177, #4243, #4748, #1054, #2605, #6741, #3429, #6768 ) ) ;
#3553 = CARTESIAN_POINT ( 'NONE',  ( -0.2250814264074227911, -0.1052760647850525394, 0.4989999999999999991 ) ) ;
#3554 =( GEOMETRIC_REPRESENTATION_CONTEXT ( 3 ) GLOBAL_UNCERTAINTY_ASSIGNED_CONTEXT ( ( #36 ) ) GLOBAL_UNIT_ASSIGNED_CONTEXT ( ( #4667, #1613, #917 ) ) REPRESENTATION_CONTEXT ( 'NONE', 'WORKASPACE' ) );
#3555 = VECTOR ( 'NONE', #497, 1000.000000000000000 ) ;
#3556 = FILL_AREA_STYLE_COLOUR ( '', #1687 ) ;
#3557 = CARTESIAN_POINT ( 'NONE',  ( 0.7800000000000001377, -0.4500000000000000111, 0.4800000000000001488 ) ) ;
#3558 = LINE ( 'NONE', #1541, #1710 ) ;
#3559 = STYLED_ITEM ( 'NONE', ( #6118 ), #2705 ) ;
#3560 = CARTESIAN_POINT ( 'NONE',  ( 0.2923441752811873351, 0.1630138202389985747, 0.5000000000000001110 ) ) ;
#3561 = CARTESIAN_POINT ( 'NONE',  ( 0.2860800294070662830, -0.1133978427248312909, 0.5000000000000000000 ) ) ;
#3562 = CARTESIAN_POINT ( 'NONE',  ( -0.1469962692942324012, 0.01559972221023363075, 0.4989999999999999991 ) ) ;
#3563 = VECTOR ( 'NONE', #4734, 1000.000000000000000 ) ;
#3564 = FACE_OUTER_BOUND ( 'NONE', #5935, .T. ) ;
#3565 = CARTESIAN_POINT ( 'NONE',  ( 0.02916095609575128367, -0.08929986669294548429, 0.4990000000000001101 ) ) ;
#3566 = CARTESIAN_POINT ( 'NONE',  ( 0.3240811268349464425, -0.1343577958822543827, 0.5000000000000000000 ) ) ;
#3567 = ORIENTED_EDGE ( 'NONE', *, *, #6006, .T. ) ;
#3568 = CARTESIAN_POINT ( 'NONE',  ( -0.1739646134500765495, 0.001598098833610248591, 0.5000000000000000000 ) ) ;
#3569 = STYLED_ITEM ( 'NONE', ( #4940 ), #3670 ) ;
#3570 = PLANE ( 'NONE',  #2709 ) ;
#3571 = ORIENTED_EDGE ( 'NONE', *, *, #6296, .F. ) ;
#3572 = CARTESIAN_POINT ( 'NONE',  ( -0.08868093930256329416, 0.02286057238889035309, 0.4990000000000002212 ) ) ;
#3573 = EDGE_CURVE ( 'NONE', #4844, #4939, #4619, .T. ) ;
#3574 = MECHANICAL_DESIGN_GEOMETRIC_PRESENTATION_REPRESENTATION (  '', ( #3028 ), #941 ) ;
#3575 = CARTESIAN_POINT ( 'NONE',  ( 0.2228165690746204408, -0.1087301540140251516, 0.5000000000000000000 ) ) ;
#3576 = B_SPLINE_SURFACE_WITH_KNOTS ( 'NONE', 3, 1, ( 
 ( #996, #199 ),
 ( #1666, #6418 ),
 ( #2845, #4819 ),
 ( #5829, #1134 ),
 ( #1167, #5449 ),
 ( #645, #3854 ),
 ( #675, #4409 ),
 ( #2773, #6384 ),
 ( #748, #4443 ),
 ( #5413, #3236 ),
 ( #5922, #3888 ),
 ( #6481, #713 ),
 ( #3331, #232 ),
 ( #1698, #3788 ),
 ( #2228, #4881 ),
 ( #4343, #610 ),
 ( #1272, #2743 ),
 ( #2333, #6449 ),
 ( #96, #1791 ) ),
 .UNSPECIFIED., .F., .F., .F.,
 ( 4, 1, 1, 1, 1, 1, 1, 1, 1, 1, 1, 1, 1, 1, 1, 1, 4 ),
 ( 2, 2 ),
 ( 0.0000000000000000000, 0.03475612679208860828, 0.06920497968908576047, 0.1040637835934719313, 0.1399556082715869842, 0.1777369218184900457, 0.2184284661752969037, 0.2625622612246634180, 0.3103376776290860395, 0.3642496298805923960, 0.4261424154125438291, 0.4974026320891992703, 0.5784347426665223946, 0.6686249014675862412, 0.7690992835489116608, 0.8795114840670518186, 1.000000000000000000 ),
 ( 0.0000000000000000000, 1.000000000000000000 ),
 .UNSPECIFIED. ) ;
#3577 = CARTESIAN_POINT ( 'NONE',  ( -0.09360747059293371419, 0.02296579363880507305, 0.4989999999999999991 ) ) ;
#3578 = CARTESIAN_POINT ( 'NONE',  ( 0.3240811268349464425, -0.1343577958822543827, 0.4989999999999999991 ) ) ;
#3579 = ORIENTED_EDGE ( 'NONE', *, *, #3005, .T. ) ;
#3580 = PRESENTATION_LAYER_ASSIGNMENT (  '', '', ( #1160 ) ) ;
#3581 = CARTESIAN_POINT ( 'NONE',  ( 0.3328278946192976817, -0.07585278990650141939, 0.4990000000000002212 ) ) ;
#3582 = CARTESIAN_POINT ( 'NONE',  ( -0.1365651668096289628, 0.09161366388488272061, 0.5000000000000001110 ) ) ;
#3584 = CARTESIAN_POINT ( 'NONE',  ( -0.09288464839995072553, -0.1444621572786566333, 0.4989999999999999991 ) ) ;
#3583 = CARTESIAN_POINT ( 'NONE',  ( 0.2566945287209388971, -0.1388291350178175176, 0.4999999999999998890 ) ) ;
#3585 =( LENGTH_UNIT ( ) NAMED_UNIT ( * ) SI_UNIT ( .MILLI., .METRE. ) );
#3586 = VERTEX_POINT ( 'NONE', #2135 ) ;
#3587 = CARTESIAN_POINT ( 'NONE',  ( 0.2553455655552795966, -0.09876587489124043218, 0.4989999999999999991 ) ) ;
#3588 =( LENGTH_UNIT ( ) NAMED_UNIT ( * ) SI_UNIT ( .MILLI., .METRE. ) );
#3589 = CARTESIAN_POINT ( 'NONE',  ( 0.09663197745901434821, -0.1445666738936624285, 0.4989999999999999991 ) ) ;
#3590 = CARTESIAN_POINT ( 'NONE',  ( 0.2993463810622218890, 0.04322039850243720310, 0.5000000000000001110 ) ) ;
#3591 = VECTOR ( 'NONE', #274, 1000.000000000000000 ) ;
#3592 = MECHANICAL_DESIGN_GEOMETRIC_PRESENTATION_REPRESENTATION (  '', ( #6542 ), #611 ) ;
#3593 = EDGE_CURVE ( 'NONE', #1913, #2786, #5313, .T. ) ;
#3594 = PRESENTATION_STYLE_ASSIGNMENT (( #1917 ) ) ;
#3595 = FILL_AREA_STYLE_COLOUR ( '', #3447 ) ;
#3596 = CARTESIAN_POINT ( 'NONE',  ( -0.1681150785272601256, 0.07600134745170222805, 0.4999999999999997780 ) ) ;
#3597 = CARTESIAN_POINT ( 'NONE',  ( 0.3356348995189587514, -0.06385075220789676598, 0.4989999999999999991 ) ) ;
#3598 = FILL_AREA_STYLE_COLOUR ( '', #4716 ) ;
#3599 = CARTESIAN_POINT ( 'NONE',  ( 0.04992046885152458952, -0.03820148929383111042, 0.5000000000000001110 ) ) ;
#3600 = EDGE_CURVE ( 'NONE', #5618, #5652, #5890, .T. ) ;
#3601 = CARTESIAN_POINT ( 'NONE',  ( 0.01714134063699647090, -0.01067170301994723770, 0.4990000000000002212 ) ) ;
#3602 = VERTEX_POINT ( 'NONE', #1062 ) ;
#3603 = LINE ( 'NONE', #5683, #143 ) ;
#3604 = ORIENTED_EDGE ( 'NONE', *, *, #5846, .T. ) ;
#3605 = CARTESIAN_POINT ( 'NONE',  ( 0.2475916838494014449, 0.1527554782494689456, 0.4989999999999997771 ) ) ;
#3606 = CARTESIAN_POINT ( 'NONE',  ( 0.5200000000000000178, -0.4500000000000000111, 0.4800000000000000377 ) ) ;
#3607 = CARTESIAN_POINT ( 'NONE',  ( -0.09195941521240520722, 0.02293059433997856472, 0.4989999999999999991 ) ) ;
#3608 = CARTESIAN_POINT ( 'NONE',  ( -0.5200000000000001288, -0.3499999999999999223, 0.4800000000000000377 ) ) ;
#3609 = SURFACE_STYLE_USAGE ( .BOTH. , #5276 ) ;
#3610 = COLOUR_RGB ( '',0.7686274509803920907, 0.7686274509803920907, 0.7686274509803920907 ) ;
#3611 = CARTESIAN_POINT ( 'NONE',  ( -0.2203226586516111307, -0.09488909288150075561, 0.5000000000000002220 ) ) ;
#3612 = LINE ( 'NONE', #2515, #3705 ) ;
#3613 = ORIENTED_EDGE ( 'NONE', *, *, #5706, .F. ) ;
#3614 = CARTESIAN_POINT ( 'NONE',  ( 0.3177142852638379367, -0.09998355413711000617, 0.5000000000000003331 ) ) ;
#3615 = DIRECTION ( 'NONE',  ( -0.0000000000000000000, -0.0000000000000000000, 1.000000000000000000 ) ) ;
#3617 = CARTESIAN_POINT ( 'NONE',  ( -0.1308426612642819009, -0.1315282682552996463, 0.4989999999999999991 ) ) ;
#3616 = CARTESIAN_POINT ( 'NONE',  ( 0.2860191527836896674, 0.1320567027297141205, 0.5000000000000000000 ) ) ;
#3618 = FILL_AREA_STYLE_COLOUR ( '', #2785 ) ;
#3619 = UNCERTAINTY_MEASURE_WITH_UNIT (LENGTH_MEASURE( 1.000000000000000082E-05 ), #5589, 'distance_accuracy_value', 'NONE');
#3620 =( NAMED_UNIT ( * ) PLANE_ANGLE_UNIT ( ) SI_UNIT ( $, .RADIAN. ) );
#3621 = VERTEX_POINT ( 'NONE', #4782 ) ;
#3622 = CARTESIAN_POINT ( 'NONE',  ( 0.2860800294070662830, -0.1133978427248312909, 0.5000000000000000000 ) ) ;
#3623 = FILL_AREA_STYLE ('',( #6778 ) ) ;
#3624 = SURFACE_STYLE_FILL_AREA ( #390 ) ;
#3625 = CARTESIAN_POINT ( 'NONE',  ( -0.01710604516170175296, -0.01223220576278851585, 0.5000000000000000000 ) ) ;
#3626 =( NAMED_UNIT ( * ) SI_UNIT ( $, .STERADIAN. ) SOLID_ANGLE_UNIT ( ) );
#3627 = LINE ( 'NONE', #5708, #3563 ) ;
#3628 = UNCERTAINTY_MEASURE_WITH_UNIT (LENGTH_MEASURE( 1.000000000000000082E-05 ), #1633, 'distance_accuracy_value', 'NONE');
#3629 = EDGE_CURVE ( 'NONE', #2060, #6220, #2197, .T. ) ;
#3630 = CARTESIAN_POINT ( 'NONE',  ( 0.2851668800564169381, 0.1632255338985452997, 0.5000000000000001110 ) ) ;
#3631 = CARTESIAN_POINT ( 'NONE',  ( -0.3648737043591674389, 0.009207676755688173204, 0.5000000000000000000 ) ) ;
#3632 = B_SPLINE_SURFACE_WITH_KNOTS ( 'NONE', 3, 1, ( 
 ( #665, #2871 ),
 ( #3466, #5988 ),
 ( #2360, #1856 ),
 ( #5577, #3947 ),
 ( #2975, #1296 ),
 ( #3529, #6549 ),
 ( #5546, #3424 ) ),
 .UNSPECIFIED., .F., .F., .F.,
 ( 4, 1, 1, 1, 4 ),
 ( 2, 2 ),
 ( 0.0000000000000000000, 0.2081614228391137078, 0.4437428907768917741, 0.7079862851435053672, 1.000000000000000000 ),
 ( 0.0000000000000000000, 1.000000000000000000 ),
 .UNSPECIFIED. ) ;
#3633 = FILL_AREA_STYLE ('',( #4088 ) ) ;
#3634 = CARTESIAN_POINT ( 'NONE',  ( -0.09652756146156518668, -0.1132268488832050418, 0.4989999999999999991 ) ) ;
#3635 = CARTESIAN_POINT ( 'NONE',  ( 0.3541227337752121951, -0.1041221053441669375, 0.4999999999999998890 ) ) ;
#3636 = ADVANCED_FACE ( 'NONE', ( #2675 ), #3077, .T. ) ;
#3637 = EDGE_LOOP ( 'NONE', ( #4091, #1032, #4010, #1740 ) ) ;
#3638 = CARTESIAN_POINT ( 'NONE',  ( 0.3557554442000473438, 0.09328521796964071855, 0.4989999999999999991 ) ) ;
#3639 = VERTEX_POINT ( 'NONE', #5012 ) ;
#3640 = CARTESIAN_POINT ( 'NONE',  ( 0.2280618550261665489, 0.1340671082683962123, 0.5000000000000001110 ) ) ;
#3641 = CARTESIAN_POINT ( 'NONE',  ( 0.1402911194767788861, 0.08147344827127318834, 0.5000000000000002220 ) ) ;
#3642 = FACE_OUTER_BOUND ( 'NONE', #3101, .T. ) ;
#3643 = CARTESIAN_POINT ( 'NONE',  ( -0.04556250539647250380, -0.05163707579153599403, 0.5000000000000001110 ) ) ;
#3644 = CARTESIAN_POINT ( 'NONE',  ( -0.3125427777829916098, -0.09936177919827650362, 0.4990000000000001101 ) ) ;
#3645 = FACE_OUTER_BOUND ( 'NONE', #3865, .T. ) ;
#3646 = DIRECTION ( 'NONE',  ( -0.0000000000000000000, -0.0000000000000000000, 1.000000000000000000 ) ) ;
#3647 = PRESENTATION_STYLE_ASSIGNMENT (( #452 ) ) ;
#3648 = ORIENTED_EDGE ( 'NONE', *, *, #1813, .T. ) ;
#3649 = CARTESIAN_POINT ( 'NONE',  ( 0.2877690646267291874, -0.1133657052092582190, 0.5000000000000001110 ) ) ;
#3650 = B_SPLINE_CURVE_WITH_KNOTS ( 'NONE', 3,
 ( #384, #5060, #6126, #6087, #2997, #2488, #4145, #3096, #1496, #5190, #4179, #2584, #5255, #1034, #4753, #4688, #2005, #4109, #5633 ),
 .UNSPECIFIED., .F., .F.,
 ( 4, 1, 1, 1, 1, 1, 1, 1, 1, 1, 1, 1, 1, 1, 1, 1, 4 ),
 ( 0.0000000000000000000, 0.08398611369624739420, 0.1629199936422910944, 0.2385524220234914172, 0.3098954312087017215, 0.3776192977303573506, 0.4424526634953891979, 0.5054992281266067478, 0.5671230060389782501, 0.6266295832334767280, 0.6827467646689142633, 0.7374765652016590511, 0.7896228356673525850, 0.8417020369471359675, 0.8933643115404473756, 0.9463953602359703732, 1.000000000000000000 ),
 .UNSPECIFIED. ) ;
#3651 = CARTESIAN_POINT ( 'NONE',  ( 0.4999999999999998890, -0.4500000000000000111, 0.5000000000000000000 ) ) ;
#3653 = CARTESIAN_POINT ( 'NONE',  ( -0.1156066210884872658, -0.1400183445290425766, 0.4999999999999997780 ) ) ;
#3652 =( NAMED_UNIT ( * ) PLANE_ANGLE_UNIT ( ) SI_UNIT ( $, .RADIAN. ) );
#3654 = B_SPLINE_CURVE_WITH_KNOTS ( 'NONE', 3,
 ( #6111, #2598, #4700, #5200, #47, #563, #4222, #1609, #3502, #1929, #6787, #5616, #4582, #1382, #4547, #3470, #861, #331, #1572 ),
 .UNSPECIFIED., .F., .F.,
 ( 4, 1, 1, 1, 1, 1, 1, 1, 1, 1, 1, 1, 1, 1, 1, 1, 4 ),
 ( 0.0000000000000000000, 0.1203858358472029572, 0.2308080084307348734, 0.3305680237435673630, 0.4206210405981469780, 0.5003288236263581101, 0.5707867949311861144, 0.6321153927949233475, 0.6846612245386655138, 0.7314024648940551376, 0.7749552507012199554, 0.8157449697615281048, 0.8538005445631573487, 0.8907166739697766067, 0.9267297321267933263, 0.9631335924975827911, 1.000000000000000000 ),
 .UNSPECIFIED. ) ;
#3655 = CARTESIAN_POINT ( 'NONE',  ( 0.01699397251636785774, 0.01533731835329995262, 0.5000000000000005551 ) ) ;
#3656 = CARTESIAN_POINT ( 'NONE',  ( 0.3559055164200533583, 0.08512082610633753266, 0.5000000000000001110 ) ) ;
#3657 = VECTOR ( 'NONE', #114, 1000.000000000000000 ) ;
#3658 = ORIENTED_EDGE ( 'NONE', *, *, #6351, .F. ) ;
#3659 = CARTESIAN_POINT ( 'NONE',  ( 0.2770936399556885310, -0.1125860919018566442, 0.4989999999999999991 ) ) ;
#3660 = DIRECTION ( 'NONE',  ( 1.000000000000000000, 0.0000000000000000000, 0.0000000000000000000 ) ) ;
#3661 =( NAMED_UNIT ( * ) PLANE_ANGLE_UNIT ( ) SI_UNIT ( $, .RADIAN. ) );
#3662 = COLOUR_RGB ( '',1.000000000000000000, 1.000000000000000000, 1.000000000000000000 ) ;
#3663 = MECHANICAL_DESIGN_GEOMETRIC_PRESENTATION_REPRESENTATION (  '', ( #2765 ), #4650 ) ;
#3664 = LINE ( 'NONE', #5744, #6720 ) ;
#3665 = ADVANCED_FACE ( 'NONE', ( #5955 ), #2839, .T. ) ;
#3666 = CARTESIAN_POINT ( 'NONE',  ( 0.5000000000000002220, -0.4500000000000000111, 5.421010862427522170E-17 ) ) ;
#3667 = CARTESIAN_POINT ( 'NONE',  ( -0.2370223606730146870, 0.04242217291370062315, 0.4989999999999999991 ) ) ;
#3668 = CARTESIAN_POINT ( 'NONE',  ( -0.01663265119298354411, -0.07119866027575748324, 0.4989999999999999991 ) ) ;
#3669 = SURFACE_STYLE_USAGE ( .BOTH. , #5169 ) ;
#3670 = ADVANCED_FACE ( 'NONE', ( #192 ), #5992, .T. ) ;
#3671 =( GEOMETRIC_REPRESENTATION_CONTEXT ( 3 ) GLOBAL_UNCERTAINTY_ASSIGNED_CONTEXT ( ( #4653 ) ) GLOBAL_UNIT_ASSIGNED_CONTEXT ( ( #1800, #1649, #1115 ) ) REPRESENTATION_CONTEXT ( 'NONE', 'WORKASPACE' ) );
#3672 = CARTESIAN_POINT ( 'NONE',  ( -0.2346508800321436827, 0.1389771582972161579, 0.4990000000000002212 ) ) ;
#3673 = CARTESIAN_POINT ( 'NONE',  ( 0.1766847371992740501, 0.009207676755688173204, 0.4989999999999999991 ) ) ;
#3674 = VERTEX_POINT ( 'NONE', #2398 ) ;
#3675 = CARTESIAN_POINT ( 'NONE',  ( -0.03083009430901894124, 0.02095169246617895401, 0.4989999999999996660 ) ) ;
#3676 = EDGE_LOOP ( 'NONE', ( #3082, #1864, #3920, #6510, #246 ) ) ;
#3677 = CARTESIAN_POINT ( 'NONE',  ( -0.1739646134500765495, 0.001598098833610248591, 0.4989999999999999991 ) ) ;
#3678 = CARTESIAN_POINT ( 'NONE',  ( 0.2701912307057675600, 0.03855020922322065918, 0.4989999999999999991 ) ) ;
#3679 = COLOUR_RGB ( '',1.000000000000000000, 1.000000000000000000, 1.000000000000000000 ) ;
#3680 = PRESENTATION_STYLE_ASSIGNMENT (( #3163 ) ) ;
#3681 = CARTESIAN_POINT ( 'NONE',  ( 0.2855930164200532473, -0.1445666738936624285, 0.5000000000000000000 ) ) ;
#3682 = FILL_AREA_STYLE ('',( #3165 ) ) ;
#3683 = CARTESIAN_POINT ( 'NONE',  ( -0.2404054889788697913, 0.1454899260265473948, 0.4999999999999998890 ) ) ;
#3684 = B_SPLINE_CURVE_WITH_KNOTS ( 'NONE', 3,
 ( #1805, #1287, #4961, #3902, #3380, #3415, #3455, #1949, #5464, #844, #4533 ),
 .UNSPECIFIED., .F., .F.,
 ( 4, 1, 1, 1, 1, 1, 1, 1, 4 ),
 ( 0.0000000000000000000, 0.09321839406069579170, 0.1938574851185505543, 0.3031616225397821829, 0.4216003745329101049, 0.5505359843336935510, 0.6892597431086406878, 0.8389726057502736589, 1.000000000000000000 ),
 .UNSPECIFIED. ) ;
#3685 = CARTESIAN_POINT ( 'NONE',  ( -0.3090249268731605770, 0.1221744617514145120, 0.5000000000000001110 ) ) ;
#3686 = LINE ( 'NONE', #2710, #5872 ) ;
#3687 = ORIENTED_EDGE ( 'NONE', *, *, #1110, .T. ) ;
#3688 =( NAMED_UNIT ( * ) SI_UNIT ( $, .STERADIAN. ) SOLID_ANGLE_UNIT ( ) );
#3689 = CARTESIAN_POINT ( 'NONE',  ( -0.1739646134500765495, 0.001598098833610248591, 0.4989999999999999991 ) ) ;
#3691 = CARTESIAN_POINT ( 'NONE',  ( -0.1682158314194570348, -0.06549810181122642239, 0.4990000000000001101 ) ) ;
#3690 = LINE ( 'NONE', #1667, #5746 ) ;
#3692 = CARTESIAN_POINT ( 'NONE',  ( 0.02466370159691182867, 0.08941556916950811618, 0.4989999999999999991 ) ) ;
#3693 = COLOUR_RGB ( '',1.000000000000000000, 1.000000000000000000, 1.000000000000000000 ) ;
#3694 = UNCERTAINTY_MEASURE_WITH_UNIT (LENGTH_MEASURE( 1.000000000000000082E-05 ), #3200, 'distance_accuracy_value', 'NONE');
#3695 = CARTESIAN_POINT ( 'NONE',  ( -0.1726041375766127484, 0.04166731379970708277, 0.4999999999999998890 ) ) ;
#3696 = VERTEX_POINT ( 'NONE', #4510 ) ;
#3697 = CARTESIAN_POINT ( 'NONE',  ( 0.2766876206417958617, 0.03814458761872743797, 0.4989999999999998881 ) ) ;
#3698 = B_SPLINE_SURFACE_WITH_KNOTS ( 'NONE', 3, 1, ( 
 ( #6632, #5556 ),
 ( #6518, #6038 ),
 ( #5447, #2434 ),
 ( #1934, #865 ),
 ( #826, #3400 ),
 ( #4552, #2953 ),
 ( #4031, #4516 ),
 ( #4946, #1828 ),
 ( #4485, #2404 ),
 ( #6557, #231 ),
 ( #894, #2880 ) ),
 .UNSPECIFIED., .F., .F., .F.,
 ( 4, 1, 1, 1, 1, 1, 1, 1, 4 ),
 ( 2, 2 ),
 ( 0.0000000000000000000, 0.1362636970460437136, 0.2661210016224258568, 0.3915348370078016171, 0.5154830202755487090, 0.6372123612343771892, 0.7571674882442407384, 0.8771226152541030663, 1.000000000000000000 ),
 ( 0.0000000000000000000, 1.000000000000000000 ),
 .UNSPECIFIED. ) ;
#3699 = CARTESIAN_POINT ( 'NONE',  ( 0.2802173764505391795, 0.03818461884937796730, 0.4989999999999998881 ) ) ;
#3700 = CARTESIAN_POINT ( 'NONE',  ( 0.2662951268096636070, 0.003241767664779093751, 0.4989999999999999991 ) ) ;
#3701 = CARTESIAN_POINT ( 'NONE',  ( -0.2203226586516111307, -0.09488909288150075561, 0.5000000000000000000 ) ) ;
#3702 = CARTESIAN_POINT ( 'NONE',  ( -0.2499020871154995771, 0.1071126610619843184, 0.4989999999999999991 ) ) ;
#3703 = CARTESIAN_POINT ( 'NONE',  ( -0.01459210188964056576, -0.05721118617428577746, 0.4989999999999998881 ) ) ;
#3704 = CARTESIAN_POINT ( 'NONE',  ( -0.01434863946439590525, -0.04765786096583923825, 0.5000000000000000000 ) ) ;
#3705 = VECTOR ( 'NONE', #5691, 1000.000000000000114 ) ;
#3706 = CARTESIAN_POINT ( 'NONE',  ( 0.2705814619073328986, -0.1432345042888795439, 0.4989999999999999991 ) ) ;
#3707 = VECTOR ( 'NONE', #5293, 1000.000000000000000 ) ;
#3708 = CARTESIAN_POINT ( 'NONE',  ( 0.1765409181596325483, -0.008702789788698973156, 0.5000000000000001110 ) ) ;
#3709 = CARTESIAN_POINT ( 'NONE',  ( -0.1275062992552591090, -0.09375310958279421680, 0.4989999999999999991 ) ) ;
#3710 = CARTESIAN_POINT ( 'NONE',  ( 0.3675341269201432004, -0.05366143046762134050, 0.5000000000000000000 ) ) ;
#3711 = EDGE_LOOP ( 'NONE', ( #6671, #6466, #377, #5280 ) ) ;
#3712 = CARTESIAN_POINT ( 'NONE',  ( 0.1062754948309528324, 0.1306708458271366446, 0.4990000000000001101 ) ) ;
#3713 = VERTEX_POINT ( 'NONE', #778 ) ;
#3714 = CARTESIAN_POINT ( 'NONE',  ( -0.2051823396914182196, 0.003118541669219570666, 0.4989999999999999991 ) ) ;
#3715 = CARTESIAN_POINT ( 'NONE',  ( -0.1331163991643622702, 0.09924420272971415380, 0.5000000000000000000 ) ) ;
#3716 = CARTESIAN_POINT ( 'NONE',  ( 0.2103894496822635851, -0.07737527799861144973, 0.5000000000000000000 ) ) ;
#3717 = CARTESIAN_POINT ( 'NONE',  ( 0.3243285117430302900, 0.09634541504918801846, 0.4999999999999998890 ) ) ;
#3719 = ORIENTED_EDGE ( 'NONE', *, *, #4671, .F. ) ;
#3718 = CARTESIAN_POINT ( 'NONE',  ( 0.1120823689281718188, -0.1099751125284872399, 0.4999999999999994449 ) ) ;
#3720 = CARTESIAN_POINT ( 'NONE',  ( -0.3203311288628148401, 0.1066906966262874817, 0.5000000000000000000 ) ) ;
#3721 =( NAMED_UNIT ( * ) PLANE_ANGLE_UNIT ( ) SI_UNIT ( $, .RADIAN. ) );
#3722 = ORIENTED_EDGE ( 'NONE', *, *, #5697, .T. ) ;
#3723 =( GEOMETRIC_REPRESENTATION_CONTEXT ( 3 ) GLOBAL_UNCERTAINTY_ASSIGNED_CONTEXT ( ( #6648 ) ) GLOBAL_UNIT_ASSIGNED_CONTEXT ( ( #5298, #4354, #3736 ) ) REPRESENTATION_CONTEXT ( 'NONE', 'WORKASPACE' ) );
#3725 = SURFACE_SIDE_STYLE ('',( #3856 ) ) ;
#3724 = CARTESIAN_POINT ( 'NONE',  ( 0.2463154199731413252, 0.1012564593750137076, 0.5000000000000000000 ) ) ;
#3726 = CARTESIAN_POINT ( 'NONE',  ( -0.06661540059195832086, -0.1030066816047680023, 0.4999999999999998890 ) ) ;
#3727 = CARTESIAN_POINT ( 'NONE',  ( -0.1737959482831316071, 0.02214999190286112696, 0.4989999999999999991 ) ) ;
#3728 = ORIENTED_EDGE ( 'NONE', *, *, #5514, .F. ) ;
#3729 = EDGE_CURVE ( 'NONE', #2303, #2060, #2292, .T. ) ;
#3730 = DIRECTION ( 'NONE',  ( -0.0000000000000000000, -0.0000000000000000000, 1.000000000000000000 ) ) ;
#3731 = CARTESIAN_POINT ( 'NONE',  ( 0.3310531164392943038, -0.02194489426323125575, 0.4989999999999997771 ) ) ;
#3732 = B_SPLINE_CURVE_WITH_KNOTS ( 'NONE', 3,
 ( #2970, #354, #249, #768, #1370, #4502, #3418, #4932, #3385, #912, #5604 ),
 .UNSPECIFIED., .F., .F.,
 ( 4, 1, 1, 1, 1, 1, 1, 1, 4 ),
 ( 0.0000000000000000000, 0.1133500122158317969, 0.2245691853816878802, 0.3363754082648858779, 0.4513140069208089189, 0.5732473707389814654, 0.7037766361627415534, 0.8458823741921267514, 1.000000000000000000 ),
 .UNSPECIFIED. ) ;
#3733 = CARTESIAN_POINT ( 'NONE',  ( -0.05000975426285852315, 0.08885326095395826296, 0.5000000000000000000 ) ) ;
#3734 = COLOUR_RGB ( '',1.000000000000000000, 1.000000000000000000, 1.000000000000000000 ) ;
#3735 = CARTESIAN_POINT ( 'NONE',  ( 0.3643772758035924153, -0.02310548259187888281, 0.4990000000000001101 ) ) ;
#3736 =( NAMED_UNIT ( * ) SI_UNIT ( $, .STERADIAN. ) SOLID_ANGLE_UNIT ( ) );
#3737 = CARTESIAN_POINT ( 'NONE',  ( -0.07998151782653596664, -0.1441578021682543009, 0.4989999999999998881 ) ) ;
#3738 = CARTESIAN_POINT ( 'NONE',  ( 0.1766358421267636425, 0.003118541669219569799, 0.4989999999999999991 ) ) ;
#3739 = CARTESIAN_POINT ( 'NONE',  ( -0.2763832437660704855, 0.1629548578888670440, 0.4989999999999999991 ) ) ;
#3740 = CARTESIAN_POINT ( 'NONE',  ( -0.3235250056400668095, 0.09950286129776174382, 0.4999999999999998890 ) ) ;
#3741 = CARTESIAN_POINT ( 'NONE',  ( -0.08727630176176488785, 0.05413462480763622103, 0.4989999999999999991 ) ) ;
#3742 = CARTESIAN_POINT ( 'NONE',  ( -0.3648737043591674389, 0.009207676755688173204, 0.5000000000000000000 ) ) ;
#3743 = CARTESIAN_POINT ( 'NONE',  ( -0.09633459991496384767, 0.1628560467428562530, 0.4989999999999999991 ) ) ;
#3744 = CARTESIAN_POINT ( 'NONE',  ( -0.1073740196283578530, -0.1426041705320961472, 0.5000000000000001110 ) ) ;
#3745 = PRESENTATION_STYLE_ASSIGNMENT (( #1658 ) ) ;
#3746 = MANIFOLD_SOLID_BREP ( 'Cut-Extrude1[2]', #5931 ) ;
#3747 = EDGE_CURVE ( 'NONE', #4655, #575, #5564, .T. ) ;
#3748 = B_SPLINE_SURFACE_WITH_KNOTS ( 'NONE', 3, 1, ( 
 ( #2647, #4624 ),
 ( #3584, #5156 ),
 ( #2546, #5696 ),
 ( #6738, #35 ),
 ( #2038, #3653 ),
 ( #1531, #2142 ),
 ( #3617, #489 ),
 ( #6771, #3138 ),
 ( #6, #2617 ),
 ( #5225, #524 ),
 ( #4722, #2110 ),
 ( #4210, #6288 ),
 ( #1598, #1461 ),
 ( #3691, #3548 ),
 ( #3033, #5127 ),
 ( #418, #2520 ),
 ( #1635, #4377 ),
 ( #4248, #5318 ),
 ( #3789, #3822 ) ),
 .UNSPECIFIED., .F., .F., .F.,
 ( 4, 1, 1, 1, 1, 1, 1, 1, 1, 1, 1, 1, 1, 1, 1, 1, 4 ),
 ( 2, 2 ),
 ( 0.0000000000000000000, 0.04755121583628214854, 0.09352634850642431441, 0.1389643554157364291, 0.1844539540987080728, 0.2307612046270179629, 0.2788812116749724845, 0.3288932006633014660, 0.3820458000213388106, 0.4386923170974818542, 0.5002324700975415706, 0.5671108590938555016, 0.6402514135231450743, 0.7196105714935134845, 0.8060760814109412253, 0.8992449703907864356, 1.000000000000000000 ),
 ( 0.0000000000000000000, 1.000000000000000000 ),
 .UNSPECIFIED. ) ;
#3749 = CARTESIAN_POINT ( 'NONE',  ( -0.3329761366364953346, -0.02370176584750863583, 0.4999999999999997780 ) ) ;
#3750 = DIRECTION ( 'NONE',  ( 0.7071067811865504593, 0.0000000000000000000, -0.7071067811865445751 ) ) ;
#3751 =( NAMED_UNIT ( * ) PLANE_ANGLE_UNIT ( ) SI_UNIT ( $, .RADIAN. ) );
#3752 = ORIENTED_EDGE ( 'NONE', *, *, #5448, .T. ) ;
#3753 = B_SPLINE_CURVE_WITH_KNOTS ( 'NONE', 3,
 ( #624, #3864, #5934, #3489, #2964, #2348, #3346, #347, #2385, #3972, #6574 ),
 .UNSPECIFIED., .F., .F.,
 ( 4, 1, 1, 1, 1, 1, 1, 1, 4 ),
 ( 0.0000000000000000000, 0.1280448550143801212, 0.2514507875593853803, 0.3715733394035895532, 0.4904118675290054519, 0.6102007835889290410, 0.7338092424176936301, 0.8631756517415545282, 1.000000000000000000 ),
 .UNSPECIFIED. ) ;
#3755 = FILL_AREA_STYLE_COLOUR ( '', #6383 ) ;
#3754 = CARTESIAN_POINT ( 'NONE',  ( 0.2548467612129464155, 0.1173408546320624385, 0.4990000000000001101 ) ) ;
#3756 = CARTESIAN_POINT ( 'NONE',  ( -0.04611727108253430019, -0.05913457398695099593, 0.4990000000000001101 ) ) ;
#3757 = SURFACE_STYLE_FILL_AREA ( #3791 ) ;
#3758 = EDGE_LOOP ( 'NONE', ( #2926, #6253, #4509, #1413 ) ) ;
#3759 = DIRECTION ( 'NONE',  ( -0.0000000000000000000, -0.0000000000000000000, 1.000000000000000000 ) ) ;
#3760 = CARTESIAN_POINT ( 'NONE',  ( -0.1199383087098757350, 0.1191938359725796537, 0.4989999999999999991 ) ) ;
#3761 = CARTESIAN_POINT ( 'NONE',  ( -0.01955324486174004478, -0.003122570958754485818, 0.4989999999999999991 ) ) ;
#3762 = ADVANCED_FACE ( 'NONE', ( #1075 ), #2046, .T. ) ;
#3763 = VECTOR ( 'NONE', #4083, 1000.000000000000000 ) ;
#3764 = MECHANICAL_DESIGN_GEOMETRIC_PRESENTATION_REPRESENTATION (  '', ( #126 ), #4099 ) ;
#3765 = CARTESIAN_POINT ( 'NONE',  ( -0.2053140799043073061, 0.02906872006113946777, 0.4989999999999998881 ) ) ;
#3766 = SURFACE_SIDE_STYLE ('',( #3213 ) ) ;
#3767 = FILL_AREA_STYLE ('',( #46 ) ) ;
#3768 = CARTESIAN_POINT ( 'NONE',  ( -0.05395325241471861377, -0.1340195728105982587, 0.4990000000000001101 ) ) ;
#3769 = DIRECTION ( 'NONE',  ( 0.0000000000000000000, -1.000000000000000000, -6.791548936780120493E-13 ) ) ;
#3770 = AXIS2_PLACEMENT_3D ( 'NONE', #363, #1379, #6108 ) ;
#3771 = CARTESIAN_POINT ( 'NONE',  ( -0.09153766539812850656, -0.1133978427248312909, 0.4989999999999998881 ) ) ;
#3772 = CARTESIAN_POINT ( 'NONE',  ( -0.09092889916436226738, 0.1320567027297141205, 0.4989999999999999991 ) ) ;
#3773 = COLOUR_RGB ( '',0.7686274509803920907, 0.7686274509803920907, 0.7686274509803920907 ) ;
#3774 = CARTESIAN_POINT ( 'NONE',  ( 0.1447958211451669808, 0.04242217291370060928, 0.4989999999999997771 ) ) ;
#3775 = CARTESIAN_POINT ( 'NONE',  ( -0.3636183786635668325, -0.02951647080323194228, 0.4999999999999998890 ) ) ;
#3776 = CARTESIAN_POINT ( 'NONE',  ( -0.1737730984172490833, -0.01692348053985932854, 0.5000000000000000000 ) ) ;
#3777 = DIRECTION ( 'NONE',  ( 1.000000000000000000, 0.0000000000000000000, -9.680376540049147084E-17 ) ) ;
#3778 = STYLED_ITEM ( 'NONE', ( #6792 ), #2371 ) ;
#3779 =( GEOMETRIC_REPRESENTATION_CONTEXT ( 3 ) GLOBAL_UNCERTAINTY_ASSIGNED_CONTEXT ( ( #1010 ) ) GLOBAL_UNIT_ASSIGNED_CONTEXT ( ( #4418, #6089, #1399 ) ) REPRESENTATION_CONTEXT ( 'NONE', 'WORKASPACE' ) );
#3780 = LINE ( 'NONE', #3291, #5186 ) ;
#3781 = CARTESIAN_POINT ( 'NONE',  ( 0.3356348995189587514, -0.06385075220789676598, 0.5000000000000000000 ) ) ;
#3782 = CARTESIAN_POINT ( 'NONE',  ( -0.3262944222776688608, 0.09095850755464338078, 0.4990000000000001101 ) ) ;
#3783 = SURFACE_SIDE_STYLE ('',( #5249 ) ) ;
#3784 = ORIENTED_EDGE ( 'NONE', *, *, #3729, .T. ) ;
#3785 = FILL_AREA_STYLE_COLOUR ( '', #6527 ) ;
#3786 = EDGE_CURVE ( 'NONE', #1664, #3119, #103, .T. ) ;
#3787 = COLOUR_RGB ( '',1.000000000000000000, 1.000000000000000000, 1.000000000000000000 ) ;
#3788 = CARTESIAN_POINT ( 'NONE',  ( -0.2395311021183997580, -0.05082316656292694412, 0.4999999999999995559 ) ) ;
#3789 = CARTESIAN_POINT ( 'NONE',  ( -0.1739646134500765495, 0.001598098833610248591, 0.4989999999999999991 ) ) ;
#3790 = CARTESIAN_POINT ( 'NONE',  ( -0.5399999999999999245, -0.4500000000000000111, 0.4800000000000000377 ) ) ;
#3791 = FILL_AREA_STYLE ('',( #3824 ) ) ;
#3792 = EDGE_LOOP ( 'NONE', ( #5258, #5491, #4341, #4683 ) ) ;
#3793 = CARTESIAN_POINT ( 'NONE',  ( 0.05329634997893622356, 0.08091735354968818128, 0.4999999999999998890 ) ) ;
#3794 = AXIS2_PLACEMENT_3D ( 'NONE', #5549, #2915, #1339 ) ;
#3795 = CARTESIAN_POINT ( 'NONE',  ( 0.3239849441611943326, 0.07639079118739976193, 0.5000000000000000000 ) ) ;
#3796 = EDGE_CURVE ( 'NONE', #4130, #5173, #5384, .T. ) ;
#3797 = CARTESIAN_POINT ( 'NONE',  ( -0.07385562815205171106, 0.1622063892294314247, 0.4989999999999999991 ) ) ;
#3798 = COLOUR_RGB ( '',1.000000000000000000, 1.000000000000000000, 1.000000000000000000 ) ;
#3799 = CARTESIAN_POINT ( 'NONE',  ( -0.2276232350488683887, 0.1281791040090159151, 0.4989999999999999991 ) ) ;
#3800 =( LENGTH_UNIT ( ) NAMED_UNIT ( * ) SI_UNIT ( .MILLI., .METRE. ) );
#3801 = FILL_AREA_STYLE_COLOUR ( '', #2266 ) ;
#3802 = PRESENTATION_STYLE_ASSIGNMENT (( #3216 ) ) ;
#3803 = VECTOR ( 'NONE', #2531, 1000.000000000000000 ) ;
#3804 = CARTESIAN_POINT ( 'NONE',  ( 0.8000000000000001554, -0.4500000000000000111, 0.5000000000000000000 ) ) ;
#3805 = CARTESIAN_POINT ( 'NONE',  ( -0.2346508800321436827, 0.1389771582972161579, 0.5000000000000002220 ) ) ;
#3807 = CARTESIAN_POINT ( 'NONE',  ( -0.07886244476807660608, 0.1301235058334676842, 0.4989999999999999991 ) ) ;
#3806 = STYLED_ITEM ( 'NONE', ( #339 ), #4935 ) ;
#3808 = CARTESIAN_POINT ( 'NONE',  ( -0.2276232350488683887, 0.1281791040090159151, 0.4989999999999999991 ) ) ;
#3809 = CARTESIAN_POINT ( 'NONE',  ( 0.7800000000000001377, -0.4500000000000000111, 0.4800000000000001488 ) ) ;
#3810 = EDGE_CURVE ( 'NONE', #1803, #1277, #2390, .T. ) ;
#3811 = DIRECTION ( 'NONE',  ( 0.0000000000000000000, -1.000000000000000000, 0.0000000000000000000 ) ) ;
#3812 = CARTESIAN_POINT ( 'NONE',  ( -0.3303998926098757338, -0.05122487247990451659, 0.5000000000000000000 ) ) ;
#3813 = VECTOR ( 'NONE', #805, 1000.000000000000000 ) ;
#3814 = DIRECTION ( 'NONE',  ( 1.000000000000000000, -1.355252715606880937E-15, 0.0000000000000000000 ) ) ;
#3815 = CARTESIAN_POINT ( 'NONE',  ( 0.1320197637656922995, -0.08806151053125461925, 0.4989999999999999991 ) ) ;
#3816 = CARTESIAN_POINT ( 'NONE',  ( -0.3235250056400668095, 0.09950286129776174382, 0.4999999999999998890 ) ) ;
#3817 = CARTESIAN_POINT ( 'NONE',  ( 0.2748787307057675711, 0.03812407285958428066, 0.4989999999999999991 ) ) ;
#3818 = ORIENTED_EDGE ( 'NONE', *, *, #3219, .F. ) ;
#3819 = CARTESIAN_POINT ( 'NONE',  ( 0.06511260406557133062, 0.1126452988202986533, 0.4999999999999998890 ) ) ;
#3820 =( NAMED_UNIT ( * ) PLANE_ANGLE_UNIT ( ) SI_UNIT ( $, .RADIAN. ) );
#3822 = CARTESIAN_POINT ( 'NONE',  ( -0.1739646134500765495, 0.001598098833610248591, 0.4999999999999998890 ) ) ;
#3821 = CARTESIAN_POINT ( 'NONE',  ( 0.2429185034330403337, 0.08530345597646739331, 0.4989999999999999991 ) ) ;
#3823 = CARTESIAN_POINT ( 'NONE',  ( -0.04556250539647250380, -0.05163707579153599403, 0.4990000000000001101 ) ) ;
#3824 = FILL_AREA_STYLE_COLOUR ( '', #2924 ) ;
#3825 = EDGE_LOOP ( 'NONE', ( #5123, #3522, #5685, #2535 ) ) ;
#3826 = CARTESIAN_POINT ( 'NONE',  ( 0.2894710756848637989, 0.007334964319694968655, 0.4990000000000001101 ) ) ;
#3827 = PRESENTATION_STYLE_ASSIGNMENT (( #1737 ) ) ;
#3828 =( GEOMETRIC_REPRESENTATION_CONTEXT ( 3 ) GLOBAL_UNCERTAINTY_ASSIGNED_CONTEXT ( ( #1362 ) ) GLOBAL_UNIT_ASSIGNED_CONTEXT ( ( #176, #1679, #5358 ) ) REPRESENTATION_CONTEXT ( 'NONE', 'WORKASPACE' ) );
#3829 = CARTESIAN_POINT ( 'NONE',  ( -0.08483918726354544582, 0.1631612067568236624, 0.5000000000000000000 ) ) ;
#3830 = CARTESIAN_POINT ( 'NONE',  ( -0.2276232350488683887, 0.1281791040090159151, 0.5000000000000000000 ) ) ;
#3831 = UNCERTAINTY_MEASURE_WITH_UNIT (LENGTH_MEASURE( 1.000000000000000082E-05 ), #1170, 'distance_accuracy_value', 'NONE');
#3833 = ORIENTED_EDGE ( 'NONE', *, *, #4296, .T. ) ;
#3832 = VECTOR ( 'NONE', #4868, 1000.000000000000000 ) ;
#3834 = PRESENTATION_STYLE_ASSIGNMENT (( #3312 ) ) ;
#3835 = DIRECTION ( 'NONE',  ( 0.0000000000000000000, 0.0000000000000000000, -1.000000000000000000 ) ) ;
#3836 = DIRECTION ( 'NONE',  ( 0.0000000000000000000, -0.0000000000000000000, 1.000000000000000000 ) ) ;
#3837 = EDGE_CURVE ( 'NONE', #4974, #1627, #1657, .T. ) ;
#3838 = CARTESIAN_POINT ( 'NONE',  ( -0.2851862043591674167, -0.1445666738936624285, 0.4989999999999999991 ) ) ;
#3839 = CARTESIAN_POINT ( 'NONE',  ( -0.06820027085351795804, 0.1240940570732347731, 0.5000000000000003331 ) ) ;
#3840 = FILL_AREA_STYLE_COLOUR ( '', #4875 ) ;
#3841 = CARTESIAN_POINT ( 'NONE',  ( -0.3308239060061907710, -0.1251403243712009838, 0.4999999999999998890 ) ) ;
#3842 = CARTESIAN_POINT ( 'NONE',  ( -0.2064572886996502710, 0.04796610769487737874, 0.5000000000000001110 ) ) ;
#3843 = CARTESIAN_POINT ( 'NONE',  ( -0.3200784605170709507, -0.08839569932422397525, 0.5000000000000001110 ) ) ;
#3844 = FILL_AREA_STYLE_COLOUR ( '', #5189 ) ;
#3845 = ADVANCED_FACE ( 'NONE', ( #4415 ), #2104, .T. ) ;
#3846 = CARTESIAN_POINT ( 'NONE',  ( -0.5399999999999999245, 0.3499999999999999778, -0.0009999999999999158867 ) ) ;
#3848 = ORIENTED_EDGE ( 'NONE', *, *, #6135, .F. ) ;
#3847 = LINE ( 'NONE', #5916, #141 ) ;
#3849 = CARTESIAN_POINT ( 'NONE',  ( -0.2880155992317002811, 0.1631131192564301557, 0.5000000000000000000 ) ) ;
#3850 = LINE ( 'NONE', #1863, #849 ) ;
#3851 = EDGE_LOOP ( 'NONE', ( #3999, #1401, #4094, #6709 ) ) ;
#3852 = CARTESIAN_POINT ( 'NONE',  ( -0.07487820363944150404, 0.01865343052554902306, 0.4989999999999999991 ) ) ;
#3853 =( NAMED_UNIT ( * ) PLANE_ANGLE_UNIT ( ) SI_UNIT ( $, .RADIAN. ) );
#3854 = CARTESIAN_POINT ( 'NONE',  ( -0.2653090533591861977, -0.1071782603815497892, 0.4999999999999996669 ) ) ;
#3856 = SURFACE_STYLE_FILL_AREA ( #1236 ) ;
#3855 = CARTESIAN_POINT ( 'NONE',  ( 0.05845392538176071018, -0.08126327182998736853, 0.5000000000000000000 ) ) ;
#3857 = CARTESIAN_POINT ( 'NONE',  ( 0.06210725343250562275, 0.1536574566385918439, 0.5000000000000000000 ) ) ;
#3858 = VERTEX_POINT ( 'NONE', #4002 ) ;
#3859 = CARTESIAN_POINT ( 'NONE',  ( 0.2429185034330403337, 0.08530345597646739331, 0.4989999999999999991 ) ) ;
#3860 = CARTESIAN_POINT ( 'NONE',  ( -0.1093353155093874235, 0.1275735325108504070, 0.4989999999999999991 ) ) ;
#3861 = SURFACE_STYLE_FILL_AREA ( #2720 ) ;
#3862 = CARTESIAN_POINT ( 'NONE',  ( 0.1315981278452514891, -0.1349110276354183735, 0.5000000000000001110 ) ) ;
#3863 = SURFACE_STYLE_FILL_AREA ( #3308 ) ;
#3864 = CARTESIAN_POINT ( 'NONE',  ( 0.09984418472949836698, 0.1631342056551429442, 0.5000000000000001110 ) ) ;
#3865 = EDGE_LOOP ( 'NONE', ( #1020, #1299, #988, #5227 ) ) ;
#3866 =( NAMED_UNIT ( * ) PLANE_ANGLE_UNIT ( ) SI_UNIT ( $, .RADIAN. ) );
#3867 = SURFACE_STYLE_USAGE ( .BOTH. , #1806 ) ;
#3868 = EDGE_CURVE ( 'NONE', #6273, #521, #6044, .T. ) ;
#3869 = CARTESIAN_POINT ( 'NONE',  ( -0.2395916724968748523, 0.06996765166811613756, 0.4999999999999998890 ) ) ;
#3870 = CARTESIAN_POINT ( 'NONE',  ( -0.1275062992552591090, -0.09375310958279421680, 0.5000000000000000000 ) ) ;
#3871 = CARTESIAN_POINT ( 'NONE',  ( 0.2976493678943431531, 0.006513557708033881205, 0.5000000000000001110 ) ) ;
#3872 = COLOUR_RGB ( '',1.000000000000000000, 1.000000000000000000, 1.000000000000000000 ) ;
#3873 = CARTESIAN_POINT ( 'NONE',  ( 0.2523125541776515823, 0.1138949294941511842, 0.5000000000000001110 ) ) ;
#3874 = ADVANCED_FACE ( 'NONE', ( #6123 ), #1048, .T. ) ;
#3875 =( GEOMETRIC_REPRESENTATION_CONTEXT ( 3 ) GLOBAL_UNCERTAINTY_ASSIGNED_CONTEXT ( ( #593 ) ) GLOBAL_UNIT_ASSIGNED_CONTEXT ( ( #269, #5588, #4486 ) ) REPRESENTATION_CONTEXT ( 'NONE', 'WORKASPACE' ) );
#3876 = CARTESIAN_POINT ( 'NONE',  ( -0.7800000000000001377, -0.4500000000000000111, 0.02000000000000005246 ) ) ;
#3877 = DIRECTION ( 'NONE',  ( -0.9922778767136675171, -0.1240347345892088698, 0.0000000000000000000 ) ) ;
#3879 = ORIENTED_EDGE ( 'NONE', *, *, #517, .F. ) ;
#3878 = CARTESIAN_POINT ( 'NONE',  ( 0.2877690646267291874, -0.1133657052092582190, 0.5000000000000000000 ) ) ;
#3880 = SURFACE_SIDE_STYLE ('',( #1783 ) ) ;
#3881 = CARTESIAN_POINT ( 'NONE',  ( 0.06459090678599306579, -0.1360515706902424293, 0.5000000000000000000 ) ) ;
#3882 = DIRECTION ( 'NONE',  ( -0.0000000000000000000, -0.0000000000000000000, 1.000000000000000000 ) ) ;
#3883 = ORIENTED_EDGE ( 'NONE', *, *, #5061, .T. ) ;
#3884 = LINE ( 'NONE', #5016, #506 ) ;
#3885 = CARTESIAN_POINT ( 'NONE',  ( -0.09360747059293371419, 0.02296579363880507305, 0.4989999999999999991 ) ) ;
#3886 = CARTESIAN_POINT ( 'NONE',  ( -0.5000000000000002220, 0.4500000000000000111, 5.421010862427522170E-17 ) ) ;
#3887 =( GEOMETRIC_REPRESENTATION_CONTEXT ( 3 ) GLOBAL_UNCERTAINTY_ASSIGNED_CONTEXT ( ( #2051 ) ) GLOBAL_UNIT_ASSIGNED_CONTEXT ( ( #2912, #1960, #4475 ) ) REPRESENTATION_CONTEXT ( 'NONE', 'WORKASPACE' ) );
#3888 = CARTESIAN_POINT ( 'NONE',  ( -0.2465475326799411726, -0.08089284829732469595, 0.4999999999999995559 ) ) ;
#3891 = CARTESIAN_POINT ( 'NONE',  ( 0.02535664550054100505, -0.07668518716176138394, 0.4999999999999998890 ) ) ;
#3890 = FILL_AREA_STYLE_COLOUR ( '', #6507 ) ;
#3889 =( GEOMETRIC_REPRESENTATION_CONTEXT ( 3 ) GLOBAL_UNCERTAINTY_ASSIGNED_CONTEXT ( ( #6226 ) ) GLOBAL_UNIT_ASSIGNED_CONTEXT ( ( #1273, #4312, #127 ) ) REPRESENTATION_CONTEXT ( 'NONE', 'WORKASPACE' ) );
#3892 = DIRECTION ( 'NONE',  ( 0.0000000000000000000, 1.000000000000000000, 0.0000000000000000000 ) ) ;
#3893 = ORIENTED_EDGE ( 'NONE', *, *, #3080, .F. ) ;
#3894 = CARTESIAN_POINT ( 'NONE',  ( -0.04539318487864799773, -0.04387673882872740461, 0.4989999999999999991 ) ) ;
#3895 = CARTESIAN_POINT ( 'NONE',  ( 0.3246809943333138215, 0.08507891512250337351, 0.5000000000000000000 ) ) ;
#3896 = AXIS2_PLACEMENT_3D ( 'NONE', #4353, #2693, #655 ) ;
#3897 = CARTESIAN_POINT ( 'NONE',  ( -0.05057643905231317544, 0.1526620295608074607, 0.5000000000000000000 ) ) ;
#3898 = CARTESIAN_POINT ( 'NONE',  ( 0.1755377279141976388, -0.02588350034201679362, 0.5000000000000001110 ) ) ;
#3899 = FACE_OUTER_BOUND ( 'NONE', #3825, .T. ) ;
#3900 = ORIENTED_EDGE ( 'NONE', *, *, #6184, .T. ) ;
#3901 = CARTESIAN_POINT ( 'NONE',  ( -0.1427957822812453703, -0.04162430376379233632, 0.4989999999999999991 ) ) ;
#3902 = CARTESIAN_POINT ( 'NONE',  ( 0.1632411210841495375, 0.1093140923355265526, 0.5000000000000001110 ) ) ;
#3903 = CARTESIAN_POINT ( 'NONE',  ( -0.1605892522897001962, 0.1040966545980059749, 0.4989999999999999991 ) ) ;
#3904 = VECTOR ( 'NONE', #1585, 1000.000000000000000 ) ;
#3905 = CARTESIAN_POINT ( 'NONE',  ( -0.3308239060061907710, -0.1251403243712009838, 0.5000000000000000000 ) ) ;
#3906 = CARTESIAN_POINT ( 'NONE',  ( -0.5399999999999999245, -0.3499999999999999778, 0.5000000000000000000 ) ) ;
#3907 =( NAMED_UNIT ( * ) SI_UNIT ( $, .STERADIAN. ) SOLID_ANGLE_UNIT ( ) );
#3908 = CARTESIAN_POINT ( 'NONE',  ( 0.3310531164392943038, -0.02194489426323125575, 0.4999999999999997780 ) ) ;
#3909 = VECTOR ( 'NONE', #3191, 1000.000000000000000 ) ;
#3910 = CARTESIAN_POINT ( 'NONE',  ( -0.07156660969486186574, 0.1265661584509649717, 0.4989999999999999991 ) ) ;
#3911 = CARTESIAN_POINT ( 'NONE',  ( 0.1135932613614693554, 0.1614758553789334139, 0.4990000000000001101 ) ) ;
#3912 =( GEOMETRIC_REPRESENTATION_CONTEXT ( 3 ) GLOBAL_UNCERTAINTY_ASSIGNED_CONTEXT ( ( #4724 ) ) GLOBAL_UNIT_ASSIGNED_CONTEXT ( ( #1442, #2055, #503 ) ) REPRESENTATION_CONTEXT ( 'NONE', 'WORKASPACE' ) );
#3913 = FILL_AREA_STYLE ('',( #6142 ) ) ;
#3914 = PRESENTATION_STYLE_ASSIGNMENT (( #920 ) ) ;
#3916 = ORIENTED_EDGE ( 'NONE', *, *, #6470, .F. ) ;
#3915 = CARTESIAN_POINT ( 'NONE',  ( 0.05331727891119195789, -0.06271811948527544756, 0.4990000000000001101 ) ) ;
#3917 = CARTESIAN_POINT ( 'NONE',  ( -0.3336490481280000031, 0.01511299779022749756, 0.4989999999999998881 ) ) ;
#3918 = CARTESIAN_POINT ( 'NONE',  ( -0.2942768077264237836, 0.1628927976262533051, 0.4989999999999999991 ) ) ;
#3919 = PLANE ( 'NONE',  #179 ) ;
#3920 = ORIENTED_EDGE ( 'NONE', *, *, #4851, .T. ) ;
#3921 = CARTESIAN_POINT ( 'NONE',  ( 0.05329634997893622356, 0.08091735354968818128, 0.4989999999999998881 ) ) ;
#3922 =( NAMED_UNIT ( * ) PLANE_ANGLE_UNIT ( ) SI_UNIT ( $, .RADIAN. ) );
#3923 = EDGE_CURVE ( 'NONE', #5567, #4173, #2544, .T. ) ;
#3925 =( LENGTH_UNIT ( ) NAMED_UNIT ( * ) SI_UNIT ( .MILLI., .METRE. ) );
#3924 = CARTESIAN_POINT ( 'NONE',  ( -0.06493065346197431087, 0.1212256460071947373, 0.4999999999999996669 ) ) ;
#3926 = PRESENTATION_STYLE_ASSIGNMENT (( #4556 ) ) ;
#3927 = CARTESIAN_POINT ( 'NONE',  ( -0.2437824058907410718, -0.07233360512463153646, 0.4990000000000001101 ) ) ;
#3928 = ORIENTED_EDGE ( 'NONE', *, *, #682, .F. ) ;
#3929 = CARTESIAN_POINT ( 'NONE',  ( -0.1368716239581728167, -0.07713023099964892715, 0.4989999999999999991 ) ) ;
#3930 = CARTESIAN_POINT ( 'NONE',  ( -0.06763031957644932701, 0.1606484791339027329, 0.5000000000000000000 ) ) ;
#3932 =( NAMED_UNIT ( * ) SI_UNIT ( $, .STERADIAN. ) SOLID_ANGLE_UNIT ( ) );
#3931 = CARTESIAN_POINT ( 'NONE',  ( 0.1237592223204004582, -0.1393232756009439854, 0.5000000000000000000 ) ) ;
#3933 = ADVANCED_FACE ( 'NONE', ( #4649 ), #4749, .T. ) ;
#3934 = SURFACE_SIDE_STYLE ('',( #1841 ) ) ;
#3935 = ORIENTED_EDGE ( 'NONE', *, *, #3629, .F. ) ;
#3936 = CARTESIAN_POINT ( 'NONE',  ( -0.09360747059293371419, 0.02296579363880507305, 0.5000000000000000000 ) ) ;
#3937 = CARTESIAN_POINT ( 'NONE',  ( 0.2208082825257720871, 0.1212873674218613584, 0.4989999999999999991 ) ) ;
#3938 = CARTESIAN_POINT ( 'NONE',  ( 0.3559055164200533583, 0.08512082610633753266, 0.4990000000000001101 ) ) ;
#3939 = CARTESIAN_POINT ( 'NONE',  ( -0.2415270623414029760, 0.08147344827127314670, 0.4999999999999998890 ) ) ;
#3940 = VECTOR ( 'NONE', #3287, 1000.000000000000000 ) ;
#3941 = CARTESIAN_POINT ( 'NONE',  ( 0.3186765259361676872, 0.1130508723159699691, 0.5000000000000000000 ) ) ;
#3942 = FILL_AREA_STYLE_COLOUR ( '', #4452 ) ;
#3943 = CARTESIAN_POINT ( 'NONE',  ( -0.04071890244307531381, 0.1442776461039042279, 0.5000000000000001110 ) ) ;
#3944 = CARTESIAN_POINT ( 'NONE',  ( -0.8000000000000001554, 0.4500000000000000111, 0.5000000000000000000 ) ) ;
#3945 = DIRECTION ( 'NONE',  ( 0.0000000000000000000, 0.0000000000000000000, 1.000000000000000000 ) ) ;
#3946 = MECHANICAL_DESIGN_GEOMETRIC_PRESENTATION_REPRESENTATION (  '', ( #638 ), #4066 ) ;
#3947 = CARTESIAN_POINT ( 'NONE',  ( 0.2778895180685271304, 0.006346270382161204801, 0.5000000000000002220 ) ) ;
#3948 = CARTESIAN_POINT ( 'NONE',  ( -0.7800000000000001377, -0.4500000000000000111, 0.02000000000000005246 ) ) ;
#3950 = VERTEX_POINT ( 'NONE', #1199 ) ;
#3949 = CARTESIAN_POINT ( 'NONE',  ( -0.08709367189163499945, 0.1632255338985452997, 0.4989999999999999991 ) ) ;
#3951 = CARTESIAN_POINT ( 'NONE',  ( -0.3336490481280000031, 0.01511299779022749756, 0.4999999999999998890 ) ) ;
#3952 = CARTESIAN_POINT ( 'NONE',  ( 0.02233774098410771028, -0.06250052785960683033, 0.5000000000000001110 ) ) ;
#3953 = ORIENTED_EDGE ( 'NONE', *, *, #4154, .F. ) ;
#3954 = LINE ( 'NONE', #6036, #4032 ) ;
#3955 = CARTESIAN_POINT ( 'NONE',  ( 0.05132807408852072678, 0.06946465380086946917, 0.4990000000000002212 ) ) ;
#3956 = DIRECTION ( 'NONE',  ( -1.000000000000000000, 0.0000000000000000000, 0.0000000000000000000 ) ) ;
#3957 = EDGE_CURVE ( 'NONE', #3713, #4449, #5798, .T. ) ;
#3958 = FILL_AREA_STYLE ('',( #5998 ) ) ;
#3959 = CARTESIAN_POINT ( 'NONE',  ( -0.1419761078960183887, -0.02762834606511720484, 0.4989999999999998881 ) ) ;
#3960 =( NAMED_UNIT ( * ) SI_UNIT ( $, .STERADIAN. ) SOLID_ANGLE_UNIT ( ) );
#3961 = UNCERTAINTY_MEASURE_WITH_UNIT (LENGTH_MEASURE( 1.000000000000000082E-05 ), #5740, 'distance_accuracy_value', 'NONE');
#3962 = CARTESIAN_POINT ( 'NONE',  ( -0.2370205005000041165, -0.02343912402562274219, 0.4990000000000001101 ) ) ;
#3963 = ORIENTED_EDGE ( 'NONE', *, *, #1766, .F. ) ;
#3964 = LINE ( 'NONE', #4952, #2166 ) ;
#3965 = CARTESIAN_POINT ( 'NONE',  ( -0.1152409042239423698, -0.1057645969119617724, 0.4999999999999998890 ) ) ;
#3966 = ADVANCED_FACE ( 'NONE', ( #576 ), #5760, .T. ) ;
#3967 = CARTESIAN_POINT ( 'NONE',  ( 0.1025479297289632608, -0.1132250639287294691, 0.5000000000000000000 ) ) ;
#3968 = CARTESIAN_POINT ( 'NONE',  ( 0.3557554442000473438, 0.09328521796964071855, 0.5000000000000001110 ) ) ;
#3969 = CARTESIAN_POINT ( 'NONE',  ( 0.3257201807922140424, -0.01265760543951805275, 0.4999999999999998890 ) ) ;
#3970 = CARTESIAN_POINT ( 'NONE',  ( 0.2553455655552795966, -0.09876587489124043218, 0.4989999999999999991 ) ) ;
#3971 = UNCERTAINTY_MEASURE_WITH_UNIT (LENGTH_MEASURE( 1.000000000000000082E-05 ), #5196, 'distance_accuracy_value', 'NONE');
#3972 = CARTESIAN_POINT ( 'NONE',  ( 0.1504995369499600999, 0.1340845385474427887, 0.5000000000000000000 ) ) ;
#3973 = ORIENTED_EDGE ( 'NONE', *, *, #6296, .T. ) ;
#3974 = CARTESIAN_POINT ( 'NONE',  ( -0.1391943446086060243, -0.01502161440159732048, 0.5000000000000001110 ) ) ;
#3975 = CARTESIAN_POINT ( 'NONE',  ( 0.1454601952757836880, 0.003545838003839398359, 0.4989999999999999991 ) ) ;
#3976 = CARTESIAN_POINT ( 'NONE',  ( -0.2580589594977812928, -0.1393232756009439854, 0.4989999999999998881 ) ) ;
#3977 = EDGE_CURVE ( 'NONE', #2951, #2072, #3265, .T. ) ;
#3978 = CARTESIAN_POINT ( 'NONE',  ( 0.3077838311973279395, 0.1251614326943536193, 0.5000000000000001110 ) ) ;
#3979 = CARTESIAN_POINT ( 'NONE',  ( 0.2616942442144173375, -0.1052111672409471316, 0.5000000000000001110 ) ) ;
#3980 = CARTESIAN_POINT ( 'NONE',  ( 0.2704597640777794965, 0.1293404242871275811, 0.4999999999999998890 ) ) ;
#3981 = CARTESIAN_POINT ( 'NONE',  ( 0.04811330862784551909, 0.009329430002441428671, 0.4999999999999997780 ) ) ;
#3982 =( NAMED_UNIT ( * ) PLANE_ANGLE_UNIT ( ) SI_UNIT ( $, .RADIAN. ) );
#3983 = CARTESIAN_POINT ( 'NONE',  ( -0.04928928877475188125, 0.08530345597646739331, 0.4989999999999999991 ) ) ;
#3984 = AXIS2_PLACEMENT_3D ( 'NONE', #2938, #1953, #5037 ) ;
#3985 =( GEOMETRIC_REPRESENTATION_CONTEXT ( 3 ) GLOBAL_UNCERTAINTY_ASSIGNED_CONTEXT ( ( #4460 ) ) GLOBAL_UNIT_ASSIGNED_CONTEXT ( ( #1066, #2077, #6159 ) ) REPRESENTATION_CONTEXT ( 'NONE', 'WORKASPACE' ) );
#3987 = ORIENTED_EDGE ( 'NONE', *, *, #4323, .F. ) ;
#3986 = SURFACE_SIDE_STYLE ('',( #858 ) ) ;
#3988 = CARTESIAN_POINT ( 'NONE',  ( -0.3621682016583273600, 0.06062993797285919778, 0.5000000000000000000 ) ) ;
#3989 = CARTESIAN_POINT ( 'NONE',  ( 0.03222924311542148951, 0.1136077813506119749, 0.4989999999999997771 ) ) ;
#3990 = ORIENTED_EDGE ( 'NONE', *, *, #2757, .F. ) ;
#3991 = CARTESIAN_POINT ( 'NONE',  ( 0.5200000000000000178, -0.4500000000000000111, 0.4800000000000000377 ) ) ;
#3992 = STYLED_ITEM ( 'NONE', ( #6020 ), #1575 ) ;
#3993 = VECTOR ( 'NONE', #6442, 1000.000000000000000 ) ;
#3994 = PRESENTATION_STYLE_ASSIGNMENT (( #4517 ) ) ;
#3995 = CARTESIAN_POINT ( 'NONE',  ( 0.08226548544666667517, -0.1100586623999444541, 0.5000000000000000000 ) ) ;
#3996 = CARTESIAN_POINT ( 'NONE',  ( 0.1454604431827214439, 0.01517393440388073618, 0.4989999999999999991 ) ) ;
#3997 = VECTOR ( 'NONE', #5438, 1000.000000000000000 ) ;
#3998 = CARTESIAN_POINT ( 'NONE',  ( 0.2475916838494014449, 0.1527554782494689456, 0.4999999999999997780 ) ) ;
#3999 = ORIENTED_EDGE ( 'NONE', *, *, #1669, .F. ) ;
#4000 = EDGE_CURVE ( 'NONE', #5312, #1927, #5019, .T. ) ;
#4001 = CARTESIAN_POINT ( 'NONE',  ( 0.2662951268096636070, 0.003241767664779093751, 0.5000000000000000000 ) ) ;
#4002 = CARTESIAN_POINT ( 'NONE',  ( 0.2390223995369363807, -0.05495628428327284376, 0.4989999999999999991 ) ) ;
#4003 = COLOUR_RGB ( '',0.7686274509803920907, 0.7686274509803920907, 0.7686274509803920907 ) ;
#4004 = VECTOR ( 'NONE', #2014, 1000.000000000000000 ) ;
#4005 = CARTESIAN_POINT ( 'NONE',  ( -0.08709963258131517283, -0.1132066313045196199, 0.4989999999999999991 ) ) ;
#4006 = CARTESIAN_POINT ( 'NONE',  ( 0.2380628579740577400, -0.1268085364366197676, 0.4989999999999999991 ) ) ;
#4007 = SURFACE_SIDE_STYLE ('',( #6608 ) ) ;
#4008 = CARTESIAN_POINT ( 'NONE',  ( 0.2689340986134819422, -0.1098375079821985317, 0.4989999999999998881 ) ) ;
#4009 =( LENGTH_UNIT ( ) NAMED_UNIT ( * ) SI_UNIT ( .MILLI., .METRE. ) );
#4010 = ORIENTED_EDGE ( 'NONE', *, *, #1007, .F. ) ;
#4011 = CARTESIAN_POINT ( 'NONE',  ( 0.2429185034330403337, 0.08530345597646739331, 0.5000000000000000000 ) ) ;
#4012 = VECTOR ( 'NONE', #5656, 1000.000000000000000 ) ;
#4013 = LINE ( 'NONE', #3003, #3032 ) ;
#4014 = SURFACE_STYLE_USAGE ( .BOTH. , #4117 ) ;
#4015 = MECHANICAL_DESIGN_GEOMETRIC_PRESENTATION_REPRESENTATION (  '', ( #6746 ), #2575 ) ;
#4016 = CARTESIAN_POINT ( 'NONE',  ( -0.2078262302679299567, -0.04193253707804505542, 0.5000000000000001110 ) ) ;
#4017 = CARTESIAN_POINT ( 'NONE',  ( 0.1135932613614693554, 0.1614758553789334139, 0.5000000000000001110 ) ) ;
#4018 = CARTESIAN_POINT ( 'NONE',  ( 0.2802173764505391795, 0.03818461884937796730, 0.4989999999999998881 ) ) ;
#4019 = SURFACE_STYLE_FILL_AREA ( #1408 ) ;
#4020 = SURFACE_STYLE_USAGE ( .BOTH. , #4087 ) ;
#4021 = LINE ( 'NONE', #1410, #3476 ) ;
#4023 = DIRECTION ( 'NONE',  ( 1.000000000000000000, 0.0000000000000000000, -0.0000000000000000000 ) ) ;
#4022 = PRESENTATION_LAYER_ASSIGNMENT (  '', '', ( #159 ) ) ;
#4024 = EDGE_CURVE ( 'NONE', #4532, #4773, #1270, .T. ) ;
#4025 = ORIENTED_EDGE ( 'NONE', *, *, #2528, .F. ) ;
#4026 = CARTESIAN_POINT ( 'NONE',  ( 0.2903041750895616890, 0.03990445655887502052, 0.4999999999999998890 ) ) ;
#4027 =( LENGTH_UNIT ( ) NAMED_UNIT ( * ) SI_UNIT ( .MILLI., .METRE. ) );
#4028 = ORIENTED_EDGE ( 'NONE', *, *, #3957, .F. ) ;
#4029 = CARTESIAN_POINT ( 'NONE',  ( 0.1152345489130311706, -0.1423550100507636196, 0.4989999999999999991 ) ) ;
#4030 = CARTESIAN_POINT ( 'NONE',  ( -0.06195162643708956862, 0.1178724494829609254, 0.5000000000000000000 ) ) ;
#4031 = CARTESIAN_POINT ( 'NONE',  ( 0.3422851939978142077, 0.04119266727321286431, 0.4989999999999998881 ) ) ;
#4032 = VECTOR ( 'NONE', #265, 1000.000000000000000 ) ;
#4033 = DIRECTION ( 'NONE',  ( 1.000000000000000000, -0.0000000000000000000, 0.0000000000000000000 ) ) ;
#4034 = CARTESIAN_POINT ( 'NONE',  ( -0.2099855987302659266, -0.05685714121492353029, 0.4989999999999998881 ) ) ;
#4035 = PRESENTATION_LAYER_ASSIGNMENT (  '', '', ( #2810 ) ) ;
#4036 = DIRECTION ( 'NONE',  ( -0.09053574604252112579, -0.9958932064677036289, 0.0000000000000000000 ) ) ;
#4037 = ORIENTED_EDGE ( 'NONE', *, *, #3507, .T. ) ;
#4038 = CARTESIAN_POINT ( 'NONE',  ( 0.2860800294070662830, -0.1133978427248312909, 0.4989999999999999991 ) ) ;
#4039 = CARTESIAN_POINT ( 'NONE',  ( -0.09652756146156518668, -0.1132268488832050418, 0.4999999999999998890 ) ) ;
#4040 = MECHANICAL_DESIGN_GEOMETRIC_PRESENTATION_REPRESENTATION (  '', ( #4482 ), #3828 ) ;
#4041 = CARTESIAN_POINT ( 'NONE',  ( -0.5199999999999999067, 0.4500000000000000111, 0.4800000000000001488 ) ) ;
#4042 = CARTESIAN_POINT ( 'NONE',  ( 0.2228165690746204408, -0.1087301540140251516, 0.5000000000000000000 ) ) ;
#4043 = B_SPLINE_CURVE_WITH_KNOTS ( 'NONE', 3,
 ( #3577, #5053, #5559, #301, #1389, #4487, #5021, #6078, #1871, #4519, #5624, #6599, #931, #6559, #3510, #3959, #1347, #3478, #4555 ),
 .UNSPECIFIED., .F., .F.,
 ( 4, 1, 1, 1, 1, 1, 1, 1, 1, 1, 1, 1, 1, 1, 1, 1, 4 ),
 ( 0.0000000000000000000, 0.05396690880555491537, 0.1066957723924123608, 0.1587095617866187136, 0.2117944881323665096, 0.2661135228064697156, 0.3220383918684713853, 0.3806851497814837670, 0.4421881151636642415, 0.5056561537619275182, 0.5694381099338695629, 0.6342368007246793615, 0.7009511361249155525, 0.7707382097760445694, 0.8439566231860513579, 0.9197790991426094687, 1.000000000000000000 ),
 .UNSPECIFIED. ) ;
#4044 = CARTESIAN_POINT ( 'NONE',  ( -0.2860993537098168171, 0.1320567027297141205, 0.4989999999999999991 ) ) ;
#4045 = UNCERTAINTY_MEASURE_WITH_UNIT (LENGTH_MEASURE( 1.000000000000000082E-05 ), #88, 'distance_accuracy_value', 'NONE');
#4046 = CARTESIAN_POINT ( 'NONE',  ( 0.4999999999999998890, -0.4500000000000000111, 0.5000000000000000000 ) ) ;
#4047 = ORIENTED_EDGE ( 'NONE', *, *, #5557, .T. ) ;
#4048 = CARTESIAN_POINT ( 'NONE',  ( -0.1371143044850046122, -0.009319634172314718301, 0.4989999999999997771 ) ) ;
#4049 = FILL_AREA_STYLE_COLOUR ( '', #2267 ) ;
#4050 = CARTESIAN_POINT ( 'NONE',  ( -0.2052772636585493971, -0.008702789788698969686, 0.4990000000000001101 ) ) ;
#4051 = CARTESIAN_POINT ( 'NONE',  ( -0.2807464000182428587, 0.1318614786664696059, 0.4990000000000001101 ) ) ;
#4052 = ADVANCED_FACE ( 'NONE', ( #6674 ), #3698, .T. ) ;
#4053 = CARTESIAN_POINT ( 'NONE',  ( -0.3125427777829916098, -0.09936177919827650362, 0.4990000000000001101 ) ) ;
#4054 = DIRECTION ( 'NONE',  ( 0.0000000000000000000, 0.0000000000000000000, -1.000000000000000000 ) ) ;
#4055 = CARTESIAN_POINT ( 'NONE',  ( 0.3363727726760600278, -0.05290784156934694865, 0.4989999999999999991 ) ) ;
#4056 = FILL_AREA_STYLE ('',( #981 ) ) ;
#4057 = STYLED_ITEM ( 'NONE', ( #245 ), #6102 ) ;
#4058 = CARTESIAN_POINT ( 'NONE',  ( 0.3673904864916877622, -0.04084540438887843822, 0.5000000000000000000 ) ) ;
#4059 = LINE ( 'NONE', #3948, #2666 ) ;
#4061 = ORIENTED_EDGE ( 'NONE', *, *, #671, .T. ) ;
#4060 = CARTESIAN_POINT ( 'NONE',  ( -0.2466637749248566935, 0.1509485394041881479, 0.4989999999999999991 ) ) ;
#4062 = CARTESIAN_POINT ( 'NONE',  ( 0.3401580478346108438, 0.1353775013753685807, 0.4990000000000001101 ) ) ;
#4063 = FACE_OUTER_BOUND ( 'NONE', #3851, .T. ) ;
#4064 = DIRECTION ( 'NONE',  ( -0.0000000000000000000, -0.0000000000000000000, 1.000000000000000000 ) ) ;
#4065 = ORIENTED_EDGE ( 'NONE', *, *, #478, .T. ) ;
#4066 =( GEOMETRIC_REPRESENTATION_CONTEXT ( 3 ) GLOBAL_UNCERTAINTY_ASSIGNED_CONTEXT ( ( #2301 ) ) GLOBAL_UNIT_ASSIGNED_CONTEXT ( ( #1213, #4392, #1770 ) ) REPRESENTATION_CONTEXT ( 'NONE', 'WORKASPACE' ) );
#4067 = PRESENTATION_STYLE_ASSIGNMENT (( #5147 ) ) ;
#4068 = EDGE_CURVE ( 'NONE', #5904, #6388, #3284, .T. ) ;
#4069 = DIRECTION ( 'NONE',  ( -0.0000000000000000000, -0.0000000000000000000, 1.000000000000000000 ) ) ;
#4070 = CARTESIAN_POINT ( 'NONE',  ( 0.2078535683681052015, -0.05885238817937674116, 0.5000000000000000000 ) ) ;
#4071 = CARTESIAN_POINT ( 'NONE',  ( -0.2429209485894245346, -0.1294007604797804967, 0.4989999999999998881 ) ) ;
#4072 = ORIENTED_EDGE ( 'NONE', *, *, #5947, .T. ) ;
#4073 = CARTESIAN_POINT ( 'NONE',  ( -0.1426644895672250501, -0.04941181952387344034, 0.4989999999999999991 ) ) ;
#4074 = CARTESIAN_POINT ( 'NONE',  ( -0.02093028071873831789, 0.1060637226118741894, 0.4990000000000002212 ) ) ;
#4076 = CARTESIAN_POINT ( 'NONE',  ( 0.3557554442000473438, 0.09328521796964071855, 0.4989999999999999991 ) ) ;
#4075 =( NAMED_UNIT ( * ) SI_UNIT ( $, .STERADIAN. ) SOLID_ANGLE_UNIT ( ) );
#4077 = CARTESIAN_POINT ( 'NONE',  ( 0.09380258258648149772, 0.1631131192564301557, 0.5000000000000006661 ) ) ;
#4078 =( NAMED_UNIT ( * ) SI_UNIT ( $, .STERADIAN. ) SOLID_ANGLE_UNIT ( ) );
#4079 = ORIENTED_EDGE ( 'NONE', *, *, #2264, .F. ) ;
#4080 =( NAMED_UNIT ( * ) PLANE_ANGLE_UNIT ( ) SI_UNIT ( $, .RADIAN. ) );
#4081 = DIRECTION ( 'NONE',  ( -0.0000000000000000000, -0.0000000000000000000, 1.000000000000000000 ) ) ;
#4082 = CARTESIAN_POINT ( 'NONE',  ( -0.2807464000182428587, 0.1318614786664696059, 0.5000000000000000000 ) ) ;
#4083 = DIRECTION ( 'NONE',  ( 0.0000000000000000000, 1.000000000000000000, 0.0000000000000000000 ) ) ;
#4084 = CARTESIAN_POINT ( 'NONE',  ( -0.02093028071873831789, 0.1060637226118741894, 0.4990000000000002212 ) ) ;
#4085 = SURFACE_STYLE_FILL_AREA ( #5709 ) ;
#4086 = EDGE_CURVE ( 'NONE', #3393, #4148, #1067, .T. ) ;
#4087 = SURFACE_SIDE_STYLE ('',( #4540 ) ) ;
#4088 = FILL_AREA_STYLE_COLOUR ( '', #251 ) ;
#4089 = CARTESIAN_POINT ( 'NONE',  ( 0.3244779373760778851, 0.02321399638308999785, 0.4990000000000001101 ) ) ;
#4090 = CARTESIAN_POINT ( 'NONE',  ( 0.3492131013988536981, -0.1114814792427511608, 0.4989999999999998881 ) ) ;
#4091 = ORIENTED_EDGE ( 'NONE', *, *, #3242, .F. ) ;
#4092 = CARTESIAN_POINT ( 'NONE',  ( 0.3246809943333138215, 0.08507891512250337351, 0.5000000000000000000 ) ) ;
#4093 = PRESENTATION_STYLE_ASSIGNMENT (( #2026 ) ) ;
#4094 = ORIENTED_EDGE ( 'NONE', *, *, #5999, .T. ) ;
#4095 = CARTESIAN_POINT ( 'NONE',  ( -0.5399999999999999245, -0.3499999999999999778, 0.5000000000000000000 ) ) ;
#4096 =( NAMED_UNIT ( * ) SI_UNIT ( $, .STERADIAN. ) SOLID_ANGLE_UNIT ( ) );
#4097 = CARTESIAN_POINT ( 'NONE',  ( -0.2910832556656711145, 0.1318891510754306717, 0.4989999999999999991 ) ) ;
#4099 =( GEOMETRIC_REPRESENTATION_CONTEXT ( 3 ) GLOBAL_UNCERTAINTY_ASSIGNED_CONTEXT ( ( #6428 ) ) GLOBAL_UNIT_ASSIGNED_CONTEXT ( ( #1955, #2053, #1983 ) ) REPRESENTATION_CONTEXT ( 'NONE', 'WORKASPACE' ) );
#4098 = CARTESIAN_POINT ( 'NONE',  ( -0.04732241742342487706, -0.06615599568075331005, 0.4999999999999997780 ) ) ;
#4100 = B_SPLINE_CURVE_WITH_KNOTS ( 'NONE', 3,
 ( #3938, #6019, #945, #3037, #2421, #3416, #2526, #350, #1950, #2455, #1436 ),
 .UNSPECIFIED., .F., .F.,
 ( 4, 1, 1, 1, 1, 1, 1, 1, 4 ),
 ( 0.0000000000000000000, 0.1362636970460437136, 0.2661210016224258568, 0.3915348370078016171, 0.5154830202755487090, 0.6372123612343771892, 0.7571674882442407384, 0.8771226152541030663, 1.000000000000000000 ),
 .UNSPECIFIED. ) ;
#4101 = CARTESIAN_POINT ( 'NONE',  ( -0.2364197632329546050, -0.1225064007141488803, 0.5000000000000002220 ) ) ;
#4102 = CARTESIAN_POINT ( 'NONE',  ( 0.3471543229860291624, 0.04873008906243723320, 0.5000000000000001110 ) ) ;
#4103 = EDGE_LOOP ( 'NONE', ( #5968, #5142, #195, #5717 ) ) ;
#4104 = MECHANICAL_DESIGN_GEOMETRIC_PRESENTATION_REPRESENTATION (  '', ( #3992 ), #5288 ) ;
#4105 = CARTESIAN_POINT ( 'NONE',  ( 0.3281140457535661747, -0.08658926116109152971, 0.5000000000000002220 ) ) ;
#4106 = CARTESIAN_POINT ( 'NONE',  ( -0.1739646134500765495, 0.001598098833610248591, 0.4989999999999999991 ) ) ;
#4109 = CARTESIAN_POINT ( 'NONE',  ( -0.09195941521240520722, 0.02293059433997856472, 0.5000000000000000000 ) ) ;
#4108 = PRESENTATION_LAYER_ASSIGNMENT (  '', '', ( #2124 ) ) ;
#4107 = CARTESIAN_POINT ( 'NONE',  ( 0.2779876286481147152, -0.1443658457147492247, 0.4989999999999998881 ) ) ;
#4110 = FILL_AREA_STYLE ('',( #4625 ) ) ;
#4111 = UNCERTAINTY_MEASURE_WITH_UNIT (LENGTH_MEASURE( 1.000000000000000082E-05 ), #2519, 'distance_accuracy_value', 'NONE');
#4112 = PRESENTATION_STYLE_ASSIGNMENT (( #3099 ) ) ;
#4113 = ORIENTED_EDGE ( 'NONE', *, *, #3573, .T. ) ;
#4114 = ADVANCED_FACE ( 'NONE', ( #3054, #2538 ), #2066, .T. ) ;
#4115 = CARTESIAN_POINT ( 'NONE',  ( -0.2051334446189077287, 0.009207676755688173204, 0.4989999999999999991 ) ) ;
#4116 = PRESENTATION_LAYER_ASSIGNMENT (  '', '', ( #2891 ) ) ;
#4117 = SURFACE_SIDE_STYLE ('',( #6616 ) ) ;
#4118 =( LENGTH_UNIT ( ) NAMED_UNIT ( * ) SI_UNIT ( .MILLI., .METRE. ) );
#4119 = CARTESIAN_POINT ( 'NONE',  ( -0.1726041375766127484, 0.04166731379970708277, 0.4999999999999998890 ) ) ;
#4120 = PRESENTATION_LAYER_ASSIGNMENT (  '', '', ( #1143 ) ) ;
#4121 = CARTESIAN_POINT ( 'NONE',  ( 0.3328278946192976817, -0.07585278990650141939, 0.4990000000000002212 ) ) ;
#4122 = DIRECTION ( 'NONE',  ( -0.0000000000000000000, -0.0000000000000000000, 1.000000000000000000 ) ) ;
#4123 = VECTOR ( 'NONE', #6772, 1000.000000000000000 ) ;
#4124 = FILL_AREA_STYLE ('',( #2019 ) ) ;
#4125 = CARTESIAN_POINT ( 'NONE',  ( 0.3464241001178461898, 0.01044482517457050695, 0.5000000000000000000 ) ) ;
#4126 = ORIENTED_EDGE ( 'NONE', *, *, #5706, .T. ) ;
#4127 = B_SPLINE_CURVE_WITH_KNOTS ( 'NONE', 3,
 ( #4396, #3285, #4363, #2758, #6584, #146, #1293, #5983, #4866, #3943, #2906, #2355, #1219, #6435, #770, #2867, #4933, #4967, #4503 ),
 .UNSPECIFIED., .F., .F.,
 ( 4, 1, 1, 1, 1, 1, 1, 1, 1, 1, 1, 1, 1, 1, 1, 1, 4 ),
 ( 0.0000000000000000000, 0.06035162449650908340, 0.1189648436978937296, 0.1760067323618913770, 0.2318358262108143331, 0.2877177385141700960, 0.3435151172911252160, 0.4004431084417188758, 0.4588672725783938255, 0.5184984530126847124, 0.5792398869838425446, 0.6420304043904717650, 0.7069030659459484278, 0.7751185523106630670, 0.8461476964591377881, 0.9210345293131857458, 0.9999999999999998890 ),
 .UNSPECIFIED. ) ;
#4128 = CARTESIAN_POINT ( 'NONE',  ( 0.3559055164200533583, 0.08512082610633753266, 0.4990000000000001101 ) ) ;
#4129 =( NAMED_UNIT ( * ) PLANE_ANGLE_UNIT ( ) SI_UNIT ( $, .RADIAN. ) );
#4130 = VERTEX_POINT ( 'NONE', #6247 ) ;
#4131 = CARTESIAN_POINT ( 'NONE',  ( 0.2421944895258539843, 0.1489688951184660048, 0.5000000000000002220 ) ) ;
#4132 = CARTESIAN_POINT ( 'NONE',  ( 0.2862595436836014029, 0.007333383216561972090, 0.5000000000000000000 ) ) ;
#4133 = CARTESIAN_POINT ( 'NONE',  ( -0.3203311288628148401, 0.1066906966262874817, 0.4989999999999999991 ) ) ;
#4134 = STYLED_ITEM ( 'NONE', ( #3680 ), #4175 ) ;
#4135 = CARTESIAN_POINT ( 'NONE',  ( 0.2439763963613674203, -0.1315584560049569141, 0.5000000000000000000 ) ) ;
#4136 = B_SPLINE_SURFACE_WITH_KNOTS ( 'NONE', 3, 1, ( 
 ( #1636, #4949 ),
 ( #3996, #235 ),
 ( #6080, #4412 ),
 ( #6637, #5452 ),
 ( #6560, #752 ),
 ( #870, #6600 ),
 ( #2438, #1872 ),
 ( #5054, #2848 ),
 ( #1348, #2336 ),
 ( #1794, #3439 ),
 ( #4987, #2923 ),
 ( #338, #1390 ),
 ( #2409, #4447 ),
 ( #5526, #1237 ),
 ( #829, #5925 ),
 ( #6523, #3334 ),
 ( #5417, #3403 ),
 ( #5022, #303 ),
 ( #3479, #203 ) ),
 .UNSPECIFIED., .F., .F., .F.,
 ( 4, 1, 1, 1, 1, 1, 1, 1, 1, 1, 1, 1, 1, 1, 1, 1, 4 ),
 ( 2, 2 ),
 ( 0.0000000000000000000, 0.1203858358472029433, 0.2308080084307348179, 0.3305680237435673074, 0.4206210405981469780, 0.5003288236263579991, 0.5707867949311860034, 0.6321153927949231255, 0.6846612245386655138, 0.7314024648940551376, 0.7749552507012195113, 0.8157449697615275497, 0.8538005445631575707, 0.8907166739697761626, 0.9267297321267933263, 0.9631335924975831242, 1.000000000000000000 ),
 ( 0.0000000000000000000, 1.000000000000000000 ),
 .UNSPECIFIED. ) ;
#4137 = CARTESIAN_POINT ( 'NONE',  ( -0.3261571125423949336, -0.07274450891171216349, 0.4989999999999999991 ) ) ;
#4138 =( NAMED_UNIT ( * ) SI_UNIT ( $, .STERADIAN. ) SOLID_ANGLE_UNIT ( ) );
#4139 = ORIENTED_EDGE ( 'NONE', *, *, #4490, .F. ) ;
#4140 = VECTOR ( 'NONE', #3349, 1000.000000000000000 ) ;
#4141 = SURFACE_STYLE_FILL_AREA ( #485 ) ;
#4142 = CARTESIAN_POINT ( 'NONE',  ( -0.1560913750235029540, -0.1015343834011987190, 0.4989999999999999991 ) ) ;
#4143 =( GEOMETRIC_REPRESENTATION_CONTEXT ( 3 ) GLOBAL_UNCERTAINTY_ASSIGNED_CONTEXT ( ( #459 ) ) GLOBAL_UNIT_ASSIGNED_CONTEXT ( ( #2032, #3721, #5314 ) ) REPRESENTATION_CONTEXT ( 'NONE', 'WORKASPACE' ) );
#4145 = CARTESIAN_POINT ( 'NONE',  ( -0.05077817867099113786, -0.009784080265331484769, 0.4999999999999998890 ) ) ;
#4144 = DIRECTION ( 'NONE',  ( -0.0000000000000000000, -0.0000000000000000000, 1.000000000000000000 ) ) ;
#4146 = CARTESIAN_POINT ( 'NONE',  ( 0.08754137409175803686, 0.1628927976262533051, 0.5000000000000006661 ) ) ;
#4147 = CARTESIAN_POINT ( 'NONE',  ( -0.04544861632953618030, -0.04129873783079391486, 0.5000000000000000000 ) ) ;
#4148 = VERTEX_POINT ( 'NONE', #2637 ) ;
#4149 = CARTESIAN_POINT ( 'NONE',  ( 0.2402077286683450830, -0.06191112546040264397, 0.4990000000000002212 ) ) ;
#4150 = PRESENTATION_STYLE_ASSIGNMENT (( #4693 ) ) ;
#4151 = CARTESIAN_POINT ( 'NONE',  ( 0.07985086197314171519, -0.1426381237838648397, 0.4990000000000001101 ) ) ;
#4152 = STYLED_ITEM ( 'NONE', ( #4728 ), #5661 ) ;
#4153 = CARTESIAN_POINT ( 'NONE',  ( -0.05338930803748097309, 0.04389351399910692425, 0.5000000000000001110 ) ) ;
#4154 = EDGE_CURVE ( 'NONE', #3713, #2878, #477, .T. ) ;
#4155 = SURFACE_STYLE_FILL_AREA ( #4631 ) ;
#4156 = CARTESIAN_POINT ( 'NONE',  ( -0.09633459991496384767, 0.1628560467428562530, 0.5000000000000000000 ) ) ;
#4157 = CARTESIAN_POINT ( 'NONE',  ( 0.2417489876497620482, -0.06852521811738065960, 0.5000000000000000000 ) ) ;
#4158 = CARTESIAN_POINT ( 'NONE',  ( 0.07769853490486751391, -0.1072325499370980484, 0.5000000000000001110 ) ) ;
#4159 = CARTESIAN_POINT ( 'NONE',  ( -0.2819739970886834812, 0.1631342056551429165, 0.4989999999999999991 ) ) ;
#4160 = CARTESIAN_POINT ( 'NONE',  ( 0.3643539557827725206, -0.07922656048579944377, 0.4990000000000001101 ) ) ;
#4161 = ORIENTED_EDGE ( 'NONE', *, *, #2783, .T. ) ;
#4162 = CARTESIAN_POINT ( 'NONE',  ( -0.05000975426285852315, 0.08885326095395826296, 0.4989999999999999991 ) ) ;
#4163 = SURFACE_STYLE_FILL_AREA ( #2062 ) ;
#4164 = EDGE_LOOP ( 'NONE', ( #1392, #3160, #4438, #4028 ) ) ;
#4165 = DIRECTION ( 'NONE',  ( -0.0000000000000000000, 0.0000000000000000000, 1.000000000000000000 ) ) ;
#4166 = CARTESIAN_POINT ( 'NONE',  ( 0.1062754948309528324, 0.1306708458271366446, 0.5000000000000001110 ) ) ;
#4167 = PRESENTATION_LAYER_ASSIGNMENT (  '', '', ( #87 ) ) ;
#4168 = FACE_OUTER_BOUND ( 'NONE', #280, .T. ) ;
#4169 = CARTESIAN_POINT ( 'NONE',  ( -0.3200784605170709507, -0.08839569932422397525, 0.4990000000000001101 ) ) ;
#4170 = PRESENTATION_LAYER_ASSIGNMENT (  '', '', ( #638 ) ) ;
#4171 = CARTESIAN_POINT ( 'NONE',  ( -0.3019673198450402163, -0.1426381237838648397, 0.4990000000000001101 ) ) ;
#4172 = CARTESIAN_POINT ( 'NONE',  ( 0.3583220492814597757, -0.09630146021426945480, 0.4989999999999999991 ) ) ;
#4173 = VERTEX_POINT ( 'NONE', #1552 ) ;
#4174 = CARTESIAN_POINT ( 'NONE',  ( 0.3362708881150845430, -0.05734380388442799487, 0.4989999999999999991 ) ) ;
#4175 = ADVANCED_FACE ( 'NONE', ( #3642 ), #1612, .T. ) ;
#4176 = MECHANICAL_DESIGN_GEOMETRIC_PRESENTATION_REPRESENTATION (  '', ( #2193 ), #5355 ) ;
#4177 = CARTESIAN_POINT ( 'NONE',  ( -0.1708410583666746807, -0.05070248479552098148, 0.4989999999999999991 ) ) ;
#4179 = CARTESIAN_POINT ( 'NONE',  ( -0.06284479118741233272, 0.009565090596238730314, 0.5000000000000000000 ) ) ;
#4178 = CARTESIAN_POINT ( 'NONE',  ( 0.2126462725533919129, -0.08593944754282506482, 0.4999999999999998890 ) ) ;
#4180 = CARTESIAN_POINT ( 'NONE',  ( 0.01694447745901434682, 0.009207676755688173204, 0.4989999999999999991 ) ) ;
#4181 = UNCERTAINTY_MEASURE_WITH_UNIT (LENGTH_MEASURE( 1.000000000000000082E-05 ), #2789, 'distance_accuracy_value', 'NONE');
#4182 = SURFACE_STYLE_FILL_AREA ( #6740 ) ;
#4183 = ORIENTED_EDGE ( 'NONE', *, *, #3786, .T. ) ;
#4184 = CARTESIAN_POINT ( 'NONE',  ( 0.2748787307057675711, 0.03812407285958428066, 0.4989999999999999991 ) ) ;
#4185 = CARTESIAN_POINT ( 'NONE',  ( 0.04475425644720396751, -0.1180972743984682466, 0.4989999999999999991 ) ) ;
#4186 = ADVANCED_FACE ( 'NONE', ( #4235 ), #2671, .T. ) ;
#4187 = LINE ( 'NONE', #6263, #1018 ) ;
#4188 = PRESENTATION_STYLE_ASSIGNMENT (( #4662 ) ) ;
#4189 = CARTESIAN_POINT ( 'NONE',  ( -0.2363022757877388802, 0.009329430002441428671, 0.4989999999999999991 ) ) ;
#4190 = FILL_AREA_STYLE_COLOUR ( '', #3872 ) ;
#4191 =( NAMED_UNIT ( * ) SI_UNIT ( $, .STERADIAN. ) SOLID_ANGLE_UNIT ( ) );
#4192 = CARTESIAN_POINT ( 'NONE',  ( 0.05845392538176071018, -0.08126327182998736853, 0.5000000000000001110 ) ) ;
#4193 = B_SPLINE_SURFACE_WITH_KNOTS ( 'NONE', 3, 1, ( 
 ( #1839, #2238 ),
 ( #2820, #3829 ),
 ( #4922, #5423 ),
 ( #3797, #5901 ),
 ( #5873, #3930 ),
 ( #1799, #3375 ),
 ( #4854, #209 ),
 ( #2854, #3897 ),
 ( #4890, #4351 ),
 ( #5458, #4453 ),
 ( #136, #4954 ),
 ( #2275, #4385 ),
 ( #1244, #2343 ),
 ( #6529, #343 ),
 ( #901, #2445 ),
 ( #4074, #2893 ),
 ( #3485, #2930 ),
 ( #6566, #1355 ),
 ( #793, #4525 ) ),
 .UNSPECIFIED., .F., .F., .F.,
 ( 4, 1, 1, 1, 1, 1, 1, 1, 1, 1, 1, 1, 1, 1, 1, 1, 4 ),
 ( 2, 2 ),
 ( 0.0000000000000000000, 0.06035162449650908340, 0.1189648436978937296, 0.1760067323618913770, 0.2318358262108143331, 0.2877177385141700960, 0.3435151172911252160, 0.4004431084417188758, 0.4588672725783938255, 0.5184984530126847124, 0.5792398869838425446, 0.6420304043904717650, 0.7069030659459484278, 0.7751185523106630670, 0.8461476964591377881, 0.9210345293131857458, 0.9999999999999998890 ),
 ( 0.0000000000000000000, 1.000000000000000000 ),
 .UNSPECIFIED. ) ;
#4194 = DIRECTION ( 'NONE',  ( 0.0000000000000000000, 0.0000000000000000000, 1.000000000000000000 ) ) ;
#4195 = CARTESIAN_POINT ( 'NONE',  ( -0.1427957822812453703, -0.04162430376379233632, 0.4989999999999999991 ) ) ;
#4196 = CARTESIAN_POINT ( 'NONE',  ( 0.1541949467693134179, 0.1281791040090159151, 0.4989999999999999991 ) ) ;
#4197 = ORIENTED_EDGE ( 'NONE', *, *, #3451, .F. ) ;
#4198 = CARTESIAN_POINT ( 'NONE',  ( -0.2144273220965110804, 0.09611892334299379503, 0.4989999999999998881 ) ) ;
#4199 = LINE ( 'NONE', #626, #4265 ) ;
#4200 = ORIENTED_EDGE ( 'NONE', *, *, #4730, .T. ) ;
#4201 = CARTESIAN_POINT ( 'NONE',  ( -0.1505189744151178011, -0.1107787369958020129, 0.5000000000000001110 ) ) ;
#4202 = CARTESIAN_POINT ( 'NONE',  ( -0.2860993537098168171, 0.1320567027297141205, 0.4989999999999999991 ) ) ;
#4203 = CARTESIAN_POINT ( 'NONE',  ( 0.3011380419562818544, 0.1292113236194647463, 0.5000000000000000000 ) ) ;
#4204 = FILL_AREA_STYLE_COLOUR ( '', #6399 ) ;
#4205 = CARTESIAN_POINT ( 'NONE',  ( -0.2958973822571389634, 0.1305661691134283042, 0.5000000000000000000 ) ) ;
#4206 = ORIENTED_EDGE ( 'NONE', *, *, #6528, .T. ) ;
#4207 = PRESENTATION_STYLE_ASSIGNMENT (( #995 ) ) ;
#4208 = CARTESIAN_POINT ( 'NONE',  ( -0.1308426612642819009, -0.1315282682552996463, 0.4989999999999999991 ) ) ;
#4210 = CARTESIAN_POINT ( 'NONE',  ( -0.1609533302537755617, -0.09094363780205937109, 0.4989999999999999991 ) ) ;
#4209 = CARTESIAN_POINT ( 'NONE',  ( 0.2635068455297135959, 0.1257493445778910535, 0.5000000000000000000 ) ) ;
#4211 = EDGE_CURVE ( 'NONE', #5024, #55, #2298, .T. ) ;
#4212 = CARTESIAN_POINT ( 'NONE',  ( 0.06210725343250562275, 0.1536574566385918439, 0.4989999999999999991 ) ) ;
#4213 = VECTOR ( 'NONE', #1176, 1000.000000000000000 ) ;
#4214 = VECTOR ( 'NONE', #98, 1000.000000000000000 ) ;
#4215 = VERTEX_POINT ( 'NONE', #2394 ) ;
#4216 = CARTESIAN_POINT ( 'NONE',  ( 0.3170129983638020899, 0.05856538390698304980, 0.4989999999999999991 ) ) ;
#4217 = CARTESIAN_POINT ( 'NONE',  ( 0.09376386024031600763, -0.1444590227595910492, 0.4989999999999998881 ) ) ;
#4218 = VECTOR ( 'NONE', #4778, 1000.000000000000000 ) ;
#4219 = CARTESIAN_POINT ( 'NONE',  ( -0.06627420348484054646, 0.05054113659290425387, 0.5000000000000000000 ) ) ;
#4220 = CARTESIAN_POINT ( 'NONE',  ( -0.2429209485894245346, -0.1294007604797804967, 0.4999999999999998890 ) ) ;
#4221 = CARTESIAN_POINT ( 'NONE',  ( -0.02304414861114955498, 0.1137838268913009404, 0.4989999999999999991 ) ) ;
#4222 = CARTESIAN_POINT ( 'NONE',  ( -0.2415270623414029760, 0.08147344827127314670, 0.5000000000000000000 ) ) ;
#4223 = CARTESIAN_POINT ( 'NONE',  ( 0.2228165690746204408, -0.1087301540140251516, 0.4989999999999999991 ) ) ;
#4224 = VECTOR ( 'NONE', #612, 1000.000000000000000 ) ;
#4225 = PRESENTATION_STYLE_ASSIGNMENT (( #6170 ) ) ;
#4226 =( NAMED_UNIT ( * ) PLANE_ANGLE_UNIT ( ) SI_UNIT ( $, .RADIAN. ) );
#4227 = EDGE_CURVE ( 'NONE', #1526, #1882, #4021, .T. ) ;
#4228 = CARTESIAN_POINT ( 'NONE',  ( 0.3435604542708344256, -0.1182763642366695539, 0.4990000000000001101 ) ) ;
#4229 = ORIENTED_EDGE ( 'NONE', *, *, #4358, .F. ) ;
#4230 = CARTESIAN_POINT ( 'NONE',  ( 0.1281982116202533550, 0.1129808212730619016, 0.4990000000000002212 ) ) ;
#4231 = ORIENTED_EDGE ( 'NONE', *, *, #2812, .T. ) ;
#4232 = DIRECTION ( 'NONE',  ( -5.421010862427515070E-15, -0.0000000000000000000, 1.000000000000000000 ) ) ;
#4233 = LINE ( 'NONE', #3678, #1080 ) ;
#4234 = STYLED_ITEM ( 'NONE', ( #6544 ), #3044 ) ;
#4235 = FACE_OUTER_BOUND ( 'NONE', #4558, .T. ) ;
#4236 = SURFACE_STYLE_USAGE ( .BOTH. , #5790 ) ;
#4237 = EDGE_CURVE ( 'NONE', #1104, #5250, #732, .T. ) ;
#4239 = CARTESIAN_POINT ( 'NONE',  ( -0.3085186097971128749, -0.1037373534998122238, 0.4989999999999998881 ) ) ;
#4238 =( GEOMETRIC_REPRESENTATION_CONTEXT ( 3 ) GLOBAL_UNCERTAINTY_ASSIGNED_CONTEXT ( ( #6773 ) ) GLOBAL_UNIT_ASSIGNED_CONTEXT ( ( #3800, #591, #2240 ) ) REPRESENTATION_CONTEXT ( 'NONE', 'WORKASPACE' ) );
#4240 = CARTESIAN_POINT ( 'NONE',  ( 0.1074024183910346486, -0.1119076345501752723, 0.4990000000000001101 ) ) ;
#4241 = CARTESIAN_POINT ( 'NONE',  ( -0.3005158245943311268, 0.1286317476230179335, 0.4989999999999997771 ) ) ;
#4242 = CARTESIAN_POINT ( 'NONE',  ( 0.4999999999999998890, 0.4500000000000000111, 0.5000000000000000000 ) ) ;
#4243 = ORIENTED_EDGE ( 'NONE', *, *, #1870, .F. ) ;
#4244 = CARTESIAN_POINT ( 'NONE',  ( 0.3306771210256688187, -0.08136028736721033494, 0.4990000000000001101 ) ) ;
#4245 =( GEOMETRIC_REPRESENTATION_CONTEXT ( 3 ) GLOBAL_UNCERTAINTY_ASSIGNED_CONTEXT ( ( #3065 ) ) GLOBAL_UNIT_ASSIGNED_CONTEXT ( ( #11, #3661, #3104 ) ) REPRESENTATION_CONTEXT ( 'NONE', 'WORKASPACE' ) );
#4246 = LINE ( 'NONE', #2645, #2220 ) ;
#4248 = CARTESIAN_POINT ( 'NONE',  ( -0.1738991316675429777, -0.004734699249161880563, 0.4990000000000001101 ) ) ;
#4247 = CARTESIAN_POINT ( 'NONE',  ( 0.2481522188282991870, 0.1058111487630297165, 0.4989999999999999991 ) ) ;
#4249 = SURFACE_SIDE_STYLE ('',( #6193 ) ) ;
#4250 = COLOUR_RGB ( '',0.7686274509803920907, 0.7686274509803920907, 0.7686274509803920907 ) ;
#4251 = UNCERTAINTY_MEASURE_WITH_UNIT (LENGTH_MEASURE( 1.000000000000000082E-05 ), #733, 'distance_accuracy_value', 'NONE');
#4252 = CARTESIAN_POINT ( 'NONE',  ( -0.1138393935547590552, 0.1581578844766088621, 0.4989999999999999991 ) ) ;
#4253 = EDGE_LOOP ( 'NONE', ( #2491, #4414, #824, #5793 ) ) ;
#4254 = B_SPLINE_CURVE_WITH_KNOTS ( 'NONE', 3,
 ( #5653, #476, #3506, #5586, #2511, #5146, #3641, #893, #370, #2984, #2474, #444, #2029, #6246, #4677, #4166, #1551, #6404, #6343 ),
 .UNSPECIFIED., .F., .F.,
 ( 4, 1, 1, 1, 1, 1, 1, 1, 1, 1, 1, 1, 1, 1, 1, 1, 4 ),
 ( 0.0000000000000000000, 0.1203858358472029433, 0.2308080084307348179, 0.3305680237435673074, 0.4206210405981469780, 0.5003288236263579991, 0.5707867949311860034, 0.6321153927949231255, 0.6846612245386655138, 0.7314024648940551376, 0.7749552507012195113, 0.8157449697615275497, 0.8538005445631575707, 0.8907166739697761626, 0.9267297321267933263, 0.9631335924975831242, 1.000000000000000000 ),
 .UNSPECIFIED. ) ;
#4255 = CARTESIAN_POINT ( 'NONE',  ( 0.3329695972607005228, -0.02711040126166357547, 0.4989999999999999991 ) ) ;
#4256 = B_SPLINE_SURFACE_WITH_KNOTS ( 'NONE', 3, 1, ( 
 ( #3019, #3123 ),
 ( #1992, #5145 ),
 ( #6672, #5584 ),
 ( #6245, #6150 ),
 ( #6274, #475 ),
 ( #6761, #2983 ),
 ( #1550, #1024 ),
 ( #6211, #3640 ),
 ( #5718, #1518 ),
 ( #1583, #3538 ),
 ( #2028, #4131 ),
 ( #3605, #5212 ),
 ( #5687, #6799 ),
 ( #5114, #2101 ),
 ( #2608, #1966 ),
 ( #5082, #369 ),
 ( #2473, #4585 ),
 ( #5619, #926 ),
 ( #409, #2510 ) ),
 .UNSPECIFIED., .F., .F., .F.,
 ( 4, 1, 1, 1, 1, 1, 1, 1, 1, 1, 1, 1, 1, 1, 1, 1, 4 ),
 ( 2, 2 ),
 ( 0.0000000000000000000, 0.07873440133139661401, 0.1535873034585125974, 0.2243560392990877062, 0.2921102160913941481, 0.3570934123059963938, 0.4197680939602714822, 0.4806493576084643893, 0.5402799185669205917, 0.5989477704601410268, 0.6560316815841115146, 0.7123343828235287889, 0.7681152404421204283, 0.8246273202553449089, 0.8817432422022605243, 0.9400191451264190423, 1.000000000000000000 ),
 ( 0.0000000000000000000, 1.000000000000000000 ),
 .UNSPECIFIED. ) ;
#4257 = CARTESIAN_POINT ( 'NONE',  ( 0.3141373248980207089, 0.05481834736813177150, 0.4989999999999999991 ) ) ;
#4258 = PRESENTATION_LAYER_ASSIGNMENT (  '', '', ( #4357 ) ) ;
#4259 = CARTESIAN_POINT ( 'NONE',  ( -0.01422435370981682545, -0.04278095960794817826, 0.5000000000000000000 ) ) ;
#4260 = CARTESIAN_POINT ( 'NONE',  ( 0.3464241001178461898, 0.01044482517457050695, 0.4989999999999999991 ) ) ;
#4261 = CARTESIAN_POINT ( 'NONE',  ( -0.04847804164843266816, -0.1299274546959068299, 0.4989999999999999991 ) ) ;
#4262 = MECHANICAL_DESIGN_GEOMETRIC_PRESENTATION_REPRESENTATION (  '', ( #6540 ), #4695 ) ;
#4263 = CARTESIAN_POINT ( 'NONE',  ( -0.04847804164843266816, -0.1299274546959068299, 0.5000000000000000000 ) ) ;
#4264 = EDGE_CURVE ( 'NONE', #1277, #6210, #1890, .T. ) ;
#4265 = VECTOR ( 'NONE', #3835, 1000.000000000000000 ) ;
#4266 = FACE_OUTER_BOUND ( 'NONE', #1303, .T. ) ;
#4267 = CARTESIAN_POINT ( 'NONE',  ( -0.2819739970886834812, 0.1631342056551429165, 0.5000000000000000000 ) ) ;
#4268 = CARTESIAN_POINT ( 'NONE',  ( -0.3167055777526103788, 0.1126452988202986255, 0.4999999999999998890 ) ) ;
#4269 = CARTESIAN_POINT ( 'NONE',  ( 0.1202422743420233642, 0.1223699634770310379, 0.4989999999999999991 ) ) ;
#4270 = CARTESIAN_POINT ( 'NONE',  ( -0.3172272750321886714, -0.1360515706902424293, 0.5000000000000000000 ) ) ;
#4271 =( NAMED_UNIT ( * ) SI_UNIT ( $, .STERADIAN. ) SOLID_ANGLE_UNIT ( ) );
#4272 = FILL_AREA_STYLE ('',( #3226 ) ) ;
#4273 = CARTESIAN_POINT ( 'NONE',  ( -0.1199383087098757350, 0.1191938359725796537, 0.5000000000000000000 ) ) ;
#4274 =( NAMED_UNIT ( * ) SI_UNIT ( $, .STERADIAN. ) SOLID_ANGLE_UNIT ( ) );
#4275 = CARTESIAN_POINT ( 'NONE',  ( -0.3318977129666572101, -0.03820148929383110348, 0.4999999999999994449 ) ) ;
#4276 = VERTEX_POINT ( 'NONE', #1259 ) ;
#4277 = CARTESIAN_POINT ( 'NONE',  ( -0.5399999999999995914, 0.3499999999999999778, 0.4800000000000000377 ) ) ;
#4278 = ORIENTED_EDGE ( 'NONE', *, *, #6701, .T. ) ;
#4279 = B_SPLINE_CURVE_WITH_KNOTS ( 'NONE', 3,
 ( #4393, #3714, #4050, #5569, #4499, #6614, #5637, #4628, #391, #3553, #6685, #6133, #1915, #883, #3976, #6163, #2493, #910, #424 ),
 .UNSPECIFIED., .F., .F.,
 ( 4, 1, 1, 1, 1, 1, 1, 1, 1, 1, 1, 1, 1, 1, 1, 1, 4 ),
 ( 0.0000000000000000000, 0.09461717910809144816, 0.1836879983719772458, 0.2673423192650711822, 0.3451199086331388499, 0.4179131261566898514, 0.4859235696282112049, 0.5491582703543161914, 0.6081407685528291696, 0.6632543324827675502, 0.7145929467936156243, 0.7632116109258701986, 0.8100106062874760093, 0.8561688043370047074, 0.9024550121772494382, 0.9500755117454149357, 1.000000000000000000 ),
 .UNSPECIFIED. ) ;
#4280 = ADVANCED_FACE ( 'NONE', ( #2320 ), #4969, .T. ) ;
#4281 = LINE ( 'NONE', #3651, #6181 ) ;
#4282 =( GEOMETRIC_REPRESENTATION_CONTEXT ( 3 ) GLOBAL_UNCERTAINTY_ASSIGNED_CONTEXT ( ( #386 ) ) GLOBAL_UNIT_ASSIGNED_CONTEXT ( ( #4009, #1400, #802 ) ) REPRESENTATION_CONTEXT ( 'NONE', 'WORKASPACE' ) );
#4283 = CARTESIAN_POINT ( 'NONE',  ( 0.05755366692527084244, -0.1311780678248185839, 0.4990000000000002212 ) ) ;
#4284 = CARTESIAN_POINT ( 'NONE',  ( -0.06299212530374229124, -0.09915250899458448453, 0.4999999999999997780 ) ) ;
#4285 = CARTESIAN_POINT ( 'NONE',  ( 0.2178110829043176100, 0.1140900033078978137, 0.5000000000000002220 ) ) ;
#4286 = VERTEX_POINT ( 'NONE', #2910 ) ;
#4287 = CARTESIAN_POINT ( 'NONE',  ( 0.08130235722385048547, 0.1286317476230179890, 0.5000000000000000000 ) ) ;
#4288 = CARTESIAN_POINT ( 'NONE',  ( -0.5399999999999999245, 0.3499999999999999778, 0.5000000000000000000 ) ) ;
#4289 = STYLED_ITEM ( 'NONE', ( #6103 ), #6655 ) ;
#4290 = CARTESIAN_POINT ( 'NONE',  ( -0.5399999999999999245, 0.3499999999999999778, 0.5000000000000000000 ) ) ;
#4291 = CARTESIAN_POINT ( 'NONE',  ( 0.3329695972607005228, -0.02711040126166357547, 0.4989999999999999991 ) ) ;
#4292 = PRESENTATION_STYLE_ASSIGNMENT (( #5427 ) ) ;
#4293 = PLANE ( 'NONE',  #6688 ) ;
#4294 = CARTESIAN_POINT ( 'NONE',  ( -0.2466637749248566935, 0.1509485394041881479, 0.5000000000000000000 ) ) ;
#4295 = CARTESIAN_POINT ( 'NONE',  ( -0.2860993537098168171, 0.1320567027297141205, 0.5000000000000000000 ) ) ;
#4296 = EDGE_CURVE ( 'NONE', #2917, #1724, #648, .T. ) ;
#4297 = CARTESIAN_POINT ( 'NONE',  ( -0.01445554440493060019, -0.03216917123678040419, 0.4990000000000001101 ) ) ;
#4298 = EDGE_LOOP ( 'NONE', ( #4647, #5751, #2516, #22 ) ) ;
#4299 = FACE_OUTER_BOUND ( 'NONE', #3142, .T. ) ;
#4300 = DIRECTION ( 'NONE',  ( 9.680376540049147084E-17, -0.0000000000000000000, 1.000000000000000000 ) ) ;
#4301 =( NAMED_UNIT ( * ) PLANE_ANGLE_UNIT ( ) SI_UNIT ( $, .RADIAN. ) );
#4302 = PRODUCT ( 'User Library-R_0603', 'User Library-R_0603', '', ( #529 ) ) ;
#4303 = CARTESIAN_POINT ( 'NONE',  ( 0.3675938281083649395, -0.05026878428327285347, 0.5000000000000001110 ) ) ;
#4304 = B_SPLINE_CURVE_WITH_KNOTS ( 'NONE', 3,
 ( #4746, #2674, #1061, #5822, #6250, #5277, #64, #3683, #4717, #2998, #4812 ),
 .UNSPECIFIED., .F., .F.,
 ( 4, 1, 1, 1, 1, 1, 1, 1, 4 ),
 ( 0.0000000000000000000, 0.1280448550143800934, 0.2514507875593861574, 0.3715733394035902748, 0.4904118675290047302, 0.6102007835889297072, 0.7338092424176936301, 0.8631756517415548613, 1.000000000000000000 ),
 .UNSPECIFIED. ) ;
#4305 = ADVANCED_FACE ( 'NONE', ( #5678 ), #557, .T. ) ;
#4307 = ORIENTED_EDGE ( 'NONE', *, *, #3071, .T. ) ;
#4306 = CARTESIAN_POINT ( 'NONE',  ( 0.3215411523886928524, -0.09595238252470410234, 0.5000000000000000000 ) ) ;
#4308 = CARTESIAN_POINT ( 'NONE',  ( -0.2910832556656711145, 0.1318891510754306717, 0.5000000000000000000 ) ) ;
#4309 = ORIENTED_EDGE ( 'NONE', *, *, #3281, .T. ) ;
#4310 = CARTESIAN_POINT ( 'NONE',  ( 0.04995157908639732969, 0.05650933887673413591, 0.4999999999999998890 ) ) ;
#4311 =( NAMED_UNIT ( * ) SI_UNIT ( $, .STERADIAN. ) SOLID_ANGLE_UNIT ( ) );
#4313 = CARTESIAN_POINT ( 'NONE',  ( 0.03362627000276694617, -0.1003954948538945263, 0.4990000000000003322 ) ) ;
#4312 =( NAMED_UNIT ( * ) PLANE_ANGLE_UNIT ( ) SI_UNIT ( $, .RADIAN. ) );
#4314 = EDGE_CURVE ( 'NONE', #3454, #3621, #433, .T. ) ;
#4315 = SURFACE_STYLE_USAGE ( .BOTH. , #4249 ) ;
#4316 = UNCERTAINTY_MEASURE_WITH_UNIT (LENGTH_MEASURE( 1.000000000000000082E-05 ), #215, 'distance_accuracy_value', 'NONE');
#4317 = CARTESIAN_POINT ( 'NONE',  ( -0.1681150785272601256, 0.07600134745170222805, 0.4999999999999997780 ) ) ;
#4318 = ORIENTED_EDGE ( 'NONE', *, *, #3796, .F. ) ;
#4319 = CARTESIAN_POINT ( 'NONE',  ( 0.06511260406557133062, 0.1126452988202986533, 0.4999999999999998890 ) ) ;
#4320 = CARTESIAN_POINT ( 'NONE',  ( -0.3197109283856761630, 0.1536574566385918994, 0.4989999999999999991 ) ) ;
#4321 = FACE_OUTER_BOUND ( 'NONE', #1762, .T. ) ;
#4322 = COLOUR_RGB ( '',1.000000000000000000, 1.000000000000000000, 1.000000000000000000 ) ;
#4323 = EDGE_CURVE ( 'NONE', #6242, #3674, #3113, .T. ) ;
#4324 = SURFACE_SIDE_STYLE ('',( #3309 ) ) ;
#4325 = UNCERTAINTY_MEASURE_WITH_UNIT (LENGTH_MEASURE( 1.000000000000000082E-05 ), #4118, 'distance_accuracy_value', 'NONE');
#4326 = SURFACE_STYLE_FILL_AREA ( #6366 ) ;
#4327 = SURFACE_SIDE_STYLE ('',( #1742 ) ) ;
#4328 = DIRECTION ( 'NONE',  ( -0.0000000000000000000, -0.0000000000000000000, 1.000000000000000000 ) ) ;
#4329 = VECTOR ( 'NONE', #3518, 1000.000000000000000 ) ;
#4330 = CARTESIAN_POINT ( 'NONE',  ( -0.3005158245943311268, 0.1286317476230179335, 0.4999999999999997780 ) ) ;
#4331 = CARTESIAN_POINT ( 'NONE',  ( -0.1285373954582074152, 0.03904825797579221380, 0.4990000000000002212 ) ) ;
#4332 = CARTESIAN_POINT ( 'NONE',  ( 0.7800000000000001377, -0.4500000000000000111, 0.02000000000000005246 ) ) ;
#4333 =( NAMED_UNIT ( * ) SI_UNIT ( $, .STERADIAN. ) SOLID_ANGLE_UNIT ( ) );
#4334 = CARTESIAN_POINT ( 'NONE',  ( -0.3335467018422004770, -0.007680015203016250618, 0.5000000000000000000 ) ) ;
#4335 = STYLED_ITEM ( 'NONE', ( #876 ), #2416 ) ;
#4336 = STYLED_ITEM ( 'NONE', ( #4188 ), #1215 ) ;
#4337 = LINE ( 'NONE', #1722, #3993 ) ;
#4339 = ORIENTED_EDGE ( 'NONE', *, *, #4154, .T. ) ;
#4338 = CARTESIAN_POINT ( 'NONE',  ( 0.1436813923477992250, -0.03785127457177712984, 0.4999999999999995559 ) ) ;
#4340 = DIRECTION ( 'NONE',  ( -0.0000000000000000000, -0.0000000000000000000, 1.000000000000000000 ) ) ;
#4341 = ORIENTED_EDGE ( 'NONE', *, *, #4772, .T. ) ;
#4342 =( LENGTH_UNIT ( ) NAMED_UNIT ( * ) SI_UNIT ( .MILLI., .METRE. ) );
#4343 = CARTESIAN_POINT ( 'NONE',  ( -0.2370205005000041165, -0.02343912402562274219, 0.4990000000000001101 ) ) ;
#4345 = CARTESIAN_POINT ( 'NONE',  ( 0.09663197745901434821, -0.1445666738936624285, 0.5000000000000000000 ) ) ;
#4344 = CARTESIAN_POINT ( 'NONE',  ( -0.07510675714248393753, 0.1286016538432284140, 0.5000000000000000000 ) ) ;
#4346 = CARTESIAN_POINT ( 'NONE',  ( -0.1739069766486984470, 0.008621157596907092283, 0.5000000000000000000 ) ) ;
#4347 = ORIENTED_EDGE ( 'NONE', *, *, #985, .T. ) ;
#4348 = CARTESIAN_POINT ( 'NONE',  ( 0.09404602586120566765, 0.1320004655111084446, 0.5000000000000000000 ) ) ;
#4349 =( GEOMETRIC_REPRESENTATION_CONTEXT ( 3 ) GLOBAL_UNCERTAINTY_ASSIGNED_CONTEXT ( ( #1637 ) ) GLOBAL_UNIT_ASSIGNED_CONTEXT ( ( #2364, #154, #1822 ) ) REPRESENTATION_CONTEXT ( 'NONE', 'WORKASPACE' ) );
#4350 = SURFACE_SIDE_STYLE ('',( #2237 ) ) ;
#4351 = CARTESIAN_POINT ( 'NONE',  ( -0.04553996253047550707, 0.1487015662615272515, 0.5000000000000000000 ) ) ;
#4352 = PRESENTATION_LAYER_ASSIGNMENT (  '', '', ( #6306 ) ) ;
#4353 = CARTESIAN_POINT ( 'NONE',  ( 0.0000000000000000000, -0.4500000000000000111, 0.0000000000000000000 ) ) ;
#4354 =( NAMED_UNIT ( * ) PLANE_ANGLE_UNIT ( ) SI_UNIT ( $, .RADIAN. ) );
#4355 = VERTEX_POINT ( 'NONE', #6790 ) ;
#4356 = FILL_AREA_STYLE_COLOUR ( '', #3734 ) ;
#4357 = STYLED_ITEM ( 'NONE', ( #825 ), #4508 ) ;
#4358 = EDGE_CURVE ( 'NONE', #4215, #6242, #974, .T. ) ;
#4359 = B_SPLINE_SURFACE_WITH_KNOTS ( 'NONE', 3, 1, ( 
 ( #6654, #6748 ),
 ( #4731, #1643 ),
 ( #2555, #5262 ),
 ( #1006, #3147 ),
 ( #42, #4219 ),
 ( #2048, #12 ),
 ( #4797, #4153 ),
 ( #1109, #6295 ),
 ( #3105, #5808 ),
 ( #2117, #5232 ),
 ( #3246, #1076 ),
 ( #1539, #5325 ),
 ( #1675, #6232 ),
 ( #3761, #559 ),
 ( #2086, #3625 ),
 ( #2183, #5705 ),
 ( #495, #2624 ),
 ( #5776, #2656 ),
 ( #2595, #5840 ) ),
 .UNSPECIFIED., .F., .F., .F.,
 ( 4, 1, 1, 1, 1, 1, 1, 1, 1, 1, 1, 1, 1, 1, 1, 1, 4 ),
 ( 2, 2 ),
 ( 0.0000000000000000000, 0.05377235286584863133, 0.1059818572292504507, 0.1583489682067699966, 0.2110665590554146598, 0.2650654818272770719, 0.3214515762088941964, 0.3798653928783993217, 0.4414930983120409214, 0.5050069716968419442, 0.5691393563830159374, 0.6345161088946241756, 0.7015752733322172530, 0.7716030797018199605, 0.8439856083945355136, 0.9201114300935805401, 1.000000000000000000 ),
 ( 0.0000000000000000000, 1.000000000000000000 ),
 .UNSPECIFIED. ) ;
#4360 = CARTESIAN_POINT ( 'NONE',  ( -0.2370223606730146870, 0.04242217291370062315, 0.4989999999999999991 ) ) ;
#4361 = CARTESIAN_POINT ( 'NONE',  ( -0.2313186448682217067, 0.1340845385474428164, 0.5000000000000000000 ) ) ;
#4362 = CARTESIAN_POINT ( 'NONE',  ( -0.08954627734974376918, 0.1320065786255963380, 0.4999999999999998890 ) ) ;
#4363 = CARTESIAN_POINT ( 'NONE',  ( -0.08039515756861170814, 0.1630344053919177139, 0.5000000000000001110 ) ) ;
#4364 = CARTESIAN_POINT ( 'NONE',  ( -0.3646768411811854294, -0.01067170301994723770, 0.5000000000000002220 ) ) ;
#4365 = CARTESIAN_POINT ( 'NONE',  ( 0.2450164125862964726, 0.09624364713823857498, 0.5000000000000000000 ) ) ;
#4366 = CARTESIAN_POINT ( 'NONE',  ( -0.09731435709779596988, 0.1318197834296716553, 0.5000000000000000000 ) ) ;
#4367 = FILL_AREA_STYLE ('',( #2255 ) ) ;
#4368 = CARTESIAN_POINT ( 'NONE',  ( -0.1419761078960183887, -0.02762834606511720484, 0.4999999999999998890 ) ) ;
#4370 = ORIENTED_EDGE ( 'NONE', *, *, #437, .F. ) ;
#4369 = CARTESIAN_POINT ( 'NONE',  ( 0.1454601952757836880, 0.003545838003839398359, 0.4999999999999995559 ) ) ;
#4371 = CARTESIAN_POINT ( 'NONE',  ( -0.3448951430619580094, 0.1239936458895452426, 0.4990000000000002212 ) ) ;
#4372 = CARTESIAN_POINT ( 'NONE',  ( 0.5399999999999995914, 0.3499999999999999778, 0.4800000000000000377 ) ) ;
#4373 = ORIENTED_EDGE ( 'NONE', *, *, #2733, .T. ) ;
#4374 = CARTESIAN_POINT ( 'NONE',  ( -0.05311758916625366339, -0.004244838309496537683, 0.4989999999999999991 ) ) ;
#4375 = CARTESIAN_POINT ( 'NONE',  ( 0.05829317617811491381, 0.09950286129776174382, 0.4989999999999998881 ) ) ;
#4376 = SURFACE_SIDE_STYLE ('',( #5347 ) ) ;
#4377 = CARTESIAN_POINT ( 'NONE',  ( -0.1737730984172490833, -0.01692348053985932854, 0.4999999999999998890 ) ) ;
#4378 = CARTESIAN_POINT ( 'NONE',  ( -0.04878580912739297060, -0.07279567428777417026, 0.4990000000000001101 ) ) ;
#4379 = UNCERTAINTY_MEASURE_WITH_UNIT (LENGTH_MEASURE( 1.000000000000000082E-05 ), #2981, 'distance_accuracy_value', 'NONE');
#4380 = CARTESIAN_POINT ( 'NONE',  ( 0.03222924311542148951, 0.1136077813506119749, 0.4999999999999997780 ) ) ;
#4381 = ORIENTED_EDGE ( 'NONE', *, *, #1015, .F. ) ;
#4382 = EDGE_CURVE ( 'NONE', #5826, #2145, #3193, .T. ) ;
#4383 = CARTESIAN_POINT ( 'NONE',  ( 0.2937676585228967130, 0.1316108928988545812, 0.4989999999999999991 ) ) ;
#4384 = CARTESIAN_POINT ( 'NONE',  ( -0.3269165019221422219, 0.1480251955943655828, 0.4989999999999999991 ) ) ;
#4385 = CARTESIAN_POINT ( 'NONE',  ( -0.03229296563918146457, 0.1336938360932717618, 0.5000000000000000000 ) ) ;
#4386 = CARTESIAN_POINT ( 'NONE',  ( 0.1655355580141043559, -0.08331778055493836710, 0.5000000000000001110 ) ) ;
#4387 = CARTESIAN_POINT ( 'NONE',  ( 0.3673904864916877622, -0.04084540438887843822, 0.4989999999999999991 ) ) ;
#4388 = B_SPLINE_CURVE_WITH_KNOTS ( 'NONE', 3,
 ( #5341, #639, #226, #6509, #738, #2324, #3915, #5990, #1298, #259, #5515, #2362, #4476, #3428, #2978, #887, #1337, #1446, #3532 ),
 .UNSPECIFIED., .F., .F.,
 ( 4, 1, 1, 1, 1, 1, 1, 1, 1, 1, 1, 1, 1, 1, 1, 1, 4 ),
 ( 0.0000000000000000000, 0.1206795854909984977, 0.2305338289379845196, 0.3309550632170780160, 0.4208116729085197294, 0.5011270243297456517, 0.5713493660207026315, 0.6332246655567607130, 0.6858987127109708037, 0.7331104517484663408, 0.7764365142131891551, 0.8173386407956978461, 0.8554870737933412128, 0.8921333757432465816, 0.9276904481916801171, 0.9634616402638018773, 1.000000000000000000 ),
 .UNSPECIFIED. ) ;
#4389 = UNCERTAINTY_MEASURE_WITH_UNIT (LENGTH_MEASURE( 1.000000000000000082E-05 ), #685, 'distance_accuracy_value', 'NONE');
#4390 = CARTESIAN_POINT ( 'NONE',  ( -0.01663265119298354411, -0.07119866027575748324, 0.4989999999999999991 ) ) ;
#4391 = ORIENTED_EDGE ( 'NONE', *, *, #671, .F. ) ;
#4392 =( NAMED_UNIT ( * ) PLANE_ANGLE_UNIT ( ) SI_UNIT ( $, .RADIAN. ) );
#4393 = CARTESIAN_POINT ( 'NONE',  ( -0.2051334446189077287, 0.009207676755688173204, 0.4989999999999999991 ) ) ;
#4394 =( LENGTH_UNIT ( ) NAMED_UNIT ( * ) SI_UNIT ( .MILLI., .METRE. ) );
#4395 = CARTESIAN_POINT ( 'NONE',  ( -0.04539318487864799773, -0.04387673882872740461, 0.5000000000000000000 ) ) ;
#4396 = CARTESIAN_POINT ( 'NONE',  ( -0.08709367189163499945, 0.1632255338985452997, 0.5000000000000000000 ) ) ;
#4397 = CARTESIAN_POINT ( 'NONE',  ( -0.3481919118154149784, -0.1003954948538945263, 0.5000000000000003331 ) ) ;
#4398 = CARTESIAN_POINT ( 'NONE',  ( 0.2463154199731413252, 0.1012564593750137076, 0.5000000000000000000 ) ) ;
#4399 = CARTESIAN_POINT ( 'NONE',  ( 0.1388972332287571332, -0.1294007604797804689, 0.4999999999999997780 ) ) ;
#4400 = DIRECTION ( 'NONE',  ( -2.168404344971008868E-16, 0.0000000000000000000, -1.000000000000000000 ) ) ;
#4401 = CARTESIAN_POINT ( 'NONE',  ( -0.1316230809123281054, 0.0009777135264554441887, 0.5000000000000000000 ) ) ;
#4402 = ORIENTED_EDGE ( 'NONE', *, *, #1440, .F. ) ;
#4403 = CARTESIAN_POINT ( 'NONE',  ( -0.2880155992317002811, 0.1631131192564301557, 0.4989999999999999991 ) ) ;
#4404 = DIRECTION ( 'NONE',  ( 1.000000000000000000, -0.0000000000000000000, 0.0000000000000000000 ) ) ;
#4405 = ORIENTED_EDGE ( 'NONE', *, *, #5164, .T. ) ;
#4406 = CARTESIAN_POINT ( 'NONE',  ( 0.2830085967299088567, 0.007231071425119181550, 0.4989999999999999991 ) ) ;
#4407 = CARTESIAN_POINT ( 'NONE',  ( 0.04883037369563813374, 0.04209822964776981785, 0.4990000000000001101 ) ) ;
#4408 = CARTESIAN_POINT ( 'NONE',  ( 0.06879696539604084060, 0.1178340681311237231, 0.4989999999999999991 ) ) ;
#4409 = CARTESIAN_POINT ( 'NONE',  ( -0.2611418417670103298, -0.1035809638494556706, 0.4999999999999996669 ) ) ;
#4411 = CARTESIAN_POINT ( 'NONE',  ( 0.01701181253710575686, 0.002408134031030801335, 0.5000000000000001110 ) ) ;
#4410 = CARTESIAN_POINT ( 'NONE',  ( -0.09092889916436226738, 0.1320567027297141205, 0.5000000000000000000 ) ) ;
#4412 = CARTESIAN_POINT ( 'NONE',  ( 0.1453541078374177842, 0.02637922621971367995, 0.5000000000000002220 ) ) ;
#4413 = CARTESIAN_POINT ( 'NONE',  ( 0.2531967004216602590, 0.1560147150422159235, 0.5000000000000001110 ) ) ;
#4414 = ORIENTED_EDGE ( 'NONE', *, *, #6265, .F. ) ;
#4415 = FACE_OUTER_BOUND ( 'NONE', #5335, .T. ) ;
#4416 = B_SPLINE_CURVE_WITH_KNOTS ( 'NONE', 3,
 ( #5599, #2619, #6259, #5634, #1433, #6649, #6227, #3141, #1499, #4601, #1036, #6708, #3000, #2079, #6194, #1463, #943, #1565, #4690 ),
 .UNSPECIFIED., .F., .F.,
 ( 4, 1, 1, 1, 1, 1, 1, 1, 1, 1, 1, 1, 1, 1, 1, 1, 4 ),
 ( 0.0000000000000000000, 0.09514348807164518806, 0.1847457720530777392, 0.2683084903083867712, 0.3466242220093578297, 0.4193377299534534197, 0.4872737010492216858, 0.5502487944465246361, 0.6091667059941573426, 0.6639479924279677592, 0.7154822751577647466, 0.7640415713753497817, 0.8109810218191543241, 0.8569367060899879540, 0.9028761937633786872, 0.9504445482262284806, 1.000000000000000000 ),
 .UNSPECIFIED. ) ;
#4417 = CARTESIAN_POINT ( 'NONE',  ( 0.1766358421267636425, 0.003118541669219569799, 0.5000000000000001110 ) ) ;
#4418 =( LENGTH_UNIT ( ) NAMED_UNIT ( * ) SI_UNIT ( .MILLI., .METRE. ) );
#4419 = PLANE ( 'NONE',  #1808 ) ;
#4420 = CARTESIAN_POINT ( 'NONE',  ( 0.3510317012466596664, 0.005255010134992944837, 0.5000000000000001110 ) ) ;
#4421 = ORIENTED_EDGE ( 'NONE', *, *, #1151, .T. ) ;
#4422 = CARTESIAN_POINT ( 'NONE',  ( -0.1077413718608169757, 0.02063295049082103719, 0.4989999999999999991 ) ) ;
#4423 = CARTESIAN_POINT ( 'NONE',  ( 0.1447976813181776623, -0.02343912402562272138, 0.4989999999999999991 ) ) ;
#4424 = CARTESIAN_POINT ( 'NONE',  ( -0.3370639253709778460, -0.1180972743984682466, 0.5000000000000001110 ) ) ;
#4425 = CARTESIAN_POINT ( 'NONE',  ( -0.2842730550085181274, -0.1133978427248312909, 0.4989999999999997771 ) ) ;
#4426 = CARTESIAN_POINT ( 'NONE',  ( 0.2877845748616117416, 0.007381378054389486909, 0.5000000000000001110 ) ) ;
#4427 = PRESENTATION_LAYER_ASSIGNMENT (  '', '', ( #679 ) ) ;
#4428 = CARTESIAN_POINT ( 'NONE',  ( 0.3531092107556248472, 0.1087667530635611224, 0.4999999999999998890 ) ) ;
#4429 = FACE_OUTER_BOUND ( 'NONE', #5614, .T. ) ;
#4430 = AXIS2_PLACEMENT_3D ( 'NONE', #1486, #5688, #1522 ) ;
#4431 = PLANE ( 'NONE',  #1243 ) ;
#4432 = CARTESIAN_POINT ( 'NONE',  ( -0.1371143044850046122, -0.009319634172314718301, 0.4999999999999997780 ) ) ;
#4434 = ORIENTED_EDGE ( 'NONE', *, *, #4916, .F. ) ;
#4433 = DIRECTION ( 'NONE',  ( -0.0000000000000000000, -0.0000000000000000000, 1.000000000000000000 ) ) ;
#4435 = FILL_AREA_STYLE_COLOUR ( '', #6520 ) ;
#4436 = CARTESIAN_POINT ( 'NONE',  ( 0.01694447745901434682, 0.009207676755688173204, 0.5000000000000000000 ) ) ;
#4437 = LINE ( 'NONE', #2769, #170 ) ;
#4438 = ORIENTED_EDGE ( 'NONE', *, *, #112, .F. ) ;
#4439 = SURFACE_STYLE_FILL_AREA ( #3399 ) ;
#4440 = CARTESIAN_POINT ( 'NONE',  ( -0.05600271928721874820, 0.0008229069200715517004, 0.4989999999999999991 ) ) ;
#4441 = STYLED_ITEM ( 'NONE', ( #292 ), #874 ) ;
#4442 = EDGE_CURVE ( 'NONE', #762, #1720, #401, .T. ) ;
#4443 = CARTESIAN_POINT ( 'NONE',  ( -0.2534107226599918161, -0.09407112786315029174, 0.4999999999999996669 ) ) ;
#4446 = CARTESIAN_POINT ( 'NONE',  ( 0.3643772758035924153, -0.02310548259187888281, 0.4990000000000001101 ) ) ;
#4445 = VECTOR ( 'NONE', #1699, 1000.000000000000000 ) ;
#4444 = CARTESIAN_POINT ( 'NONE',  ( 0.05331727891119195789, -0.06271811948527544756, 0.4990000000000001101 ) ) ;
#4447 = CARTESIAN_POINT ( 'NONE',  ( 0.1202422743420233642, 0.1223699634770310379, 0.5000000000000002220 ) ) ;
#4448 = CARTESIAN_POINT ( 'NONE',  ( 0.01709008001430506810, 0.02723960817167099188, 0.4999999999999998890 ) ) ;
#4449 = VERTEX_POINT ( 'NONE', #1866 ) ;
#4450 = CARTESIAN_POINT ( 'NONE',  ( -0.02637387501219182195, 0.01348511406708011520, 0.5000000000000002220 ) ) ;
#4451 = FILL_AREA_STYLE ('',( #239 ) ) ;
#4452 = COLOUR_RGB ( '',0.7686274509803920907, 0.7686274509803920907, 0.7686274509803920907 ) ;
#4453 = CARTESIAN_POINT ( 'NONE',  ( -0.04071890244307531381, 0.1442776461039042279, 0.5000000000000001110 ) ) ;
#4455 =( LENGTH_UNIT ( ) NAMED_UNIT ( * ) SI_UNIT ( .MILLI., .METRE. ) );
#4454 = CARTESIAN_POINT ( 'NONE',  ( 0.1237592223204004582, -0.1393232756009439854, 0.4989999999999998881 ) ) ;
#4456 = B_SPLINE_CURVE_WITH_KNOTS ( 'NONE', 3,
 ( #440, #4162, #3501, #2061, #6243, #3016, #5580 ),
 .UNSPECIFIED., .F., .F.,
 ( 4, 1, 1, 1, 4 ),
 ( 0.0000000000000000000, 0.3075528063716645444, 0.5759055724262159837, 0.8043033581641044760, 1.000000000000000000 ),
 .UNSPECIFIED. ) ;
#4457 = CARTESIAN_POINT ( 'NONE',  ( 0.3150460716643635473, -0.001526266518734293014, 0.4990000000000002212 ) ) ;
#4458 = CARTESIAN_POINT ( 'NONE',  ( 0.1522123346018714740, 0.1315696897427011680, 0.5000000000000000000 ) ) ;
#4459 = COLOUR_RGB ( '',0.7921568627450980005, 0.8196078431372548767, 0.9333333333333333481 ) ;
#4460 = UNCERTAINTY_MEASURE_WITH_UNIT (LENGTH_MEASURE( 1.000000000000000082E-05 ), #1066, 'distance_accuracy_value', 'NONE');
#4461 = CARTESIAN_POINT ( 'NONE',  ( 0.3586809107306929700, -0.007513528459973949775, 0.5000000000000000000 ) ) ;
#4462 = ORIENTED_EDGE ( 'NONE', *, *, #5263, .T. ) ;
#4463 = CARTESIAN_POINT ( 'NONE',  ( 0.2117496722642091544, 0.08919955987257130459, 0.4989999999999999991 ) ) ;
#4464 = CARTESIAN_POINT ( 'NONE',  ( -0.1499316230490167490, 0.1259820543470730470, 0.4989999999999999991 ) ) ;
#4465 =( GEOMETRIC_REPRESENTATION_CONTEXT ( 3 ) GLOBAL_UNCERTAINTY_ASSIGNED_CONTEXT ( ( #2649 ) ) GLOBAL_UNIT_ASSIGNED_CONTEXT ( ( #1420, #3922, #5587 ) ) REPRESENTATION_CONTEXT ( 'NONE', 'WORKASPACE' ) );
#4466 = CARTESIAN_POINT ( 'NONE',  ( -0.3648737043591674389, 0.009207676755688173204, 0.5000000000000001110 ) ) ;
#4467 = SURFACE_SIDE_STYLE ('',( #4571 ) ) ;
#4468 = FACE_OUTER_BOUND ( 'NONE', #213, .T. ) ;
#4469 = MECHANICAL_DESIGN_GEOMETRIC_PRESENTATION_REPRESENTATION (  '', ( #6756 ), #2799 ) ;
#4470 = CARTESIAN_POINT ( 'NONE',  ( 0.5200000000000000178, 0.3499999999999999223, 0.4800000000000000377 ) ) ;
#4471 = EDGE_CURVE ( 'NONE', #3950, #2951, #3884, .T. ) ;
#4472 = CARTESIAN_POINT ( 'NONE',  ( 0.2780171863593650095, 0.1316846461154359549, 0.5000000000000000000 ) ) ;
#4473 = CARTESIAN_POINT ( 'NONE',  ( 0.1655355580141043559, -0.08331778055493836710, 0.5000000000000000000 ) ) ;
#4474 = COLOUR_RGB ( '',0.7686274509803920907, 0.7686274509803920907, 0.7686274509803920907 ) ;
#4475 =( NAMED_UNIT ( * ) SI_UNIT ( $, .STERADIAN. ) SOLID_ANGLE_UNIT ( ) );
#4477 = EDGE_LOOP ( 'NONE', ( #1314, #65, #4513, #5130 ) ) ;
#4476 = CARTESIAN_POINT ( 'NONE',  ( 0.07329957202106884839, -0.1037373534998122515, 0.4989999999999998881 ) ) ;
#4478 = CARTESIAN_POINT ( 'NONE',  ( -0.3033505627856261655, 0.1610319621919648336, 0.4999999999999997780 ) ) ;
#4479 = CARTESIAN_POINT ( 'NONE',  ( -0.2363022757877388802, 0.009329430002441428671, 0.5000000000000000000 ) ) ;
#4480 = VERTEX_POINT ( 'NONE', #1343 ) ;
#4481 = PLANE ( 'NONE',  #1050 ) ;
#4482 = STYLED_ITEM ( 'NONE', ( #6461 ), #5997 ) ;
#4483 = CARTESIAN_POINT ( 'NONE',  ( -0.07065571585451958792, 0.01618927515757200009, 0.4999999999999998890 ) ) ;
#4484 = AXIS2_PLACEMENT_3D ( 'NONE', #2099, #2788, #3769 ) ;
#4485 = CARTESIAN_POINT ( 'NONE',  ( 0.3297621494405061915, 0.02861554773518767275, 0.4989999999999998881 ) ) ;
#4486 =( NAMED_UNIT ( * ) SI_UNIT ( $, .STERADIAN. ) SOLID_ANGLE_UNIT ( ) );
#4487 = CARTESIAN_POINT ( 'NONE',  ( -0.1121186215337942882, 0.01862592653660039010, 0.4989999999999999991 ) ) ;
#4488 = CARTESIAN_POINT ( 'NONE',  ( -0.2842730550085181274, -0.1133978427248312909, 0.4989999999999997771 ) ) ;
#4489 = EDGE_LOOP ( 'NONE', ( #4775, #5520, #5536, #1991 ) ) ;
#4490 = EDGE_CURVE ( 'NONE', #1803, #1547, #3954, .T. ) ;
#4491 = CARTESIAN_POINT ( 'NONE',  ( -0.1152409042239423698, -0.1057645969119617724, 0.4989999999999999991 ) ) ;
#4492 = CARTESIAN_POINT ( 'NONE',  ( -0.07049117261041198956, -0.1061668116866434364, 0.4989999999999998881 ) ) ;
#4493 = LINE ( 'NONE', #4528, #5609 ) ;
#4494 = CARTESIAN_POINT ( 'NONE',  ( 0.2877845748616117416, 0.007381378054389486909, 0.4990000000000001101 ) ) ;
#4495 = DIRECTION ( 'NONE',  ( 0.1240347345892089115, 0.9922778767136676281, 0.0000000000000000000 ) ) ;
#4496 = ORIENTED_EDGE ( 'NONE', *, *, #1994, .T. ) ;
#4497 = CARTESIAN_POINT ( 'NONE',  ( -0.1426511543744757582, -0.03450775511180902144, 0.4989999999999999991 ) ) ;
#4498 = CARTESIAN_POINT ( 'NONE',  ( 0.1403624792448710523, -0.06231043204667922886, 0.4990000000000001101 ) ) ;
#4499 = CARTESIAN_POINT ( 'NONE',  ( -0.2078262302679299567, -0.04193253707804505542, 0.4990000000000001101 ) ) ;
#4500 = CARTESIAN_POINT ( 'NONE',  ( -0.2755426869872290574, 0.1306708458271366724, 0.4990000000000002212 ) ) ;
#4501 = VECTOR ( 'NONE', #914, 1000.000000000000000 ) ;
#4502 = CARTESIAN_POINT ( 'NONE',  ( -0.1148203845835122777, 0.1238872428420599581, 0.5000000000000000000 ) ) ;
#4503 = CARTESIAN_POINT ( 'NONE',  ( -0.01812045760592070898, 0.08919955987257130459, 0.5000000000000000000 ) ) ;
#4504 = CARTESIAN_POINT ( 'NONE',  ( -0.06296337964791492992, 0.1190112801553859789, 0.4989999999999998881 ) ) ;
#4505 = CARTESIAN_POINT ( 'NONE',  ( -0.2144273220965110804, 0.09611892334299379503, 0.4999999999999998890 ) ) ;
#4506 = DIRECTION ( 'NONE',  ( -0.0000000000000000000, -0.0000000000000000000, 1.000000000000000000 ) ) ;
#4507 = MECHANICAL_DESIGN_GEOMETRIC_PRESENTATION_REPRESENTATION (  '', ( #1190 ), #2289 ) ;
#4508 = ADVANCED_FACE ( 'NONE', ( #5959 ), #4481, .T. ) ;
#4509 = ORIENTED_EDGE ( 'NONE', *, *, #4068, .T. ) ;
#4510 = CARTESIAN_POINT ( 'NONE',  ( 0.09699723719927409726, 0.1632255338985452997, 0.4989999999999999991 ) ) ;
#4511 = CARTESIAN_POINT ( 'NONE',  ( -0.3537591191779947408, 0.1020982065975550579, 0.5000000000000002220 ) ) ;
#4512 = LINE ( 'NONE', #6594, #3151 ) ;
#4513 = ORIENTED_EDGE ( 'NONE', *, *, #4382, .T. ) ;
#4514 =( NAMED_UNIT ( * ) SI_UNIT ( $, .STERADIAN. ) SOLID_ANGLE_UNIT ( ) );
#4515 = CARTESIAN_POINT ( 'NONE',  ( -0.05077817867099113786, -0.009784080265331484769, 0.4999999999999997780 ) ) ;
#4516 = CARTESIAN_POINT ( 'NONE',  ( 0.3422851939978142077, 0.04119266727321286431, 0.5000000000000000000 ) ) ;
#4517 = SURFACE_STYLE_USAGE ( .BOTH. , #1309 ) ;
#4518 = ADVANCED_FACE ( 'NONE', ( #2064 ), #989, .F. ) ;
#4519 = CARTESIAN_POINT ( 'NONE',  ( -0.1281752457949398849, 0.005512409362681918584, 0.4989999999999999991 ) ) ;
#4520 = B_SPLINE_CURVE_WITH_KNOTS ( 'NONE', 3,
 ( #2988, #482, #2071, #933, #6120, #4102, #6252, #5122, #414, #1424, #1999 ),
 .UNSPECIFIED., .F., .F.,
 ( 4, 1, 1, 1, 1, 1, 1, 1, 4 ),
 ( 0.0000000000000000000, 0.1362636970460437136, 0.2661210016224258568, 0.3915348370078016171, 0.5154830202755487090, 0.6372123612343771892, 0.7571674882442407384, 0.8771226152541030663, 1.000000000000000000 ),
 .UNSPECIFIED. ) ;
#4521 = CARTESIAN_POINT ( 'NONE',  ( -0.2571776990125180795, -0.09921352014837230004, 0.4989999999999998881 ) ) ;
#4522 = ORIENTED_EDGE ( 'NONE', *, *, #206, .F. ) ;
#4523 = CARTESIAN_POINT ( 'NONE',  ( 0.7800000000000001377, -0.4500000000000000111, 0.4800000000000001488 ) ) ;
#4524 = CARTESIAN_POINT ( 'NONE',  ( -0.09652756146156518668, -0.1132268488832050418, 0.4989999999999999991 ) ) ;
#4525 = CARTESIAN_POINT ( 'NONE',  ( -0.01812045760592070898, 0.08919955987257130459, 0.5000000000000000000 ) ) ;
#4526 = ADVANCED_FACE ( 'NONE', ( #1451 ), #4256, .T. ) ;
#4528 = CARTESIAN_POINT ( 'NONE',  ( -0.5399999999999995914, -0.3499999999999999778, 0.4800000000000000377 ) ) ;
#4527 = CARTESIAN_POINT ( 'NONE',  ( 0.2830320953978763265, -0.1444990501089657153, 0.4999999999999998890 ) ) ;
#4529 = FILL_AREA_STYLE ('',( #1880 ) ) ;
#4530 = UNCERTAINTY_MEASURE_WITH_UNIT (LENGTH_MEASURE( 1.000000000000000082E-05 ), #5317, 'distance_accuracy_value', 'NONE');
#4531 = SURFACE_SIDE_STYLE ('',( #2418 ) ) ;
#4532 = VERTEX_POINT ( 'NONE', #4095 ) ;
#4533 = CARTESIAN_POINT ( 'NONE',  ( 0.1766847371992740501, 0.009207676755688173204, 0.5000000000000000000 ) ) ;
#4534 = FACE_OUTER_BOUND ( 'NONE', #1380, .T. ) ;
#4535 = ADVANCED_FACE ( 'NONE', ( #765 ), #5787, .T. ) ;
#4536 = CARTESIAN_POINT ( 'NONE',  ( -0.2051823396914182196, 0.003118541669219570666, 0.5000000000000000000 ) ) ;
#4537 =( NAMED_UNIT ( * ) PLANE_ANGLE_UNIT ( ) SI_UNIT ( $, .RADIAN. ) );
#4538 = CARTESIAN_POINT ( 'NONE',  ( 0.2652115097110009923, -0.1077361684821846188, 0.5000000000000001110 ) ) ;
#4539 = DIRECTION ( 'NONE',  ( -0.0000000000000000000, -0.0000000000000000000, 1.000000000000000000 ) ) ;
#4540 = SURFACE_STYLE_FILL_AREA ( #2943 ) ;
#4541 = CARTESIAN_POINT ( 'NONE',  ( 0.09663197745901434821, -0.1445666738936624285, 0.5000000000000000000 ) ) ;
#4542 = SURFACE_SIDE_STYLE ('',( #4971 ) ) ;
#4543 = PRESENTATION_LAYER_ASSIGNMENT (  '', '', ( #3992 ) ) ;
#4544 =( GEOMETRIC_REPRESENTATION_CONTEXT ( 3 ) GLOBAL_UNCERTAINTY_ASSIGNED_CONTEXT ( ( #45 ) ) GLOBAL_UNIT_ASSIGNED_CONTEXT ( ( #4455, #4597, #3932 ) ) REPRESENTATION_CONTEXT ( 'NONE', 'WORKASPACE' ) );
#4545 = ORIENTED_EDGE ( 'NONE', *, *, #5989, .F. ) ;
#4546 = CARTESIAN_POINT ( 'NONE',  ( 0.2766876206417958617, 0.03814458761872743797, 0.4999999999999998890 ) ) ;
#4547 = CARTESIAN_POINT ( 'NONE',  ( -0.2705972086702301271, 0.1286922356254946165, 0.4999999999999997780 ) ) ;
#4548 = CARTESIAN_POINT ( 'NONE',  ( 0.01964998015985438065, 0.06062993797285919084, 0.4989999999999998881 ) ) ;
#4549 = ORIENTED_EDGE ( 'NONE', *, *, #2074, .F. ) ;
#4550 = CARTESIAN_POINT ( 'NONE',  ( 0.2126462725533919129, -0.08593944754282506482, 0.4989999999999998881 ) ) ;
#4551 = CARTESIAN_POINT ( 'NONE',  ( -0.05754535534650292994, 0.1120340907766710359, 0.5000000000000000000 ) ) ;
#4552 = CARTESIAN_POINT ( 'NONE',  ( 0.3471543229860291624, 0.04873008906243723320, 0.4990000000000001101 ) ) ;
#4553 = VECTOR ( 'NONE', #6664, 1000.000000000000000 ) ;
#4554 = CARTESIAN_POINT ( 'NONE',  ( 0.1673908597216705874, 0.09611892334299379503, 0.4999999999999998890 ) ) ;
#4555 = CARTESIAN_POINT ( 'NONE',  ( -0.1427957822812453703, -0.04162430376379233632, 0.4989999999999999991 ) ) ;
#4556 = SURFACE_STYLE_USAGE ( .BOTH. , #2956 ) ;
#4557 = CARTESIAN_POINT ( 'NONE',  ( 0.2701912307057675600, 0.03855020922322065918, 0.4989999999999999991 ) ) ;
#4558 = EDGE_LOOP ( 'NONE', ( #1120, #986, #4402, #30 ) ) ;
#4559 = CARTESIAN_POINT ( 'NONE',  ( -0.03083009430901894124, 0.02095169246617895401, 0.4999999999999996669 ) ) ;
#4560 = CARTESIAN_POINT ( 'NONE',  ( 0.09754512680966366533, -0.1133978427248312909, 0.4999999999999997780 ) ) ;
#4562 = CARTESIAN_POINT ( 'NONE',  ( 0.3531092107556248472, 0.1087667530635611224, 0.5000000000000000000 ) ) ;
#4561 = CARTESIAN_POINT ( 'NONE',  ( 0.2325062255070130535, -0.1213734387421058769, 0.4990000000000001101 ) ) ;
#4563 = CARTESIAN_POINT ( 'NONE',  ( 0.3224543388308722669, -0.008540091316666800075, 0.4989999999999999991 ) ) ;
#4564 = CARTESIAN_POINT ( 'NONE',  ( 0.2855930164200532473, -0.1445666738936624285, 0.5000000000000000000 ) ) ;
#4565 = ORIENTED_EDGE ( 'NONE', *, *, #1452, .T. ) ;
#4566 = CARTESIAN_POINT ( 'NONE',  ( 0.1206763400511713796, -0.1035809638494556012, 0.4989999999999997771 ) ) ;
#4567 = VECTOR ( 'NONE', #3159, 1000.000000000000000 ) ;
#4568 = FACE_OUTER_BOUND ( 'NONE', #1350, .T. ) ;
#4569 = CARTESIAN_POINT ( 'NONE',  ( -0.1285373954582074152, 0.03904825797579221380, 0.5000000000000002220 ) ) ;
#4570 = CARTESIAN_POINT ( 'NONE',  ( -0.3164347405750383979, -0.09431653086311318768, 0.4989999999999999991 ) ) ;
#4571 = SURFACE_STYLE_FILL_AREA ( #320 ) ;
#4572 = CARTESIAN_POINT ( 'NONE',  ( 0.2910888920204068309, -0.1133025383769019623, 0.4989999999999999991 ) ) ;
#4573 = EDGE_CURVE ( 'NONE', #1754, #4726, #5754, .T. ) ;
#4574 = CARTESIAN_POINT ( 'NONE',  ( 0.2729209201009057395, -0.1113963700557164122, 0.5000000000000001110 ) ) ;
#4575 = PRESENTATION_LAYER_ASSIGNMENT (  '', '', ( #5533 ) ) ;
#4576 = CARTESIAN_POINT ( 'NONE',  ( 0.09577084317619831422, -0.1133427515082089249, 0.4999999999999998890 ) ) ;
#4577 = DIRECTION ( 'NONE',  ( -2.168404344971008868E-16, 0.0000000000000000000, 1.000000000000000000 ) ) ;
#4578 = CARTESIAN_POINT ( 'NONE',  ( 0.3673904864916877622, -0.04084540438887843822, 0.4989999999999999991 ) ) ;
#4580 = ORIENTED_EDGE ( 'NONE', *, *, #1741, .T. ) ;
#4579 = CARTESIAN_POINT ( 'NONE',  ( -0.2848209446189077232, 0.1632255338985452997, 0.4989999999999999991 ) ) ;
#4581 = CARTESIAN_POINT ( 'NONE',  ( -0.2946412836041630845, -0.1119027074789025467, 0.4999999999999995559 ) ) ;
#4582 = CARTESIAN_POINT ( 'NONE',  ( -0.2615759074761584979, 0.1223699634770310102, 0.5000000000000000000 ) ) ;
#4583 = CARTESIAN_POINT ( 'NONE',  ( 0.03692303875622395676, 0.1239936458895451454, 0.4989999999999999991 ) ) ;
#4584 = ORIENTED_EDGE ( 'NONE', *, *, #289, .F. ) ;
#4585 = CARTESIAN_POINT ( 'NONE',  ( 0.2783454956115668510, 0.1630408072773828765, 0.4999999999999997780 ) ) ;
#4586 = DIRECTION ( 'NONE',  ( -0.0000000000000000000, -0.0000000000000000000, 1.000000000000000000 ) ) ;
#4587 = CARTESIAN_POINT ( 'NONE',  ( 0.1765041019138744449, 0.02906872006113944695, 0.4999999999999997780 ) ) ;
#4588 = CARTESIAN_POINT ( 'NONE',  ( -0.2078262302679299567, -0.04193253707804505542, 0.5000000000000003331 ) ) ;
#4589 = MECHANICAL_DESIGN_GEOMETRIC_PRESENTATION_REPRESENTATION (  '', ( #1727 ), #2599 ) ;
#4590 = CARTESIAN_POINT ( 'NONE',  ( 0.2855930164200532473, -0.1445666738936624285, 0.4989999999999999991 ) ) ;
#4591 = ORIENTED_EDGE ( 'NONE', *, *, #4604, .F. ) ;
#4592 = CARTESIAN_POINT ( 'NONE',  ( -0.7800000000000001377, -0.4500000000000000111, 0.02000000000000005246 ) ) ;
#4593 = PRESENTATION_STYLE_ASSIGNMENT (( #3483 ) ) ;
#4594 = B_SPLINE_CURVE_WITH_KNOTS ( 'NONE', 3,
 ( #3589, #4217, #2045, #4151, #6779, #6230, #1004, #2082, #4185, #1568, #1603, #5741, #1039, #5231, #530, #3303, #4852, #6421, #1673 ),
 .UNSPECIFIED., .F., .F.,
 ( 4, 1, 1, 1, 1, 1, 1, 1, 1, 1, 1, 1, 1, 1, 1, 1, 4 ),
 ( 0.0000000000000000000, 0.04461140070214173609, 0.08771103364401504343, 0.1305519678448845700, 0.1734812435493595373, 0.2172750310008216834, 0.2633226479506833306, 0.3118589299127199066, 0.3634664861580829132, 0.4194362964783542314, 0.4808868625215614867, 0.5492072408141098760, 0.6242104105436929729, 0.7063843999137413565, 0.7964922683424537908, 0.8942066700976123439, 1.000000000000000000 ),
 .UNSPECIFIED. ) ;
#4595 = STYLED_ITEM ( 'NONE', ( #6112 ), #5306 ) ;
#4596 = CARTESIAN_POINT ( 'NONE',  ( -0.05937447383881160057, -0.09489193473374414600, 0.4990000000000002212 ) ) ;
#4597 =( NAMED_UNIT ( * ) PLANE_ANGLE_UNIT ( ) SI_UNIT ( $, .RADIAN. ) );
#4598 = EDGE_CURVE ( 'NONE', #20, #1205, #1252, .T. ) ;
#4599 = CARTESIAN_POINT ( 'NONE',  ( 0.04823994656349572807, 0.1412518975797310006, 0.4989999999999998881 ) ) ;
#4600 = UNCERTAINTY_MEASURE_WITH_UNIT (LENGTH_MEASURE( 1.000000000000000082E-05 ), #3413, 'distance_accuracy_value', 'NONE');
#4601 = CARTESIAN_POINT ( 'NONE',  ( -0.3448951430619580094, 0.1239936458895452426, 0.5000000000000002220 ) ) ;
#4602 = ORIENTED_EDGE ( 'NONE', *, *, #4759, .F. ) ;
#4603 = CARTESIAN_POINT ( 'NONE',  ( -0.1045675235013903415, 0.05188325826762117676, 0.4989999999999998881 ) ) ;
#4604 = EDGE_CURVE ( 'NONE', #754, #3950, #5241, .T. ) ;
#4605 = CARTESIAN_POINT ( 'NONE',  ( -0.2303848926517801099, -0.1145339276333229572, 0.5000000000000001110 ) ) ;
#4606 = CARTESIAN_POINT ( 'NONE',  ( 0.1351544068933251130, 0.1509485394041880646, 0.5000000000000001110 ) ) ;
#4607 = SURFACE_SIDE_STYLE ('',( #4085 ) ) ;
#4608 = FILL_AREA_STYLE_COLOUR ( '', #4616 ) ;
#4609 = PRESENTATION_LAYER_ASSIGNMENT (  '', '', ( #5893 ) ) ;
#4610 =( NAMED_UNIT ( * ) SI_UNIT ( $, .STERADIAN. ) SOLID_ANGLE_UNIT ( ) );
#4611 = DIRECTION ( 'NONE',  ( 0.0000000000000000000, 1.000000000000000000, 0.0000000000000000000 ) ) ;
#4612 = ORIENTED_EDGE ( 'NONE', *, *, #4818, .T. ) ;
#4613 = CARTESIAN_POINT ( 'NONE',  ( 0.3073322466014714593, 0.04824052352072799588, 0.5000000000000001110 ) ) ;
#4614 = DIRECTION ( 'NONE',  ( 0.7071067811865504593, 9.583083854271130395E-16, -0.7071067811865445751 ) ) ;
#4615 = ORIENTED_EDGE ( 'NONE', *, *, #6641, .F. ) ;
#4616 = COLOUR_RGB ( '',1.000000000000000000, 1.000000000000000000, 1.000000000000000000 ) ;
#4617 = FILL_AREA_STYLE_COLOUR ( '', #2160 ) ;
#4618 = CARTESIAN_POINT ( 'NONE',  ( 0.09754512680966366533, -0.1133978427248312909, 0.4999999999999998890 ) ) ;
#4619 = LINE ( 'NONE', #2070, #2909 ) ;
#4620 = FILL_AREA_STYLE ('',( #5151 ) ) ;
#4621 = VERTEX_POINT ( 'NONE', #4776 ) ;
#4622 = CARTESIAN_POINT ( 'NONE',  ( 0.3250707225168737446, -0.09147717363773477661, 0.5000000000000000000 ) ) ;
#4623 = CARTESIAN_POINT ( 'NONE',  ( 0.7800000000000001377, -0.4500000000000000111, 0.02000000000000005246 ) ) ;
#4624 = CARTESIAN_POINT ( 'NONE',  ( -0.08989399656695967744, -0.1445666738936624562, 0.5000000000000000000 ) ) ;
#4625 = FILL_AREA_STYLE_COLOUR ( '', #3787 ) ;
#4626 = ORIENTED_EDGE ( 'NONE', *, *, #3837, .T. ) ;
#4627 =( NAMED_UNIT ( * ) SI_UNIT ( $, .STERADIAN. ) SOLID_ANGLE_UNIT ( ) );
#4628 = CARTESIAN_POINT ( 'NONE',  ( -0.2162826238040774507, -0.08331778055493833934, 0.4989999999999998881 ) ) ;
#4629 = CARTESIAN_POINT ( 'NONE',  ( -0.2705972086702301271, 0.1286922356254946165, 0.4999999999999996669 ) ) ;
#4630 = B_SPLINE_CURVE_WITH_KNOTS ( 'NONE', 3,
 ( #4834, #111, #6434, #1744, #4330, #5435, #1185, #3283, #4268, #6339, #3740, #5908, #5396, #5817, #3222, #6370, #2316, #5068, #1918 ),
 .UNSPECIFIED., .F., .F.,
 ( 4, 1, 1, 1, 1, 1, 1, 1, 1, 1, 1, 1, 1, 1, 1, 1, 4 ),
 ( 0.0000000000000000000, 0.03481888132959226612, 0.06891955580719819063, 0.1034513888417891575, 0.1390496088211285453, 0.1771753219263879076, 0.2179403376185281571, 0.2619036500779326482, 0.3097653282277579301, 0.3632138529075506495, 0.4256205765081692571, 0.4969126734317582117, 0.5776735780836566025, 0.6680265813160586319, 0.7686823766893837728, 0.8792939339028130741, 1.000000000000000000 ),
 .UNSPECIFIED. ) ;
#4631 = FILL_AREA_STYLE ('',( #3595 ) ) ;
#4632 = CARTESIAN_POINT ( 'NONE',  ( -0.08709367189163499945, 0.1632255338985452997, 0.4989999999999999991 ) ) ;
#4633 = CARTESIAN_POINT ( 'NONE',  ( 0.3301217493159399052, 0.1462769257909473097, 0.4990000000000001101 ) ) ;
#4634 = CARTESIAN_POINT ( 'NONE',  ( -0.1451307371550470127, 0.05305545616126109559, 0.4999999999999998890 ) ) ;
#4635 = CARTESIAN_POINT ( 'NONE',  ( 0.01694447745901434682, 0.009207676755688173204, 0.4989999999999999991 ) ) ;
#4636 = CARTESIAN_POINT ( 'NONE',  ( 0.1632411210841495375, 0.1093140923355265526, 0.4990000000000001101 ) ) ;
#4637 = ORIENTED_EDGE ( 'NONE', *, *, #1921, .T. ) ;
#4638 = CARTESIAN_POINT ( 'NONE',  ( 0.3558547331746577114, 0.08788359136351599210, 0.4990000000000001101 ) ) ;
#4639 = ORIENTED_EDGE ( 'NONE', *, *, #214, .F. ) ;
#4640 =( NAMED_UNIT ( * ) SI_UNIT ( $, .STERADIAN. ) SOLID_ANGLE_UNIT ( ) );
#4641 = CARTESIAN_POINT ( 'NONE',  ( -0.3235250056400668095, 0.09950286129776174382, 0.4989999999999998881 ) ) ;
#4643 = COLOUR_RGB ( '',0.0000000000000000000, 0.0000000000000000000, 0.0000000000000000000 ) ;
#4642 = CARTESIAN_POINT ( 'NONE',  ( 0.2078535683681052015, -0.05885238817937674116, 0.5000000000000000000 ) ) ;
#4644 = CARTESIAN_POINT ( 'NONE',  ( -0.5399999999999999245, 0.4500000000000000111, 0.4800000000000000377 ) ) ;
#4645 = CARTESIAN_POINT ( 'NONE',  ( -0.3481919118154149784, -0.1003954948538945263, 0.4990000000000003322 ) ) ;
#4646 = CARTESIAN_POINT ( 'NONE',  ( 0.3492131013988536981, -0.1114814792427511608, 0.4989999999999998881 ) ) ;
#4647 = ORIENTED_EDGE ( 'NONE', *, *, #3071, .F. ) ;
#4648 = COLOUR_RGB ( '',1.000000000000000000, 1.000000000000000000, 1.000000000000000000 ) ;
#4649 = FACE_OUTER_BOUND ( 'NONE', #2113, .T. ) ;
#4650 =( GEOMETRIC_REPRESENTATION_CONTEXT ( 3 ) GLOBAL_UNCERTAINTY_ASSIGNED_CONTEXT ( ( #5811 ) ) GLOBAL_UNIT_ASSIGNED_CONTEXT ( ( #2831, #6433, #1217 ) ) REPRESENTATION_CONTEXT ( 'NONE', 'WORKASPACE' ) );
#4651 = CARTESIAN_POINT ( 'NONE',  ( -0.1331163991643622702, 0.09924420272971415380, 0.5000000000000000000 ) ) ;
#4652 = FILL_AREA_STYLE ('',( #3618 ) ) ;
#4653 = UNCERTAINTY_MEASURE_WITH_UNIT (LENGTH_MEASURE( 1.000000000000000082E-05 ), #1800, 'distance_accuracy_value', 'NONE');
#4654 = CARTESIAN_POINT ( 'NONE',  ( -0.04872105993215068015, -0.01570441219663270410, 0.4990000000000001101 ) ) ;
#4655 = VERTEX_POINT ( 'NONE', #1288 ) ;
#4656 = CARTESIAN_POINT ( 'NONE',  ( 0.2417489876497620482, -0.06852521811738065960, 0.4989999999999999991 ) ) ;
#4657 =( LENGTH_UNIT ( ) NAMED_UNIT ( * ) SI_UNIT ( .MILLI., .METRE. ) );
#4658 = SURFACE_STYLE_USAGE ( .BOTH. , #1467 ) ;
#4659 = CARTESIAN_POINT ( 'NONE',  ( 0.3073322466014714593, 0.04824052352072799588, 0.5000000000000001110 ) ) ;
#4660 = PRESENTATION_LAYER_ASSIGNMENT (  '', '', ( #6074 ) ) ;
#4661 =( GEOMETRIC_REPRESENTATION_CONTEXT ( 3 ) GLOBAL_UNCERTAINTY_ASSIGNED_CONTEXT ( ( #5875 ) ) GLOBAL_UNIT_ASSIGNED_CONTEXT ( ( #6207, #3118, #83 ) ) REPRESENTATION_CONTEXT ( 'NONE', 'WORKASPACE' ) );
#4662 = SURFACE_STYLE_USAGE ( .BOTH. , #1540 ) ;
#4663 = CARTESIAN_POINT ( 'NONE',  ( -0.01919271119282158627, 0.09783464047570662736, 0.4989999999999998881 ) ) ;
#4664 = VECTOR ( 'NONE', #5739, 1000.000000000000000 ) ;
#4665 = CARTESIAN_POINT ( 'NONE',  ( 0.3364249969395338713, -0.05063404402353259559, 0.4989999999999999991 ) ) ;
#4666 = CARTESIAN_POINT ( 'NONE',  ( 0.2524974153431018831, -0.09487035128229406866, 0.5000000000000000000 ) ) ;
#4667 =( LENGTH_UNIT ( ) NAMED_UNIT ( * ) SI_UNIT ( .MILLI., .METRE. ) );
#4668 = DIRECTION ( 'NONE',  ( 0.9922778767136676281, 0.1240347345892084535, 0.0000000000000000000 ) ) ;
#4669 = CARTESIAN_POINT ( 'NONE',  ( 0.3240811268349464425, -0.1343577958822543827, 0.4989999999999999991 ) ) ;
#4670 = ORIENTED_EDGE ( 'NONE', *, *, #5631, .F. ) ;
#4671 = EDGE_CURVE ( 'NONE', #1938, #1526, #6636, .T. ) ;
#4672 = CARTESIAN_POINT ( 'NONE',  ( -0.2842730550085181274, -0.1133978427248312909, 0.4989999999999999991 ) ) ;
#4673 = MECHANICAL_DESIGN_GEOMETRIC_PRESENTATION_REPRESENTATION (  '', ( #3127 ), #5854 ) ;
#4674 = CARTESIAN_POINT ( 'NONE',  ( 0.01808333035340079289, 0.04450253193274574665, 0.4990000000000001101 ) ) ;
#4675 = ORIENTED_EDGE ( 'NONE', *, *, #889, .F. ) ;
#4676 = PRESENTATION_STYLE_ASSIGNMENT (( #4709 ) ) ;
#4677 = CARTESIAN_POINT ( 'NONE',  ( 0.1112209731479515962, 0.1286922356254947553, 0.5000000000000002220 ) ) ;
#4678 = CARTESIAN_POINT ( 'NONE',  ( -0.09360747059293371419, 0.02296579363880507305, 0.4989999999999999991 ) ) ;
#4679 = B_SPLINE_SURFACE_WITH_KNOTS ( 'NONE', 3, 1, ( 
 ( #3425, #507 ),
 ( #3081, #3710 ),
 ( #438, #2664 ),
 ( #6303, #6172 ),
 ( #4160, #1051 ),
 ( #1986, #4705 ),
 ( #2534, #2565 ),
 ( #6268, #3635 ),
 ( #4090, #6241 ),
 ( #4228, #1478 ),
 ( #2631, #5713 ),
 ( #565, #2604 ),
 ( #4669, #3566 ),
 ( #6794, #1577 ),
 ( #5681, #1086 ),
 ( #5750, #5648 ),
 ( #3187, #2096 ),
 ( #1513, #953 ),
 ( #1616, #3048 ) ),
 .UNSPECIFIED., .F., .F., .F.,
 ( 4, 1, 1, 1, 1, 1, 1, 1, 1, 1, 1, 1, 1, 1, 1, 1, 4 ),
 ( 2, 2 ),
 ( 0.0000000000000000000, 0.07299823311530313774, 0.1425151470928461561, 0.2102806538676657289, 0.2755108543094944018, 0.3397595173215647302, 0.4026892954439158512, 0.4662961870399116027, 0.5298895770136993200, 0.5925945618138374060, 0.6527761800677834847, 0.7116580061190114215, 0.7689098416905512101, 0.8256141046783275206, 0.8826237818447227879, 0.9405120262693222877, 1.000000000000000000 ),
 ( 0.0000000000000000000, 1.000000000000000000 ),
 .UNSPECIFIED. ) ;
#4680 = CARTESIAN_POINT ( 'NONE',  ( -0.3233642564364211935, -0.08126327182998736853, 0.4999999999999996669 ) ) ;
#4681 = CARTESIAN_POINT ( 'NONE',  ( -0.2203226586516111307, -0.09488909288150075561, 0.4989999999999999991 ) ) ;
#4682 = DIRECTION ( 'NONE',  ( 0.9958932064677036289, -0.09053574604252112579, 0.0000000000000000000 ) ) ;
#4683 = ORIENTED_EDGE ( 'NONE', *, *, #5339, .T. ) ;
#4684 = CARTESIAN_POINT ( 'NONE',  ( 0.3095533664911142013, -0.1066171065532119516, 0.5000000000000000000 ) ) ;
#4685 = CARTESIAN_POINT ( 'NONE',  ( -0.1468554209429180912, 0.02873693364841935563, 0.5000000000000001110 ) ) ;
#4686 =( GEOMETRIC_REPRESENTATION_CONTEXT ( 3 ) GLOBAL_UNCERTAINTY_ASSIGNED_CONTEXT ( ( #1564 ) ) GLOBAL_UNIT_ASSIGNED_CONTEXT ( ( #1367, #5102, #282 ) ) REPRESENTATION_CONTEXT ( 'NONE', 'WORKASPACE' ) );
#4688 = CARTESIAN_POINT ( 'NONE',  ( -0.08389143208108815197, 0.02194647836951136091, 0.4999999999999998890 ) ) ;
#4687 = CARTESIAN_POINT ( 'NONE',  ( 0.2103894496822635851, -0.07737527799861144973, 0.5000000000000000000 ) ) ;
#4689 = CARTESIAN_POINT ( 'NONE',  ( 0.09699723719927409726, 0.1632255338985452997, 0.5000000000000006661 ) ) ;
#4690 = CARTESIAN_POINT ( 'NONE',  ( -0.2848209446189077232, 0.1632255338985452997, 0.5000000000000000000 ) ) ;
#4691 = ORIENTED_EDGE ( 'NONE', *, *, #380, .F. ) ;
#4692 = CARTESIAN_POINT ( 'NONE',  ( 0.2815135687612626558, -0.1132477955154768817, 0.4990000000000001101 ) ) ;
#4693 = SURFACE_STYLE_USAGE ( .BOTH. , #5161 ) ;
#4694 = CARTESIAN_POINT ( 'NONE',  ( -0.04928928877475188125, 0.08530345597646739331, 0.5000000000000000000 ) ) ;
#4695 =( GEOMETRIC_REPRESENTATION_CONTEXT ( 3 ) GLOBAL_UNCERTAINTY_ASSIGNED_CONTEXT ( ( #2932 ) ) GLOBAL_UNIT_ASSIGNED_CONTEXT ( ( #5455, #1242, #2852 ) ) REPRESENTATION_CONTEXT ( 'NONE', 'WORKASPACE' ) );
#4696 = MECHANICAL_DESIGN_GEOMETRIC_PRESENTATION_REPRESENTATION (  '', ( #4152 ), #6116 ) ;
#4697 = CARTESIAN_POINT ( 'NONE',  ( 0.2117496722642091544, 0.08919955987257130459, 0.4989999999999999991 ) ) ;
#4698 = CARTESIAN_POINT ( 'NONE',  ( -0.2819705474390417632, -0.1444567335670743913, 0.5000000000000000000 ) ) ;
#4699 = DIRECTION ( 'NONE',  ( 0.0000000000000000000, 1.000000000000000000, 0.0000000000000000000 ) ) ;
#4700 = CARTESIAN_POINT ( 'NONE',  ( -0.2364640739807641057, 0.02637922621971367995, 0.5000000000000001110 ) ) ;
#4701 = CARTESIAN_POINT ( 'NONE',  ( 0.3125053826566164816, 0.1578106403023426807, 0.4989999999999999991 ) ) ;
#4702 = CARTESIAN_POINT ( 'NONE',  ( -0.3637348514647811837, 0.04450253193274573971, 0.5000000000000001110 ) ) ;
#4703 = CARTESIAN_POINT ( 'NONE',  ( -0.1434948733920920205, 0.06392623784859502445, 0.5000000000000000000 ) ) ;
#4704 = CARTESIAN_POINT ( 'NONE',  ( -0.2404054889788697913, 0.1454899260265473948, 0.4989999999999998881 ) ) ;
#4705 = CARTESIAN_POINT ( 'NONE',  ( 0.3617224939110490478, -0.08801873445203817203, 0.4999999999999998890 ) ) ;
#4706 = ORIENTED_EDGE ( 'NONE', *, *, #4227, .F. ) ;
#4707 = CARTESIAN_POINT ( 'NONE',  ( -0.1469962692942324012, 0.01559972221023363075, 0.4989999999999999991 ) ) ;
#4708 = EDGE_LOOP ( 'NONE', ( #5081, #5184, #1617, #688, #2272 ) ) ;
#4709 = SURFACE_STYLE_USAGE ( .BOTH. , #3052 ) ;
#4710 = CARTESIAN_POINT ( 'NONE',  ( -0.1308426612642819009, -0.1315282682552996463, 0.5000000000000000000 ) ) ;
#4711 = CARTESIAN_POINT ( 'NONE',  ( -0.3337048731903362597, 0.009329430002441428671, 0.4989999999999999991 ) ) ;
#4712 = COLOUR_RGB ( '',0.7921568627450980005, 0.8196078431372548767, 0.9333333333333333481 ) ;
#4713 = ADVANCED_FACE ( 'NONE', ( #1091 ), #5465, .F. ) ;
#4714 = CARTESIAN_POINT ( 'NONE',  ( 0.2450164125862964726, 0.09624364713823857498, 0.4989999999999999991 ) ) ;
#4715 = SURFACE_STYLE_FILL_AREA ( #3682 ) ;
#4716 = COLOUR_RGB ( '',1.000000000000000000, 1.000000000000000000, 1.000000000000000000 ) ;
#4717 = CARTESIAN_POINT ( 'NONE',  ( -0.2346508800321436827, 0.1389771582972161579, 0.5000000000000002220 ) ) ;
#4718 = FACE_OUTER_BOUND ( 'NONE', #484, .T. ) ;
#4719 = ORIENTED_EDGE ( 'NONE', *, *, #682, .T. ) ;
#4720 = COLOUR_RGB ( '',0.7921568627450980005, 0.8196078431372548767, 0.9333333333333333481 ) ;
#4721 = PRESENTATION_STYLE_ASSIGNMENT (( #2613 ) ) ;
#4722 = CARTESIAN_POINT ( 'NONE',  ( -0.1560913750235029540, -0.1015343834011987190, 0.4989999999999999991 ) ) ;
#4723 = CARTESIAN_POINT ( 'NONE',  ( 0.01808333035340079289, 0.04450253193274574665, 0.4990000000000001101 ) ) ;
#4724 = UNCERTAINTY_MEASURE_WITH_UNIT (LENGTH_MEASURE( 1.000000000000000082E-05 ), #1442, 'distance_accuracy_value', 'NONE');
#4725 = PRESENTATION_STYLE_ASSIGNMENT (( #650 ) ) ;
#4726 = VERTEX_POINT ( 'NONE', #4742 ) ;
#4727 = CARTESIAN_POINT ( 'NONE',  ( 0.2417489876497620482, -0.06852521811738065960, 0.5000000000000000000 ) ) ;
#4728 = PRESENTATION_STYLE_ASSIGNMENT (( #4658 ) ) ;
#4729 = SURFACE_SIDE_STYLE ('',( #5704 ) ) ;
#4730 = EDGE_CURVE ( 'NONE', #1205, #5344, #23, .T. ) ;
#4731 = CARTESIAN_POINT ( 'NONE',  ( -0.08485647356224870763, 0.05405044976982265742, 0.4990000000000002212 ) ) ;
#4732 = B_SPLINE_CURVE_WITH_KNOTS ( 'NONE', 3,
 ( #5993, #229, #262, #6593, #5442, #3881, #5409, #1784, #3294, #3325, #741, #2260, #4941, #3952, #2327, #6033, #1895, #1823, #4436 ),
 .UNSPECIFIED., .F., .F.,
 ( 4, 1, 1, 1, 1, 1, 1, 1, 1, 1, 1, 1, 1, 1, 1, 1, 4 ),
 ( 0.0000000000000000000, 0.04461140070214173609, 0.08771103364401504343, 0.1305519678448845700, 0.1734812435493595373, 0.2172750310008216834, 0.2633226479506833306, 0.3118589299127199066, 0.3634664861580829132, 0.4194362964783542314, 0.4808868625215614867, 0.5492072408141098760, 0.6242104105436929729, 0.7063843999137413565, 0.7964922683424537908, 0.8942066700976123439, 1.000000000000000000 ),
 .UNSPECIFIED. ) ;
#4733 = CARTESIAN_POINT ( 'NONE',  ( -0.1469962692942324012, 0.01559972221023363075, 0.5000000000000000000 ) ) ;
#4734 = DIRECTION ( 'NONE',  ( -0.0000000000000000000, -0.0000000000000000000, 1.000000000000000000 ) ) ;
#4735 = CARTESIAN_POINT ( 'NONE',  ( 0.2779876286481147152, -0.1443658457147492247, 0.4989999999999998881 ) ) ;
#4736 = EDGE_CURVE ( 'NONE', #6795, #4739, #4279, .T. ) ;
#4737 = CARTESIAN_POINT ( 'NONE',  ( -0.1194696950148751713, -0.1023286801544689845, 0.4990000000000001101 ) ) ;
#4738 = CARTESIAN_POINT ( 'NONE',  ( 0.1522123346018714740, 0.1315696897427011680, 0.4989999999999999991 ) ) ;
#4739 = VERTEX_POINT ( 'NONE', #1468 ) ;
#4740 = DIRECTION ( 'NONE',  ( -0.0000000000000000000, 1.000000000000000000, 0.0000000000000000000 ) ) ;
#4741 = ORIENTED_EDGE ( 'NONE', *, *, #5245, .F. ) ;
#4742 = CARTESIAN_POINT ( 'NONE',  ( -0.4999999999999998890, 0.4500000000000000111, 0.5000000000000000000 ) ) ;
#4743 = CARTESIAN_POINT ( 'NONE',  ( -0.1738991316675429777, -0.004734699249161880563, 0.5000000000000001110 ) ) ;
#4744 = CARTESIAN_POINT ( 'NONE',  ( -0.08389143208108815197, 0.02194647836951136091, 0.4989999999999998881 ) ) ;
#4745 = CARTESIAN_POINT ( 'NONE',  ( 0.2380628579740577400, -0.1268085364366197676, 0.5000000000000000000 ) ) ;
#4746 = CARTESIAN_POINT ( 'NONE',  ( -0.2848209446189077232, 0.1632255338985452997, 0.5000000000000000000 ) ) ;
#4747 = SURFACE_SIDE_STYLE ('',( #3130 ) ) ;
#4748 = ORIENTED_EDGE ( 'NONE', *, *, #6460, .F. ) ;
#4749 = PLANE ( 'NONE',  #3022 ) ;
#4750 = STYLED_ITEM ( 'NONE', ( #2448 ), #397 ) ;
#4751 = CARTESIAN_POINT ( 'NONE',  ( -0.1609533302537755617, -0.09094363780205937109, 0.4989999999999999991 ) ) ;
#4753 = CARTESIAN_POINT ( 'NONE',  ( -0.07924841908025068160, 0.02064106499926205568, 0.5000000000000002220 ) ) ;
#4752 = CARTESIAN_POINT ( 'NONE',  ( 0.2833023362515211807, 0.1319303825845181966, 0.4989999999999998881 ) ) ;
#4754 = CARTESIAN_POINT ( 'NONE',  ( -0.05613904857511893554, -0.09000914884371062630, 0.4999999999999996669 ) ) ;
#4755 = COLOUR_RGB ( '',0.7686274509803920907, 0.7686274509803920907, 0.7686274509803920907 ) ;
#4756 = CARTESIAN_POINT ( 'NONE',  ( -0.1296188715969913141, 0.1488269590900563322, 0.5000000000000001110 ) ) ;
#4757 = ORIENTED_EDGE ( 'NONE', *, *, #3593, .F. ) ;
#4758 = CARTESIAN_POINT ( 'NONE',  ( 0.2689340986134819422, -0.1098375079821985317, 0.4989999999999998881 ) ) ;
#4759 = EDGE_CURVE ( 'NONE', #4621, #1593, #4013, .T. ) ;
#4760 = CARTESIAN_POINT ( 'NONE',  ( 0.3137328773940721849, 0.1197572002831547439, 0.4990000000000001101 ) ) ;
#4761 = CARTESIAN_POINT ( 'NONE',  ( 0.2802173764505391795, 0.03818461884937796730, 0.4999999999999998890 ) ) ;
#4762 = LINE ( 'NONE', #4697, #2662 ) ;
#4763 = CARTESIAN_POINT ( 'NONE',  ( 0.3362623107553748270, -0.04435125495989998556, 0.4990000000000001101 ) ) ;
#4764 = CARTESIAN_POINT ( 'NONE',  ( -0.02006807507870233057, -0.08446720488111582326, 0.4989999999999999991 ) ) ;
#4765 = EDGE_CURVE ( 'NONE', #3241, #2428, #1404, .T. ) ;
#4766 = CARTESIAN_POINT ( 'NONE',  ( -0.01434863946439590525, -0.04765786096583923825, 0.4989999999999999991 ) ) ;
#4767 = AXIS2_PLACEMENT_3D ( 'NONE', #982, #4194, #3012 ) ;
#4768 = VECTOR ( 'NONE', #585, 1000.000000000000000 ) ;
#4769 = CARTESIAN_POINT ( 'NONE',  ( 0.1315981278452514891, -0.1349110276354183735, 0.4989999999999999991 ) ) ;
#4770 = CARTESIAN_POINT ( 'NONE',  ( -0.2848209446189077232, 0.1632255338985452997, 0.4989999999999999991 ) ) ;
#4771 = CARTESIAN_POINT ( 'NONE',  ( 0.1733855896089355475, 0.06542874343083539268, 0.4989999999999997771 ) ) ;
#4772 = EDGE_CURVE ( 'NONE', #3327, #3336, #4100, .T. ) ;
#4773 = VERTEX_POINT ( 'NONE', #3524 ) ;
#4774 = CARTESIAN_POINT ( 'NONE',  ( -0.1452314536948126900, 0.01863820188757165167, 0.4989999999999999991 ) ) ;
#4775 = ORIENTED_EDGE ( 'NONE', *, *, #772, .T. ) ;
#4776 = CARTESIAN_POINT ( 'NONE',  ( 0.3675938281083649395, -0.05026878428327285347, 0.4990000000000001101 ) ) ;
#4777 = CARTESIAN_POINT ( 'NONE',  ( -0.09307080687456126267, 0.1319772316438897197, 0.4989999999999999991 ) ) ;
#4778 = DIRECTION ( 'NONE',  ( 0.0000000000000000000, 1.000000000000000000, 0.0000000000000000000 ) ) ;
#4780 = FACE_OUTER_BOUND ( 'NONE', #1384, .T. ) ;
#4779 = COLOUR_RGB ( '',1.000000000000000000, 1.000000000000000000, 1.000000000000000000 ) ;
#4781 = ORIENTED_EDGE ( 'NONE', *, *, #6351, .T. ) ;
#4782 = CARTESIAN_POINT ( 'NONE',  ( 0.5399999999999999245, 0.3499999999999999778, 0.5000000000000000000 ) ) ;
#4783 = CARTESIAN_POINT ( 'NONE',  ( -0.3648737043591674389, 0.009207676755688173204, 0.4989999999999999991 ) ) ;
#4784 = ORIENTED_EDGE ( 'NONE', *, *, #5784, .T. ) ;
#4785 = CARTESIAN_POINT ( 'NONE',  ( 0.05552375954051305684, 0.09095850755464338078, 0.4990000000000002212 ) ) ;
#4786 =( GEOMETRIC_REPRESENTATION_CONTEXT ( 3 ) GLOBAL_UNCERTAINTY_ASSIGNED_CONTEXT ( ( #5534 ) ) GLOBAL_UNIT_ASSIGNED_CONTEXT ( ( #379, #2991, #2485 ) ) REPRESENTATION_CONTEXT ( 'NONE', 'WORKASPACE' ) );
#4787 = CARTESIAN_POINT ( 'NONE',  ( -0.1469962692942324012, 0.01559972221023363075, 0.5000000000000000000 ) ) ;
#4788 = CARTESIAN_POINT ( 'NONE',  ( 0.2584384517676098225, 0.1214301811458735614, 0.4989999999999998881 ) ) ;
#4789 = CARTESIAN_POINT ( 'NONE',  ( -0.05316205733877078093, -0.08474020367056749048, 0.4989999999999998881 ) ) ;
#4790 = STYLED_ITEM ( 'NONE', ( #3496 ), #4280 ) ;
#4791 = UNCERTAINTY_MEASURE_WITH_UNIT (LENGTH_MEASURE( 1.000000000000000082E-05 ), #2611, 'distance_accuracy_value', 'NONE');
#4792 = CARTESIAN_POINT ( 'NONE',  ( 0.2153356136421761824, 0.1063012076345939971, 0.4999999999999998890 ) ) ;
#4793 = ORIENTED_EDGE ( 'NONE', *, *, #6416, .F. ) ;
#4794 = DIRECTION ( 'NONE',  ( 1.000000000000000000, 0.0000000000000000000, 0.0000000000000000000 ) ) ;
#4795 = CARTESIAN_POINT ( 'NONE',  ( 0.3245724234269249386, 0.08155547187482746485, 0.5000000000000000000 ) ) ;
#4796 = PRESENTATION_LAYER_ASSIGNMENT (  '', '', ( #3806 ) ) ;
#4797 = CARTESIAN_POINT ( 'NONE',  ( -0.05338930803748097309, 0.04389351399910692425, 0.4990000000000001101 ) ) ;
#4798 = ADVANCED_FACE ( 'NONE', ( #4568 ), #806, .T. ) ;
#4799 = CARTESIAN_POINT ( 'NONE',  ( -0.2051334446189077287, 0.009207676755688173204, 0.4989999999999999991 ) ) ;
#4800 = CARTESIAN_POINT ( 'NONE',  ( 0.3354455979185854142, 0.01860219055983620973, 0.4990000000000001101 ) ) ;
#4801 = UNCERTAINTY_MEASURE_WITH_UNIT (LENGTH_MEASURE( 1.000000000000000082E-05 ), #6333, 'distance_accuracy_value', 'NONE');
#4802 = PRESENTATION_LAYER_ASSIGNMENT (  '', '', ( #1727 ) ) ;
#4803 = EDGE_CURVE ( 'NONE', #5173, #521, #845, .T. ) ;
#4804 =( GEOMETRIC_REPRESENTATION_CONTEXT ( 3 ) GLOBAL_UNCERTAINTY_ASSIGNED_CONTEXT ( ( #6573 ) ) GLOBAL_UNIT_ASSIGNED_CONTEXT ( ( #6797, #5937, #2212 ) ) REPRESENTATION_CONTEXT ( 'NONE', 'WORKASPACE' ) );
#4805 = CARTESIAN_POINT ( 'NONE',  ( -0.1062202987375197583, -0.1107691716536142873, 0.4999999999999998890 ) ) ;
#4806 = CARTESIAN_POINT ( 'NONE',  ( -0.01955324486174004478, -0.003122570958754485818, 0.4989999999999999991 ) ) ;
#4807 = ORIENTED_EDGE ( 'NONE', *, *, #1790, .T. ) ;
#4808 = LINE ( 'NONE', #5242, #5680 ) ;
#4809 = ADVANCED_FACE ( 'NONE', ( #317 ), #3304, .T. ) ;
#4810 = SURFACE_STYLE_FILL_AREA ( #2221 ) ;
#4811 = LINE ( 'NONE', #5952, #1689 ) ;
#4813 = ORIENTED_EDGE ( 'NONE', *, *, #6265, .T. ) ;
#4812 = CARTESIAN_POINT ( 'NONE',  ( -0.2296058472163103048, 0.1315696897427011680, 0.5000000000000000000 ) ) ;
#4814 = CARTESIAN_POINT ( 'NONE',  ( -0.2910832556656711145, 0.1318891510754306717, 0.4989999999999999991 ) ) ;
#4815 = DIRECTION ( 'NONE',  ( -1.000000000000000000, 0.0000000000000000000, 1.563753133392554301E-16 ) ) ;
#4816 = ORIENTED_EDGE ( 'NONE', *, *, #6687, .T. ) ;
#4817 = CARTESIAN_POINT ( 'NONE',  ( 0.09571882810836498945, 0.1320567027297141205, 0.5000000000000000000 ) ) ;
#4818 = EDGE_CURVE ( 'NONE', #5652, #6485, #5638, .T. ) ;
#4819 = CARTESIAN_POINT ( 'NONE',  ( -0.2792702520892186291, -0.1132250639287294691, 0.4999999999999997780 ) ) ;
#4820 = VECTOR ( 'NONE', #864, 1000.000000000000000 ) ;
#4822 = CARTESIAN_POINT ( 'NONE',  ( 0.05755366692527084244, -0.1311780678248185839, 0.5000000000000002220 ) ) ;
#4821 = CARTESIAN_POINT ( 'NONE',  ( -0.08680553610769864425, 0.1319072187009056596, 0.4999999999999998890 ) ) ;
#4823 = CARTESIAN_POINT ( 'NONE',  ( -0.04878580912739297060, -0.07279567428777417026, 0.4999999999999998890 ) ) ;
#4824 = CARTESIAN_POINT ( 'NONE',  ( 0.2280618550261665489, 0.1340671082683962123, 0.5000000000000001110 ) ) ;
#4825 = ORIENTED_EDGE ( 'NONE', *, *, #1421, .T. ) ;
#4826 = CARTESIAN_POINT ( 'NONE',  ( 0.07279325494502121574, 0.1221744617514145120, 0.5000000000000001110 ) ) ;
#4827 = CARTESIAN_POINT ( 'NONE',  ( -0.3537591191779947408, 0.1020982065975550579, 0.4990000000000002212 ) ) ;
#4828 = STYLED_ITEM ( 'NONE', ( #3802 ), #6726 ) ;
#4829 = CARTESIAN_POINT ( 'NONE',  ( -0.2084325922092460370, 0.06542874343083540656, 0.4989999999999998881 ) ) ;
#4830 = CARTESIAN_POINT ( 'NONE',  ( -0.2843075421133429148, 0.1319913547441743384, 0.4990000000000001101 ) ) ;
#4831 = DIRECTION ( 'NONE',  ( 1.000000000000000000, 0.0000000000000000000, -0.0000000000000000000 ) ) ;
#4832 = CARTESIAN_POINT ( 'NONE',  ( -0.03718900113705653904, -0.1182121282717181338, 0.5000000000000000000 ) ) ;
#4833 = CARTESIAN_POINT ( 'NONE',  ( -0.3172272750321886714, -0.1360515706902424293, 0.4989999999999999991 ) ) ;
#4834 = CARTESIAN_POINT ( 'NONE',  ( -0.2860993537098168171, 0.1320567027297141205, 0.5000000000000000000 ) ) ;
#4835 = CARTESIAN_POINT ( 'NONE',  ( -0.03591083516167241363, 0.02780549444043576082, 0.4990000000000001101 ) ) ;
#4836 = ORIENTED_EDGE ( 'NONE', *, *, #2859, .F. ) ;
#4837 = CARTESIAN_POINT ( 'NONE',  ( -0.1726866609042556344, -0.03452073478758975467, 0.5000000000000000000 ) ) ;
#4838 = CARTESIAN_POINT ( 'NONE',  ( -0.4999999999999998890, -0.4500000000000000111, 0.5000000000000000000 ) ) ;
#4839 = B_SPLINE_SURFACE_WITH_KNOTS ( 'NONE', 3, 1, ( 
 ( #2470, #1449 ),
 ( #4766, #3704 ),
 ( #5780, #6669 ),
 ( #3668, #891 ),
 ( #3150, #3108 ),
 ( #499, #5747 ),
 ( #1044, #1081 ),
 ( #3184, #2694 ),
 ( #5328, #1250 ),
 ( #109, #4832 ),
 ( #4895, #1680 ),
 ( #5878, #6396 ),
 ( #1647, #4263 ),
 ( #3768, #5430 ),
 ( #80, #6336 ),
 ( #3249, #5843 ),
 ( #3737, #625 ),
 ( #3348, #3278 ),
 ( #6430, #1180 ) ),
 .UNSPECIFIED., .F., .F., .F.,
 ( 4, 1, 1, 1, 1, 1, 1, 1, 1, 1, 1, 1, 1, 1, 1, 1, 4 ),
 ( 2, 2 ),
 ( 0.0000000000000000000, 0.1035912185104563565, 0.2029240549572218499, 0.2995549475107190385, 0.3943796774187813825, 0.4406685374412071532, 0.4848531801550394760, 0.5274503678116754246, 0.5682507811966355238, 0.6077241269465678553, 0.6458461618185284969, 0.6834081260439655026, 0.7200582074840322644, 0.7909773922395051393, 0.8600761817124048525, 0.9295278777467855802, 1.000000000000000000 ),
 ( 0.0000000000000000000, 1.000000000000000000 ),
 .UNSPECIFIED. ) ;
#4840 = CARTESIAN_POINT ( 'NONE',  ( 0.3617224939110490478, -0.08801873445203817203, 0.4999999999999998890 ) ) ;
#4841 = CARTESIAN_POINT ( 'NONE',  ( 0.1320197637656922995, -0.08806151053125461925, 0.4999999999999995559 ) ) ;
#4842 = CARTESIAN_POINT ( 'NONE',  ( -0.3235250056400668095, 0.09950286129776174382, 0.4989999999999998881 ) ) ;
#4843 = PLANE ( 'NONE',  #722 ) ;
#4844 = VERTEX_POINT ( 'NONE', #165 ) ;
#4845 = EDGE_CURVE ( 'NONE', #20, #6478, #4885, .T. ) ;
#4846 = CARTESIAN_POINT ( 'NONE',  ( 0.09073492615251059490, 0.1318891510754306995, 0.4989999999999999991 ) ) ;
#4847 = PRESENTATION_STYLE_ASSIGNMENT (( #1757 ) ) ;
#4848 = CARTESIAN_POINT ( 'NONE',  ( 0.05331727891119195789, -0.06271811948527544756, 0.5000000000000000000 ) ) ;
#4849 = CARTESIAN_POINT ( 'NONE',  ( -0.09020554626756351058, 0.1631011094241720805, 0.4990000000000001101 ) ) ;
#4850 = ORIENTED_EDGE ( 'NONE', *, *, #1766, .T. ) ;
#4851 = EDGE_CURVE ( 'NONE', #1931, #3264, #1144, .T. ) ;
#4852 = CARTESIAN_POINT ( 'NONE',  ( 0.01714134063699647090, -0.01067170301994723770, 0.4990000000000002212 ) ) ;
#4853 = FILL_AREA_STYLE_COLOUR ( '', #2477 ) ;
#4854 = CARTESIAN_POINT ( 'NONE',  ( -0.05600576222208000776, 0.1558829621631369622, 0.4989999999999999991 ) ) ;
#4855 = VECTOR ( 'NONE', #3072, 1000.000000000000000 ) ;
#4856 = MECHANICAL_DESIGN_GEOMETRIC_PRESENTATION_REPRESENTATION (  '', ( #3211 ), #3985 ) ;
#4857 = CARTESIAN_POINT ( 'NONE',  ( -0.2185770607340322691, 0.1093140923355265803, 0.5000000000000001110 ) ) ;
#4858 = FACE_OUTER_BOUND ( 'NONE', #3537, .T. ) ;
#4859 = DIRECTION ( 'NONE',  ( -0.0000000000000000000, -0.0000000000000000000, 1.000000000000000000 ) ) ;
#4860 = SURFACE_SIDE_STYLE ('',( #1114 ) ) ;
#4861 = SURFACE_STYLE_USAGE ( .BOTH. , #140 ) ;
#4862 = CARTESIAN_POINT ( 'NONE',  ( -0.2363022757877389080, 0.009329430002441430406, 0.4990000000000001101 ) ) ;
#4863 = SURFACE_SIDE_STYLE ('',( #6400 ) ) ;
#4864 = CARTESIAN_POINT ( 'NONE',  ( -0.1406989543233080342, -0.06405436901770616975, 0.5000000000000000000 ) ) ;
#4865 = PRESENTATION_LAYER_ASSIGNMENT (  '', '', ( #356 ) ) ;
#4866 = CARTESIAN_POINT ( 'NONE',  ( -0.04553996253047550707, 0.1487015662615272515, 0.5000000000000000000 ) ) ;
#4867 = EDGE_LOOP ( 'NONE', ( #6591, #124, #3900, #5627 ) ) ;
#4868 = DIRECTION ( 'NONE',  ( -1.000000000000000000, 0.0000000000000000000, 6.255012533570220164E-16 ) ) ;
#4869 = CARTESIAN_POINT ( 'NONE',  ( -0.3285009029069899666, -0.06271811948527544756, 0.5000000000000001110 ) ) ;
#4870 = MECHANICAL_DESIGN_GEOMETRIC_PRESENTATION_REPRESENTATION (  '', ( #2891 ), #3671 ) ;
#4871 = EDGE_CURVE ( 'NONE', #6515, #2453, #2374, .T. ) ;
#4872 = CARTESIAN_POINT ( 'NONE',  ( -0.09845427577439015698, 0.02286533618490989295, 0.4999999999999998890 ) ) ;
#4873 = CARTESIAN_POINT ( 'NONE',  ( 0.1422870796997818543, -0.05082316656292691637, 0.4989999999999999991 ) ) ;
#4874 = SURFACE_STYLE_FILL_AREA ( #6592 ) ;
#4875 = COLOUR_RGB ( '',1.000000000000000000, 1.000000000000000000, 1.000000000000000000 ) ;
#4876 = CARTESIAN_POINT ( 'NONE',  ( -0.3395124388710942798, 0.1331978084637003290, 0.4989999999999997771 ) ) ;
#4877 = CARTESIAN_POINT ( 'NONE',  ( -0.2826005251705398513, -0.1133400795675549161, 0.5000000000000001110 ) ) ;
#4878 = ORIENTED_EDGE ( 'NONE', *, *, #6498, .F. ) ;
#4879 = CARTESIAN_POINT ( 'NONE',  ( 0.04827611522937272359, 0.02619646027213247755, 0.4989999999999999991 ) ) ;
#4880 = VECTOR ( 'NONE', #4699, 1000.000000000000000 ) ;
#4881 = CARTESIAN_POINT ( 'NONE',  ( -0.2381367894703827759, -0.03785127457177712290, 0.4999999999999997780 ) ) ;
#4882 = EDGE_CURVE ( 'NONE', #5000, #191, #6002, .T. ) ;
#4884 = CARTESIAN_POINT ( 'NONE',  ( 0.05099427581199099391, -0.1251403243712009838, 0.4999999999999998890 ) ) ;
#4883 = CARTESIAN_POINT ( 'NONE',  ( 0.2429185034330403337, 0.08530345597646739331, 0.5000000000000000000 ) ) ;
#4885 = LINE ( 'NONE', #6484, #515 ) ;
#4886 = ORIENTED_EDGE ( 'NONE', *, *, #4211, .T. ) ;
#4887 = CARTESIAN_POINT ( 'NONE',  ( 0.3150460716643635473, -0.001526266518734293014, 0.4990000000000002212 ) ) ;
#4888 =( GEOMETRIC_REPRESENTATION_CONTEXT ( 3 ) GLOBAL_UNCERTAINTY_ASSIGNED_CONTEXT ( ( #2522 ) ) GLOBAL_UNIT_ASSIGNED_CONTEXT ( ( #2010, #588, #5742 ) ) REPRESENTATION_CONTEXT ( 'NONE', 'WORKASPACE' ) );
#4889 = CARTESIAN_POINT ( 'NONE',  ( -0.3395124388710942798, 0.1331978084637003290, 0.4989999999999997771 ) ) ;
#4890 = CARTESIAN_POINT ( 'NONE',  ( -0.04553996253047550707, 0.1487015662615272515, 0.4989999999999999991 ) ) ;
#4891 = CARTESIAN_POINT ( 'NONE',  ( 0.1739919515502518499, -0.04193253707804503461, 0.5000000000000000000 ) ) ;
#4892 = CARTESIAN_POINT ( 'NONE',  ( -0.2084325922092460370, 0.06542874343083540656, 0.4999999999999998890 ) ) ;
#4893 = PRESENTATION_STYLE_ASSIGNMENT (( #687 ) ) ;
#4894 = ORIENTED_EDGE ( 'NONE', *, *, #5947, .F. ) ;
#4895 = CARTESIAN_POINT ( 'NONE',  ( -0.04081428882790896079, -0.1224496901887843353, 0.4990000000000001101 ) ) ;
#4896 = CARTESIAN_POINT ( 'NONE',  ( -0.1737959482831316071, 0.02214999190286112696, 0.4989999999999999991 ) ) ;
#4897 =( GEOMETRIC_REPRESENTATION_CONTEXT ( 3 ) GLOBAL_UNCERTAINTY_ASSIGNED_CONTEXT ( ( #582 ) ) GLOBAL_UNIT_ASSIGNED_CONTEXT ( ( #5475, #6468, #2870 ) ) REPRESENTATION_CONTEXT ( 'NONE', 'WORKASPACE' ) );
#4898 = CARTESIAN_POINT ( 'NONE',  ( -0.2466629540626511796, 0.09999446014096845248, 0.4989999999999998881 ) ) ;
#4899 = CARTESIAN_POINT ( 'NONE',  ( -0.2296058472163103048, 0.1315696897427011680, 0.5000000000000000000 ) ) ;
#4901 = CARTESIAN_POINT ( 'NONE',  ( -0.1235957427217002219, -0.09832597123403409578, 0.4999999999999998890 ) ) ;
#4900 = AXIS2_PLACEMENT_3D ( 'NONE', #548, #1592, #5825 ) ;
#4902 = DIRECTION ( 'NONE',  ( 1.355252715606880937E-15, 1.000000000000000000, 0.0000000000000000000 ) ) ;
#4903 = CARTESIAN_POINT ( 'NONE',  ( 0.2437189190253510052, 0.09092548626481507246, 0.5000000000000001110 ) ) ;
#4904 = CARTESIAN_POINT ( 'NONE',  ( 0.1567367554107589878, -0.1052760647850525533, 0.5000000000000000000 ) ) ;
#4905 = VECTOR ( 'NONE', #4614, 1000.000000000000114 ) ;
#4906 = CARTESIAN_POINT ( 'NONE',  ( -0.4999999999999998890, -0.4500000000000000111, 0.5000000000000000000 ) ) ;
#4907 = CARTESIAN_POINT ( 'NONE',  ( 0.3541227337752121951, -0.1041221053441669375, 0.4999999999999998890 ) ) ;
#4908 = CARTESIAN_POINT ( 'NONE',  ( 0.1284074591581897407, -0.09407112786315023623, 0.4989999999999998881 ) ) ;
#4909 = DIRECTION ( 'NONE',  ( 1.000000000000000000, 0.0000000000000000000, 0.0000000000000000000 ) ) ;
#4910 = CARTESIAN_POINT ( 'NONE',  ( -0.3118181689876319274, 0.1579482536689636174, 0.4990000000000001101 ) ) ;
#4911 = CARTESIAN_POINT ( 'NONE',  ( -0.2571776990125180795, -0.09921352014837230004, 0.4999999999999998890 ) ) ;
#4912 = ORIENTED_EDGE ( 'NONE', *, *, #3242, .T. ) ;
#4913 = CARTESIAN_POINT ( 'NONE',  ( 0.1567367554107589878, -0.1052760647850525533, 0.4989999999999999991 ) ) ;
#4914 = CARTESIAN_POINT ( 'NONE',  ( 0.07690802590585492371, 0.1258224545745108558, 0.4989999999999999991 ) ) ;
#4915 = CARTESIAN_POINT ( 'NONE',  ( 0.07690802590585492371, 0.1258224545745108558, 0.4989999999999999991 ) ) ;
#4916 = EDGE_CURVE ( 'NONE', #6775, #3302, #1313, .T. ) ;
#4918 = CARTESIAN_POINT ( 'NONE',  ( -0.1342364846456848282, 0.09676596799375164482, 0.4989999999999999991 ) ) ;
#4917 = CARTESIAN_POINT ( 'NONE',  ( -0.06820027085351795804, 0.1240940570732347731, 0.5000000000000003331 ) ) ;
#4919 = CARTESIAN_POINT ( 'NONE',  ( -0.2414557025733108653, -0.06231043204667918722, 0.4990000000000001101 ) ) ;
#4920 = ORIENTED_EDGE ( 'NONE', *, *, #6598, .F. ) ;
#4921 = STYLED_ITEM ( 'NONE', ( #5273 ), #6360 ) ;
#4922 = CARTESIAN_POINT ( 'NONE',  ( -0.08039515756861170814, 0.1630344053919177139, 0.4990000000000001101 ) ) ;
#4923 = SURFACE_STYLE_USAGE ( .BOTH. , #3342 ) ;
#4924 = CARTESIAN_POINT ( 'NONE',  ( 0.3109848558259781237, 0.001218606573714710187, 0.5000000000000000000 ) ) ;
#4926 = ORIENTED_EDGE ( 'NONE', *, *, #5723, .T. ) ;
#4925 = PRESENTATION_LAYER_ASSIGNMENT (  '', '', ( #976 ) ) ;
#4927 = CARTESIAN_POINT ( 'NONE',  ( 0.1320197637656922995, -0.08806151053125461925, 0.4989999999999999991 ) ) ;
#4928 = CARTESIAN_POINT ( 'NONE',  ( -0.1053242172629848816, 0.1611332781391497104, 0.4989999999999999991 ) ) ;
#4929 = EDGE_CURVE ( 'NONE', #4621, #4215, #6055, .T. ) ;
#4930 = CARTESIAN_POINT ( 'NONE',  ( -0.2536199701979285348, 0.1129808212730619432, 0.4999999999999998890 ) ) ;
#4931 = CARTESIAN_POINT ( 'NONE',  ( -0.3097981687585534272, -0.1398634879396183084, 0.4989999999999998881 ) ) ;
#4932 = CARTESIAN_POINT ( 'NONE',  ( -0.1247980049430496841, 0.1135375829491854782, 0.5000000000000000000 ) ) ;
#4933 = CARTESIAN_POINT ( 'NONE',  ( -0.01919271119282158627, 0.09783464047570662736, 0.4999999999999998890 ) ) ;
#4934 = CARTESIAN_POINT ( 'NONE',  ( 0.3401580478346108438, 0.1353775013753685807, 0.5000000000000001110 ) ) ;
#4935 = ADVANCED_FACE ( 'NONE', ( #5658 ), #2578, .T. ) ;
#4936 = CARTESIAN_POINT ( 'NONE',  ( -0.2185770607340322691, 0.1093140923355265803, 0.5000000000000001110 ) ) ;
#4937 = DIRECTION ( 'NONE',  ( -1.000000000000000000, 0.0000000000000000000, 6.255012533570220164E-16 ) ) ;
#4939 = VERTEX_POINT ( 'NONE', #5626 ) ;
#4938 = CARTESIAN_POINT ( 'NONE',  ( 0.1453534327925276592, -0.007537670874974929103, 0.4999999999999996669 ) ) ;
#4940 = PRESENTATION_STYLE_ASSIGNMENT (( #705 ) ) ;
#4941 = CARTESIAN_POINT ( 'NONE',  ( 0.02535664550054100505, -0.07668518716176138394, 0.4999999999999998890 ) ) ;
#4942 = CARTESIAN_POINT ( 'NONE',  ( 0.1455159060304428986, 0.009329430002441430406, 0.4990000000000001101 ) ) ;
#4943 = ORIENTED_EDGE ( 'NONE', *, *, #543, .T. ) ;
#4944 = CARTESIAN_POINT ( 'NONE',  ( 0.2683362184296442798, 0.003882383281330815516, 0.4989999999999999991 ) ) ;
#4945 = CARTESIAN_POINT ( 'NONE',  ( 0.07279325494502121574, 0.1221744617514145120, 0.4990000000000001101 ) ) ;
#4946 = CARTESIAN_POINT ( 'NONE',  ( 0.3364367618066340659, 0.03452538077226037505, 0.4990000000000001101 ) ) ;
#4948 = CARTESIAN_POINT ( 'NONE',  ( 0.3510317012466596664, 0.005255010134992944837, 0.4990000000000001101 ) ) ;
#4947 = CARTESIAN_POINT ( 'NONE',  ( 0.05141828920830597560, -0.05122487247990451659, 0.4999999999999998890 ) ) ;
#4949 = CARTESIAN_POINT ( 'NONE',  ( 0.1455159060304428709, 0.009329430002441428671, 0.5000000000000002220 ) ) ;
#4950 = CARTESIAN_POINT ( 'NONE',  ( 0.02466370159691182867, 0.08941556916950811618, 0.5000000000000000000 ) ) ;
#4951 = ORIENTED_EDGE ( 'NONE', *, *, #4382, .F. ) ;
#4952 = CARTESIAN_POINT ( 'NONE',  ( 0.09754512680966366533, -0.1133978427248312909, 0.4989999999999999991 ) ) ;
#4953 = CARTESIAN_POINT ( 'NONE',  ( -0.1235957427217002219, -0.09832597123403409578, 0.4999999999999997780 ) ) ;
#4954 = CARTESIAN_POINT ( 'NONE',  ( -0.03625830110339453571, 0.1392865093036545210, 0.5000000000000000000 ) ) ;
#4956 = CARTESIAN_POINT ( 'NONE',  ( -0.01422435370981682545, -0.04278095960794817826, 0.4989999999999999991 ) ) ;
#4955 = CARTESIAN_POINT ( 'NONE',  ( 0.1388972332287571332, -0.1294007604797804689, 0.4999999999999998890 ) ) ;
#4957 = EDGE_CURVE ( 'NONE', #6113, #5194, #4520, .T. ) ;
#4958 = CARTESIAN_POINT ( 'NONE',  ( 0.3286068829461348262, -0.01713646933448022269, 0.4999999999999998890 ) ) ;
#4959 = SURFACE_STYLE_USAGE ( .BOTH. , #4531 ) ;
#4960 = ORIENTED_EDGE ( 'NONE', *, *, #2697, .F. ) ;
#4961 = CARTESIAN_POINT ( 'NONE',  ( 0.1583179979398310899, 0.1211280232643391075, 0.5000000000000000000 ) ) ;
#4962 = CARTESIAN_POINT ( 'NONE',  ( -0.1296188715969913141, 0.1488269590900563322, 0.4990000000000001101 ) ) ;
#4963 =( NAMED_UNIT ( * ) PLANE_ANGLE_UNIT ( ) SI_UNIT ( $, .RADIAN. ) );
#4964 = EDGE_CURVE ( 'NONE', #5918, #6273, #3612, .T. ) ;
#4965 = CARTESIAN_POINT ( 'NONE',  ( -0.3648063692810760150, 0.002408134031030801335, 0.4990000000000001101 ) ) ;
#4966 = CARTESIAN_POINT ( 'NONE',  ( -0.3041196469133142788, -0.1072325499370980900, 0.4990000000000002212 ) ) ;
#4967 = CARTESIAN_POINT ( 'NONE',  ( -0.01848413692321566534, 0.09212834486979555593, 0.5000000000000000000 ) ) ;
#4968 = CARTESIAN_POINT ( 'NONE',  ( 0.1054349380521112933, 0.1629548578888670163, 0.4989999999999997771 ) ) ;
#4969 = PLANE ( 'NONE',  #1275 ) ;
#4970 = STYLED_ITEM ( 'NONE', ( #3994 ), #2067 ) ;
#4971 = SURFACE_STYLE_FILL_AREA ( #4367 ) ;
#4972 = ADVANCED_FACE ( 'NONE', ( #5091 ), #6187, .T. ) ;
#4974 = VERTEX_POINT ( 'NONE', #4783 ) ;
#4973 = CARTESIAN_POINT ( 'NONE',  ( 0.1436813923477992250, -0.03785127457177712984, 0.4989999999999999991 ) ) ;
#4975 = FILL_AREA_STYLE_COLOUR ( '', #4459 ) ;
#4976 = SURFACE_SIDE_STYLE ('',( #2876 ) ) ;
#4977 = SURFACE_SIDE_STYLE ('',( #295 ) ) ;
#4978 = VERTEX_POINT ( 'NONE', #1030 ) ;
#4979 = CARTESIAN_POINT ( 'NONE',  ( 0.1766847371992740501, 0.009207676755688173204, 0.4989999999999999991 ) ) ;
#4980 = CARTESIAN_POINT ( 'NONE',  ( 0.04827611522937272359, 0.02619646027213247755, 0.4989999999999999991 ) ) ;
#4981 = STYLED_ITEM ( 'NONE', ( #325 ), #2314 ) ;
#4982 = CARTESIAN_POINT ( 'NONE',  ( -0.05311758916625366339, -0.004244838309496537683, 0.4989999999999999991 ) ) ;
#4983 = PRESENTATION_LAYER_ASSIGNMENT (  '', '', ( #3116 ) ) ;
#4984 = CARTESIAN_POINT ( 'NONE',  ( 0.1708897506729334936, 0.08150052107983779548, 0.4990000000000002212 ) ) ;
#4986 = CARTESIAN_POINT ( 'NONE',  ( 0.08226548544666667517, -0.1100586623999444541, 0.4990000000000001101 ) ) ;
#4985 = STYLED_ITEM ( 'NONE', ( #2794 ), #2952 ) ;
#4987 = CARTESIAN_POINT ( 'NONE',  ( 0.1281982116202533550, 0.1129808212730619016, 0.4990000000000002212 ) ) ;
#4988 = CARTESIAN_POINT ( 'NONE',  ( 0.01699397251636785774, 0.01533731835329995262, 0.4999999999999998890 ) ) ;
#4989 = ORIENTED_EDGE ( 'NONE', *, *, #5339, .F. ) ;
#4990 = DIRECTION ( 'NONE',  ( -1.000000000000000000, 0.0000000000000000000, 0.0000000000000000000 ) ) ;
#4991 = CARTESIAN_POINT ( 'NONE',  ( -0.1419229636443342102, -0.05694066434380612440, 0.4989999999999999991 ) ) ;
#4992 = STYLED_ITEM ( 'NONE', ( #3239 ), #3494 ) ;
#4993 = CARTESIAN_POINT ( 'NONE',  ( 0.1284074591581897407, -0.09407112786315023623, 0.4999999999999998890 ) ) ;
#4995 = CARTESIAN_POINT ( 'NONE',  ( 0.3443711126752302398, 0.1292584809437076487, 0.5000000000000000000 ) ) ;
#4994 = CARTESIAN_POINT ( 'NONE',  ( 0.1739919515502518499, -0.04193253707804503461, 0.4989999999999998881 ) ) ;
#4996 = SURFACE_STYLE_USAGE ( .BOTH. , #4007 ) ;
#4997 = DIRECTION ( 'NONE',  ( -0.9922778767136675171, 0.1240347345892088976, 0.0000000000000000000 ) ) ;
#4998 = UNCERTAINTY_MEASURE_WITH_UNIT (LENGTH_MEASURE( 1.000000000000000082E-05 ), #174, 'distance_accuracy_value', 'NONE');
#4999 = FILL_AREA_STYLE ('',( #1912 ) ) ;
#5000 = VERTEX_POINT ( 'NONE', #4242 ) ;
#5001 = CARTESIAN_POINT ( 'NONE',  ( 0.2531967004216602590, 0.1560147150422159235, 0.4990000000000001101 ) ) ;
#5002 = CARTESIAN_POINT ( 'NONE',  ( -0.5000000000000002220, -0.4500000000000000111, 5.421010862427522170E-17 ) ) ;
#5003 = ADVANCED_FACE ( 'NONE', ( #1725, #4718 ), #4843, .T. ) ;
#5004 = CARTESIAN_POINT ( 'NONE',  ( -0.3337048731903362597, 0.009329430002441428671, 0.4989999999999999991 ) ) ;
#5005 = CARTESIAN_POINT ( 'NONE',  ( 0.3362623107553748270, -0.04435125495989998556, 0.5000000000000001110 ) ) ;
#5006 = CARTESIAN_POINT ( 'NONE',  ( 0.3353546827547342346, 0.1410725525787588364, 0.4999999999999998890 ) ) ;
#5007 = CARTESIAN_POINT ( 'NONE',  ( -0.2296058472163103048, 0.1315696897427011680, 0.5000000000000000000 ) ) ;
#5008 = CARTESIAN_POINT ( 'NONE',  ( 0.1152345489130311706, -0.1423550100507636196, 0.5000000000000000000 ) ) ;
#5009 = SURFACE_STYLE_FILL_AREA ( #5074 ) ;
#5011 = ORIENTED_EDGE ( 'NONE', *, *, #1632, .F. ) ;
#5010 = SURFACE_STYLE_FILL_AREA ( #5043 ) ;
#5012 = CARTESIAN_POINT ( 'NONE',  ( -0.7800000000000001377, 0.4500000000000000111, 0.02000000000000005246 ) ) ;
#5013 =( LENGTH_UNIT ( ) NAMED_UNIT ( * ) SI_UNIT ( .MILLI., .METRE. ) );
#5014 = FACE_BOUND ( 'NONE', #3637, .T. ) ;
#5015 = ORIENTED_EDGE ( 'NONE', *, *, #3038, .T. ) ;
#5016 = CARTESIAN_POINT ( 'NONE',  ( -0.5000000000000001110, 0.4500000000000000111, 0.02000000000000008021 ) ) ;
#5017 = CARTESIAN_POINT ( 'NONE',  ( 0.08130235722385048547, 0.1286317476230179890, 0.4989999999999999991 ) ) ;
#5018 = VECTOR ( 'NONE', #2261, 1000.000000000000000 ) ;
#5019 = LINE ( 'NONE', #5962, #1155 ) ;
#5020 = EDGE_CURVE ( 'NONE', #6220, #2711, #642, .T. ) ;
#5021 = CARTESIAN_POINT ( 'NONE',  ( -0.1164062496486271137, 0.01620371390811617407, 0.4989999999999999991 ) ) ;
#5022 = CARTESIAN_POINT ( 'NONE',  ( 0.09751063970483894727, 0.1319913547441742829, 0.4989999999999999991 ) ) ;
#5023 = CARTESIAN_POINT ( 'NONE',  ( 0.1522123346018714740, 0.1315696897427011680, 0.4989999999999999991 ) ) ;
#5024 = VERTEX_POINT ( 'NONE', #5796 ) ;
#5025 = CARTESIAN_POINT ( 'NONE',  ( -0.09153766539812850656, -0.1133978427248312909, 0.4989999999999999991 ) ) ;
#5026 = EDGE_CURVE ( 'NONE', #4974, #6725, #6413, .T. ) ;
#5027 = CARTESIAN_POINT ( 'NONE',  ( -0.05613904857511893554, -0.09000914884371062630, 0.4989999999999998881 ) ) ;
#5028 = CARTESIAN_POINT ( 'NONE',  ( 0.2855930164200532473, -0.1445666738936624285, 0.4989999999999999991 ) ) ;
#5029 = CARTESIAN_POINT ( 'NONE',  ( 0.2429185034330403337, 0.08530345597646739331, 0.4989999999999999991 ) ) ;
#5030 = LINE ( 'NONE', #4046, #1969 ) ;
#5031 = ORIENTED_EDGE ( 'NONE', *, *, #1015, .T. ) ;
#5032 = CARTESIAN_POINT ( 'NONE',  ( -0.1164062496486271137, 0.01620371390811617407, 0.5000000000000000000 ) ) ;
#5033 = CARTESIAN_POINT ( 'NONE',  ( 0.2178110829043176100, 0.1140900033078978137, 0.4990000000000002212 ) ) ;
#5034 = DIRECTION ( 'NONE',  ( -0.0000000000000000000, -0.0000000000000000000, 1.000000000000000000 ) ) ;
#5035 = COLOUR_RGB ( '',1.000000000000000000, 1.000000000000000000, 1.000000000000000000 ) ;
#5036 = CARTESIAN_POINT ( 'NONE',  ( -0.2843075421133429148, 0.1319913547441743384, 0.4990000000000001101 ) ) ;
#5037 = DIRECTION ( 'NONE',  ( 1.000000000000000000, 1.355252715606880937E-15, 0.0000000000000000000 ) ) ;
#5038 = CARTESIAN_POINT ( 'NONE',  ( 0.2616942442144173375, -0.1052111672409471316, 0.4990000000000001101 ) ) ;
#5039 = CARTESIAN_POINT ( 'NONE',  ( 0.3479897571724289707, 0.1228187940017460983, 0.5000000000000001110 ) ) ;
#5040 = CARTESIAN_POINT ( 'NONE',  ( 0.2402077286683450830, -0.06191112546040264397, 0.5000000000000002220 ) ) ;
#5041 = CARTESIAN_POINT ( 'NONE',  ( 0.09984763437914002948, -0.1444567335670744190, 0.5000000000000000000 ) ) ;
#5042 = SURFACE_STYLE_FILL_AREA ( #257 ) ;
#5044 = ORIENTED_EDGE ( 'NONE', *, *, #4803, .T. ) ;
#5043 = FILL_AREA_STYLE ('',( #405 ) ) ;
#5045 = CARTESIAN_POINT ( 'NONE',  ( 0.3479897571724289707, 0.1228187940017460983, 0.4990000000000001101 ) ) ;
#5046 = FILL_AREA_STYLE_COLOUR ( '', #2402 ) ;
#5047 = CARTESIAN_POINT ( 'NONE',  ( 0.04230574294708743660, 0.1331978084637004400, 0.4990000000000001101 ) ) ;
#5048 = ORIENTED_EDGE ( 'NONE', *, *, #1944, .F. ) ;
#5049 = DIRECTION ( 'NONE',  ( -1.000000000000000000, 0.0000000000000000000, 1.563753133392554301E-16 ) ) ;
#5050 = CARTESIAN_POINT ( 'NONE',  ( -0.05928673126121921516, 0.005434804064431812860, 0.4999999999999998890 ) ) ;
#5051 = CARTESIAN_POINT ( 'NONE',  ( -0.06667441220585913764, 0.01313904406483802113, 0.4990000000000001101 ) ) ;
#5052 = CARTESIAN_POINT ( 'NONE',  ( -0.05613904857511893554, -0.09000914884371062630, 0.4999999999999998890 ) ) ;
#5053 = CARTESIAN_POINT ( 'NONE',  ( -0.09523552193177356462, 0.02293204978358757626, 0.4989999999999999991 ) ) ;
#5054 = CARTESIAN_POINT ( 'NONE',  ( 0.1379937489256583272, 0.09149283822291183477, 0.4989999999999998881 ) ) ;
#5055 = CARTESIAN_POINT ( 'NONE',  ( 0.3169726714258788713, -0.1381257438594891418, 0.4989999999999999991 ) ) ;
#5056 = ORIENTED_EDGE ( 'NONE', *, *, #929, .T. ) ;
#5057 = CARTESIAN_POINT ( 'NONE',  ( -0.1368716239581728167, -0.07713023099964892715, 0.4999999999999998890 ) ) ;
#5058 = CARTESIAN_POINT ( 'NONE',  ( -0.09005288347600774734, -0.1133338713050828506, 0.4990000000000001101 ) ) ;
#5060 = CARTESIAN_POINT ( 'NONE',  ( -0.04544861632953618030, -0.04129873783079391486, 0.5000000000000001110 ) ) ;
#5059 = CARTESIAN_POINT ( 'NONE',  ( 0.2634748529784170512, -0.1414187839361779331, 0.4989999999999998881 ) ) ;
#5061 = EDGE_CURVE ( 'NONE', #5904, #898, #3686, .T. ) ;
#5062 = CARTESIAN_POINT ( 'NONE',  ( 0.2652115097110009923, -0.1077361684821846188, 0.4990000000000001101 ) ) ;
#5063 = UNCERTAINTY_MEASURE_WITH_UNIT (LENGTH_MEASURE( 1.000000000000000082E-05 ), #5404, 'distance_accuracy_value', 'NONE');
#5064 = PRESENTATION_STYLE_ASSIGNMENT (( #879 ) ) ;
#5065 = VERTEX_POINT ( 'NONE', #2739 ) ;
#5066 = CARTESIAN_POINT ( 'NONE',  ( 0.2117496722642091544, 0.08919955987257130459, 0.5000000000000000000 ) ) ;
#5067 = SURFACE_STYLE_FILL_AREA ( #6653 ) ;
#5068 = CARTESIAN_POINT ( 'NONE',  ( -0.3336490481280000031, 0.01511299779022749756, 0.4999999999999998890 ) ) ;
#5069 = CARTESIAN_POINT ( 'NONE',  ( 0.0000000000000000000, 0.4500000000000000111, 0.0000000000000000000 ) ) ;
#5070 = CARTESIAN_POINT ( 'NONE',  ( 0.2860800294070662830, -0.1133978427248312909, 0.4989999999999999991 ) ) ;
#5071 = CARTESIAN_POINT ( 'NONE',  ( 0.2689340986134819422, -0.1098375079821985317, 0.4999999999999998890 ) ) ;
#5072 = CARTESIAN_POINT ( 'NONE',  ( 0.05331727891119195789, -0.06271811948527544756, 0.5000000000000001110 ) ) ;
#5073 =( NAMED_UNIT ( * ) SI_UNIT ( $, .STERADIAN. ) SOLID_ANGLE_UNIT ( ) );
#5074 = FILL_AREA_STYLE ('',( #5612 ) ) ;
#5075 = VECTOR ( 'NONE', #569, 1000.000000000000000 ) ;
#5077 = ORIENTED_EDGE ( 'NONE', *, *, #392, .T. ) ;
#5076 =( NAMED_UNIT ( * ) SI_UNIT ( $, .STERADIAN. ) SOLID_ANGLE_UNIT ( ) );
#5078 = CARTESIAN_POINT ( 'NONE',  ( 0.3508632112217692778, 0.1159651543740381069, 0.4989999999999999991 ) ) ;
#5079 = FILL_AREA_STYLE ('',( #5046 ) ) ;
#5080 =( NAMED_UNIT ( * ) SI_UNIT ( $, .STERADIAN. ) SOLID_ANGLE_UNIT ( ) );
#5081 = ORIENTED_EDGE ( 'NONE', *, *, #1093, .T. ) ;
#5082 = CARTESIAN_POINT ( 'NONE',  ( 0.2716774319857620523, 0.1621794745251139702, 0.4990000000000001101 ) ) ;
#5083 = CARTESIAN_POINT ( 'NONE',  ( -0.05428504276012994373, 0.1045052147427460859, 0.4990000000000001101 ) ) ;
#5084 = CARTESIAN_POINT ( 'NONE',  ( -0.04544861632953618030, -0.04129873783079391486, 0.4990000000000001101 ) ) ;
#5085 = VECTOR ( 'NONE', #4668, 1000.000000000000114 ) ;
#5086 = ADVANCED_FACE ( 'NONE', ( #6280 ), #1097, .T. ) ;
#5087 = CARTESIAN_POINT ( 'NONE',  ( -0.07049117261041198956, -0.1061668116866434364, 0.4999999999999998890 ) ) ;
#5088 = CARTESIAN_POINT ( 'NONE',  ( 0.09225952916968546691, -0.1132337257826071808, 0.4989999999999999991 ) ) ;
#5089 = CARTESIAN_POINT ( 'NONE',  ( -0.2819705474390417632, -0.1444567335670743913, 0.4989999999999999991 ) ) ;
#5090 = MECHANICAL_DESIGN_GEOMETRIC_PRESENTATION_REPRESENTATION (  '', ( #3114 ), #5847 ) ;
#5091 = FACE_OUTER_BOUND ( 'NONE', #4489, .T. ) ;
#5092 = ORIENTED_EDGE ( 'NONE', *, *, #3593, .T. ) ;
#5093 = LINE ( 'NONE', #378, #3484 ) ;
#5094 = CARTESIAN_POINT ( 'NONE',  ( 0.1352706491382405229, -0.08089284829732469595, 0.5000000000000000000 ) ) ;
#5096 = CARTESIAN_POINT ( 'NONE',  ( 0.3479897571724289707, 0.1228187940017460983, 0.5000000000000002220 ) ) ;
#5095 = CARTESIAN_POINT ( 'NONE',  ( 0.2228165690746204408, -0.1087301540140251516, 0.4989999999999999991 ) ) ;
#5097 = CARTESIAN_POINT ( 'NONE',  ( 0.1025479297289632608, -0.1132250639287294691, 0.4989999999999999991 ) ) ;
#5098 = FACE_OUTER_BOUND ( 'NONE', #3758, .T. ) ;
#5099 = ORIENTED_EDGE ( 'NONE', *, *, #3868, .F. ) ;
#5100 = CARTESIAN_POINT ( 'NONE',  ( -0.1281752457949398849, 0.005512409362681918584, 0.5000000000000000000 ) ) ;
#5101 = STYLED_ITEM ( 'NONE', ( #279 ), #3298 ) ;
#5102 =( NAMED_UNIT ( * ) PLANE_ANGLE_UNIT ( ) SI_UNIT ( $, .RADIAN. ) );
#5103 = CARTESIAN_POINT ( 'NONE',  ( -0.1353984663473891958, 0.03229707219596042456, 0.4999999999999998890 ) ) ;
#5104 =( GEOMETRIC_REPRESENTATION_CONTEXT ( 3 ) GLOBAL_UNCERTAINTY_ASSIGNED_CONTEXT ( ( #5598 ) ) GLOBAL_UNIT_ASSIGNED_CONTEXT ( ( #286, #4537, #6618 ) ) REPRESENTATION_CONTEXT ( 'NONE', 'WORKASPACE' ) );
#5105 = CARTESIAN_POINT ( 'NONE',  ( -0.2756876344622222752, -0.1442419266017315738, 0.5000000000000000000 ) ) ;
#5106 = CARTESIAN_POINT ( 'NONE',  ( 0.2475059231518024205, -0.08569831101236836945, 0.5000000000000000000 ) ) ;
#5107 = PLANE ( 'NONE',  #6502 ) ;
#5109 = SURFACE_SIDE_STYLE ('',( #818 ) ) ;
#5108 = MECHANICAL_DESIGN_GEOMETRIC_PRESENTATION_REPRESENTATION (  '', ( #5645 ), #2484 ) ;
#5111 = ORIENTED_EDGE ( 'NONE', *, *, #3133, .F. ) ;
#5110 = CARTESIAN_POINT ( 'NONE',  ( -0.2533571572230679525, 0.1554630555548097981, 0.4989999999999998881 ) ) ;
#5112 = CARTESIAN_POINT ( 'NONE',  ( 0.3213651665041622474, 0.06692552753256846010, 0.5000000000000001110 ) ) ;
#5113 = EDGE_LOOP ( 'NONE', ( #3360, #5551, #3544, #2818 ) ) ;
#5114 = CARTESIAN_POINT ( 'NONE',  ( 0.2591019229769739307, 0.1586404124559460949, 0.4989999999999999991 ) ) ;
#5115 = CARTESIAN_POINT ( 'NONE',  ( 0.2662951268096636070, 0.003241767664779093751, 0.5000000000000000000 ) ) ;
#5116 = FILL_AREA_STYLE ('',( #5719 ) ) ;
#5117 = MECHANICAL_DESIGN_GEOMETRIC_PRESENTATION_REPRESENTATION (  '', ( #4357 ), #2594 ) ;
#5118 = CARTESIAN_POINT ( 'NONE',  ( -0.06299212530374229124, -0.09915250899458448453, 0.5000000000000000000 ) ) ;
#5119 = CARTESIAN_POINT ( 'NONE',  ( 0.3247366852512221236, 0.08688624818425959295, 0.4999999999999998890 ) ) ;
#5120 = CARTESIAN_POINT ( 'NONE',  ( -0.3526572257224306894, -0.08929986669294548429, 0.4990000000000001101 ) ) ;
#5121 = PRESENTATION_LAYER_ASSIGNMENT (  '', '', ( #6213 ) ) ;
#5122 = CARTESIAN_POINT ( 'NONE',  ( 0.3364367618066340659, 0.03452538077226037505, 0.5000000000000001110 ) ) ;
#5123 = ORIENTED_EDGE ( 'NONE', *, *, #4964, .F. ) ;
#5124 = CARTESIAN_POINT ( 'NONE',  ( 0.3051871817514259511, -0.1090758128106471408, 0.5000000000000001110 ) ) ;
#5125 = MECHANICAL_DESIGN_GEOMETRIC_PRESENTATION_REPRESENTATION (  '', ( #520 ), #4804 ) ;
#5126 = CARTESIAN_POINT ( 'NONE',  ( -0.04545075410995320225, -0.04651526509452409697, 0.4989999999999999991 ) ) ;
#5127 = CARTESIAN_POINT ( 'NONE',  ( -0.1708410583666746807, -0.05070248479552098148, 0.4999999999999998890 ) ) ;
#5128 = CARTESIAN_POINT ( 'NONE',  ( 0.04823994656349572807, 0.1412518975797310006, 0.5000000000000005551 ) ) ;
#5129 = UNCERTAINTY_MEASURE_WITH_UNIT (LENGTH_MEASURE( 1.000000000000000082E-05 ), #5517, 'distance_accuracy_value', 'NONE');
#5130 = ORIENTED_EDGE ( 'NONE', *, *, #289, .T. ) ;
#5131 = SURFACE_SIDE_STYLE ('',( #493 ) ) ;
#5132 =( LENGTH_UNIT ( ) NAMED_UNIT ( * ) SI_UNIT ( .MILLI., .METRE. ) );
#5133 = B_SPLINE_CURVE_WITH_KNOTS ( 'NONE', 3,
 ( #1814, #3422, #4968, #3911, #5401, #2833, #2393, #148, #5509, #290, #815 ),
 .UNSPECIFIED., .F., .F.,
 ( 4, 1, 1, 1, 1, 1, 1, 1, 4 ),
 ( 0.0000000000000000000, 0.1280448550143801212, 0.2514507875593853803, 0.3715733394035895532, 0.4904118675290054519, 0.6102007835889290410, 0.7338092424176936301, 0.8631756517415545282, 1.000000000000000000 ),
 .UNSPECIFIED. ) ;
#5134 = CARTESIAN_POINT ( 'NONE',  ( -0.08727630176176488785, 0.05413462480763622103, 0.5000000000000000000 ) ) ;
#5135 = CARTESIAN_POINT ( 'NONE',  ( -0.1053242172629848816, 0.1611332781391497104, 0.5000000000000000000 ) ) ;
#5136 = CARTESIAN_POINT ( 'NONE',  ( 0.3125053826566164816, 0.1578106403023426807, 0.5000000000000001110 ) ) ;
#5137 = CARTESIAN_POINT ( 'NONE',  ( -0.1461737433300686895, 0.04130597184408049682, 0.5000000000000001110 ) ) ;
#5138 = VECTOR ( 'NONE', #5535, 1000.000000000000000 ) ;
#5139 = CARTESIAN_POINT ( 'NONE',  ( 0.02916095609575128367, -0.08929986669294548429, 0.5000000000000001110 ) ) ;
#5140 = FILL_AREA_STYLE_COLOUR ( '', #3098 ) ;
#5141 = EDGE_CURVE ( 'NONE', #3327, #6113, #4512, .T. ) ;
#5142 = ORIENTED_EDGE ( 'NONE', *, *, #4471, .F. ) ;
#5143 = CARTESIAN_POINT ( 'NONE',  ( -0.5199999999999999067, -0.4500000000000000111, 0.4800000000000001488 ) ) ;
#5144 = ORIENTED_EDGE ( 'NONE', *, *, #2125, .F. ) ;
#5145 = CARTESIAN_POINT ( 'NONE',  ( 0.2122600413633260463, 0.09216980615027650647, 0.5000000000000001110 ) ) ;
#5146 = CARTESIAN_POINT ( 'NONE',  ( 0.1422265093213068154, 0.06996765166811608205, 0.4999999999999997780 ) ) ;
#5147 = SURFACE_STYLE_USAGE ( .BOTH. , #6151 ) ;
#5148 = CARTESIAN_POINT ( 'NONE',  ( 0.2704597640777794965, 0.1293404242871275811, 0.4989999999999998881 ) ) ;
#5149 =( NAMED_UNIT ( * ) PLANE_ANGLE_UNIT ( ) SI_UNIT ( $, .RADIAN. ) );
#5150 = CARTESIAN_POINT ( 'NONE',  ( -0.3370639253709778460, -0.1180972743984682466, 0.4989999999999999991 ) ) ;
#5151 = FILL_AREA_STYLE_COLOUR ( '', #5223 ) ;
#5152 = VERTEX_POINT ( 'NONE', #5519 ) ;
#5153 = CARTESIAN_POINT ( 'NONE',  ( 0.3363727726760600278, -0.05290784156934694865, 0.5000000000000001110 ) ) ;
#5154 = CARTESIAN_POINT ( 'NONE',  ( -0.1726866609042556344, -0.03452073478758975467, 0.4989999999999999991 ) ) ;
#5156 = CARTESIAN_POINT ( 'NONE',  ( -0.09288464839995072553, -0.1444621572786566333, 0.4999999999999998890 ) ) ;
#5155 = CARTESIAN_POINT ( 'NONE',  ( 0.2566945287209388971, -0.1388291350178175176, 0.4989999999999998881 ) ) ;
#5157 = CARTESIAN_POINT ( 'NONE',  ( 0.03222924311542148951, 0.1136077813506119749, 0.5000000000000004441 ) ) ;
#5158 = CARTESIAN_POINT ( 'NONE',  ( -0.04555614471999067799, -0.03629781699152055674, 0.4989999999999999991 ) ) ;
#5159 = ORIENTED_EDGE ( 'NONE', *, *, #1676, .F. ) ;
#5160 = CARTESIAN_POINT ( 'NONE',  ( 0.3239849441611943326, 0.07639079118739976193, 0.4989999999999999991 ) ) ;
#5161 = SURFACE_SIDE_STYLE ('',( #2552 ) ) ;
#5162 = B_SPLINE_SURFACE_WITH_KNOTS ( 'NONE', 3, 1, ( 
 ( #5597, #1978 ),
 ( #5698, #3655 ),
 ( #970, #1599 ),
 ( #4723, #1035 ),
 ( #3064, #6739 ),
 ( #525, #6258 ),
 ( #3692, #2585 ),
 ( #6225, #940 ),
 ( #385, #5157 ),
 ( #905, #458 ),
 ( #2489, #7 ),
 ( #4599, #5128 ),
 ( #6682, #5191 ),
 ( #4212, #2078 ),
 ( #3139, #490 ),
 ( #2040, #420 ),
 ( #1532, #4146 ),
 ( #2111, #4077 ),
 ( #998, #4689 ) ),
 .UNSPECIFIED., .F., .F., .F.,
 ( 4, 1, 1, 1, 1, 1, 1, 1, 1, 1, 1, 1, 1, 1, 1, 1, 4 ),
 ( 2, 2 ),
 ( 0.0000000000000000000, 0.09514348807164518806, 0.1847457720530777392, 0.2683084903083867712, 0.3466242220093578297, 0.4193377299534534752, 0.4872737010492217968, 0.5502487944465247471, 0.6091667059941574536, 0.6639479924279677592, 0.7154822751577647466, 0.7640415713753497817, 0.8109810218191543241, 0.8569367060899879540, 0.9028761937633786872, 0.9504445482262284806, 1.000000000000000000 ),
 ( 0.0000000000000000000, 1.000000000000000000 ),
 .UNSPECIFIED. ) ;
#5163 = CARTESIAN_POINT ( 'NONE',  ( -0.2843075421133429148, 0.1319913547441743384, 0.5000000000000000000 ) ) ;
#5164 = EDGE_CURVE ( 'NONE', #925, #5567, #4437, .T. ) ;
#5165 = LINE ( 'NONE', #2596, #4855 ) ;
#5166 = CARTESIAN_POINT ( 'NONE',  ( -0.05057643905231317544, 0.1526620295608074607, 0.4989999999999999991 ) ) ;
#5167 = CARTESIAN_POINT ( 'NONE',  ( 0.2993382280349224933, 0.1619368048196268839, 0.4989999999999999991 ) ) ;
#5168 = CARTESIAN_POINT ( 'NONE',  ( 0.2770936399556885310, -0.1125860919018566442, 0.5000000000000000000 ) ) ;
#5169 = SURFACE_SIDE_STYLE ('',( #2503 ) ) ;
#5170 = EDGE_CURVE ( 'NONE', #3262, #2, #3850, .T. ) ;
#5171 = DIRECTION ( 'NONE',  ( 1.000000000000000000, 0.0000000000000000000, 9.680376540049147084E-17 ) ) ;
#5172 = CARTESIAN_POINT ( 'NONE',  ( 0.3412435364697172235, 0.01489338333027401783, 0.4999999999999998890 ) ) ;
#5173 = VERTEX_POINT ( 'NONE', #3817 ) ;
#5174 = CARTESIAN_POINT ( 'NONE',  ( -0.2860473386419835062, -0.1133427515082089804, 0.4999999999999995559 ) ) ;
#5175 = CARTESIAN_POINT ( 'NONE',  ( 0.09380258258648149772, 0.1631131192564301557, 0.4989999999999999991 ) ) ;
#5176 = ORIENTED_EDGE ( 'NONE', *, *, #3451, .T. ) ;
#5177 = CARTESIAN_POINT ( 'NONE',  ( 0.02830043777060906734, -0.08616479220916131720, 0.4989999999999999991 ) ) ;
#5178 = EDGE_CURVE ( 'NONE', #1769, #5991, #6034, .T. ) ;
#5179 =( GEOMETRIC_REPRESENTATION_CONTEXT ( 3 ) GLOBAL_UNCERTAINTY_ASSIGNED_CONTEXT ( ( #3214 ) ) GLOBAL_UNIT_ASSIGNED_CONTEXT ( ( #5725, #5248, #6127 ) ) REPRESENTATION_CONTEXT ( 'NONE', 'WORKASPACE' ) );
#5180 = CARTESIAN_POINT ( 'NONE',  ( -0.04611727108253430019, -0.05913457398695099593, 0.5000000000000001110 ) ) ;
#5181 = CARTESIAN_POINT ( 'NONE',  ( 0.2886337631595290443, 0.1319062712725212194, 0.4989999999999999991 ) ) ;
#5182 = CARTESIAN_POINT ( 'NONE',  ( -0.3097981687585534272, -0.1398634879396183084, 0.4989999999999998881 ) ) ;
#5183 = SURFACE_STYLE_FILL_AREA ( #3026 ) ;
#5184 = ORIENTED_EDGE ( 'NONE', *, *, #119, .T. ) ;
#5185 = VECTOR ( 'NONE', #3094, 1000.000000000000000 ) ;
#5186 = VECTOR ( 'NONE', #4937, 1000.000000000000000 ) ;
#5187 = CARTESIAN_POINT ( 'NONE',  ( -0.1434948733920920205, 0.06392623784859502445, 0.5000000000000000000 ) ) ;
#5190 = CARTESIAN_POINT ( 'NONE',  ( -0.05928673126121921516, 0.005434804064431812860, 0.5000000000000000000 ) ) ;
#5189 = COLOUR_RGB ( '',0.7686274509803920907, 0.7686274509803920907, 0.7686274509803920907 ) ;
#5188 = CARTESIAN_POINT ( 'NONE',  ( 0.2523125541776515823, 0.1138949294941511842, 0.4990000000000001101 ) ) ;
#5191 = CARTESIAN_POINT ( 'NONE',  ( 0.05490167989603964710, 0.1480251955943656106, 0.5000000000000006661 ) ) ;
#5192 = UNCERTAINTY_MEASURE_WITH_UNIT (LENGTH_MEASURE( 1.000000000000000082E-05 ), #1207, 'distance_accuracy_value', 'NONE');
#5193 = DIRECTION ( 'NONE',  ( 0.0000000000000000000, 1.000000000000000000, 0.0000000000000000000 ) ) ;
#5194 = VERTEX_POINT ( 'NONE', #3326 ) ;
#5195 = CARTESIAN_POINT ( 'NONE',  ( 0.2524974153431018831, -0.09487035128229406866, 0.5000000000000000000 ) ) ;
#5196 =( LENGTH_UNIT ( ) NAMED_UNIT ( * ) SI_UNIT ( .MILLI., .METRE. ) );
#5197 = CARTESIAN_POINT ( 'NONE',  ( 0.2949409442869390108, 0.04139191199588029835, 0.4989999999999998881 ) ) ;
#5198 = CARTESIAN_POINT ( 'NONE',  ( 0.2390223995369363807, -0.05495628428327284376, 0.4989999999999999991 ) ) ;
#5199 = CARTESIAN_POINT ( 'NONE',  ( -0.06166140224020135591, 0.1585856123319077104, 0.4989999999999999991 ) ) ;
#5200 = CARTESIAN_POINT ( 'NONE',  ( -0.2370223606730146870, 0.04242217291370062315, 0.5000000000000000000 ) ) ;
#5201 = CARTESIAN_POINT ( 'NONE',  ( 0.3060645996193978036, 0.1602580953792397123, 0.4989999999999999991 ) ) ;
#5202 = EDGE_CURVE ( 'NONE', #55, #6462, #5794, .T. ) ;
#5203 = CARTESIAN_POINT ( 'NONE',  ( -0.3647281018038766032, 0.02723960817167099535, 0.4989999999999998881 ) ) ;
#5204 = CARTESIAN_POINT ( 'NONE',  ( 0.08717689821401870820, -0.1119027074789025605, 0.5000000000000000000 ) ) ;
#5205 = SURFACE_STYLE_FILL_AREA ( #4124 ) ;
#5206 = DIRECTION ( 'NONE',  ( 0.0000000000000000000, -1.000000000000000000, 0.0000000000000000000 ) ) ;
#5207 = VERTEX_POINT ( 'NONE', #2365 ) ;
#5208 = CARTESIAN_POINT ( 'NONE',  ( -0.08485647356224870763, 0.05405044976982265742, 0.4990000000000002212 ) ) ;
#5209 = VECTOR ( 'NONE', #4909, 1000.000000000000000 ) ;
#5210 = CARTESIAN_POINT ( 'NONE',  ( 0.0000000000000000000, 0.4500000000000000111, 0.0000000000000000000 ) ) ;
#5211 = EDGE_LOOP ( 'NONE', ( #4496, #227, #1821, #3784 ) ) ;
#5212 = CARTESIAN_POINT ( 'NONE',  ( 0.2475916838494014449, 0.1527554782494689456, 0.4999999999999997780 ) ) ;
#5213 = CARTESIAN_POINT ( 'NONE',  ( -0.05000975426285852315, 0.08885326095395826296, 0.5000000000000000000 ) ) ;
#5214 = CARTESIAN_POINT ( 'NONE',  ( -0.2877721559569761389, 0.1320004655111084169, 0.4989999999999999991 ) ) ;
#5215 = CARTESIAN_POINT ( 'NONE',  ( 0.2437189190253510052, 0.09092548626481507246, 0.4990000000000001101 ) ) ;
#5216 = B_SPLINE_SURFACE_WITH_KNOTS ( 'NONE', 3, 1, ( 
 ( #6718, #1312 ),
 ( #4089, #2020 ),
 ( #1985, #5451 ),
 ( #2335, #5611 ),
 ( #1444, #5172 ),
 ( #436, #4125 ),
 ( #4948, #5646 ),
 ( #2464, #1793 ),
 ( #751, #2847 ),
 ( #952, #234 ),
 ( #4446, #6522 ),
 ( #3402, #5488 ),
 ( #4578, #4058 ),
 ( #6143, #3530 ),
 ( #5749, #3252 ) ),
 .UNSPECIFIED., .F., .F., .F.,
 ( 4, 1, 1, 1, 1, 1, 1, 1, 1, 1, 1, 1, 4 ),
 ( 2, 2 ),
 ( 0.0000000000000000000, 0.07876588018063718222, 0.1538985333760667096, 0.2265833941339339963, 0.2983449299199826821, 0.3713877894568891613, 0.4478553383321585146, 0.5293927731599353814, 0.6160117841062802135, 0.7070983798187594482, 0.8007403864370826740, 0.8980898170005550130, 1.000000000000000000 ),
 ( 0.0000000000000000000, 1.000000000000000000 ),
 .UNSPECIFIED. ) ;
#5217 = CARTESIAN_POINT ( 'NONE',  ( 0.3077838311973279395, 0.1251614326943536193, 0.5000000000000000000 ) ) ;
#5218 = CARTESIAN_POINT ( 'NONE',  ( -0.2851862043591674167, -0.1445666738936624285, 0.4989999999999999991 ) ) ;
#5219 = ORIENTED_EDGE ( 'NONE', *, *, #5178, .T. ) ;
#5220 = MECHANICAL_DESIGN_GEOMETRIC_PRESENTATION_REPRESENTATION (  '', ( #4790 ), #4897 ) ;
#5221 = CARTESIAN_POINT ( 'NONE',  ( 0.2959538725957535643, -0.1123615132211655959, 0.4990000000000001101 ) ) ;
#5222 = CARTESIAN_POINT ( 'NONE',  ( -0.1443229023118333398, -0.1187108772814163549, 0.4989999999999998881 ) ) ;
#5223 = COLOUR_RGB ( '',0.0000000000000000000, 0.0000000000000000000, 0.0000000000000000000 ) ;
#5225 = CARTESIAN_POINT ( 'NONE',  ( -0.1505189744151178011, -0.1107787369958020129, 0.4990000000000001101 ) ) ;
#5224 = CARTESIAN_POINT ( 'NONE',  ( 0.2860191527836896674, 0.1320567027297141205, 0.4989999999999999991 ) ) ;
#5226 =( NAMED_UNIT ( * ) PLANE_ANGLE_UNIT ( ) SI_UNIT ( $, .RADIAN. ) );
#5227 = ORIENTED_EDGE ( 'NONE', *, *, #5228, .T. ) ;
#5228 = EDGE_CURVE ( 'NONE', #4276, #640, #156, .T. ) ;
#5229 = CARTESIAN_POINT ( 'NONE',  ( 0.2390223995369363807, -0.05495628428327284376, 0.5000000000000000000 ) ) ;
#5230 = APPLICATION_PROTOCOL_DEFINITION ( 'draft international standard', 'automotive_design', 1998, #1246 ) ;
#5231 = CARTESIAN_POINT ( 'NONE',  ( 0.02233774098410771028, -0.06250052785960683033, 0.4990000000000001101 ) ) ;
#5232 = CARTESIAN_POINT ( 'NONE',  ( -0.03591083516167241363, 0.02780549444043576082, 0.5000000000000001110 ) ) ;
#5233 = CARTESIAN_POINT ( 'NONE',  ( -0.4999999999999998890, 0.3499999999999999223, 0.5000000000000000000 ) ) ;
#5234 = CARTESIAN_POINT ( 'NONE',  ( 0.2439763963613674203, -0.1315584560049569141, 0.4989999999999999991 ) ) ;
#5235 = DIRECTION ( 'NONE',  ( 0.9922778767136676281, 0.1240347345892084535, 0.0000000000000000000 ) ) ;
#5236 = CARTESIAN_POINT ( 'NONE',  ( -0.1342716465808566351, -0.08311193253023616001, 0.4989999999999998881 ) ) ;
#5237 = SURFACE_STYLE_USAGE ( .BOTH. , #1546 ) ;
#5238 = ORIENTED_EDGE ( 'NONE', *, *, #1440, .T. ) ;
#5239 = CARTESIAN_POINT ( 'NONE',  ( 0.1436978297725596265, 0.05696043528673253725, 0.4990000000000002212 ) ) ;
#5240 = ORIENTED_EDGE ( 'NONE', *, *, #644, .F. ) ;
#5241 = LINE ( 'NONE', #3161, #4140 ) ;
#5242 = CARTESIAN_POINT ( 'NONE',  ( -0.5399999999999999245, 0.4500000000000000111, 0.4800000000000000377 ) ) ;
#5243 = MECHANICAL_DESIGN_GEOMETRIC_PRESENTATION_REPRESENTATION (  '', ( #5893 ), #1182 ) ;
#5244 = CARTESIAN_POINT ( 'NONE',  ( 0.2705814619073328986, -0.1432345042888795439, 0.5000000000000000000 ) ) ;
#5245 = EDGE_CURVE ( 'NONE', #6795, #2982, #5994, .T. ) ;
#5246 = CARTESIAN_POINT ( 'NONE',  ( -0.3337048731903362597, 0.009329430002441428671, 0.4999999999999995559 ) ) ;
#5247 = PRESENTATION_LAYER_ASSIGNMENT (  '', '', ( #1190 ) ) ;
#5248 =( NAMED_UNIT ( * ) PLANE_ANGLE_UNIT ( ) SI_UNIT ( $, .RADIAN. ) );
#5249 = SURFACE_STYLE_FILL_AREA ( #123 ) ;
#5250 = VERTEX_POINT ( 'NONE', #2400 ) ;
#5251 = CARTESIAN_POINT ( 'NONE',  ( 0.3343670216472542367, -0.06997724660474798075, 0.5000000000000001110 ) ) ;
#5252 = B_SPLINE_CURVE_WITH_KNOTS ( 'NONE', 3,
 ( #4632, #2119, #5778, #3073, #3042, #5199, #1077, #5166, #2557, #1472, #1009, #430, #561, #6200, #4221, #4084, #4663, #2050, #5745 ),
 .UNSPECIFIED., .F., .F.,
 ( 4, 1, 1, 1, 1, 1, 1, 1, 1, 1, 1, 1, 1, 1, 1, 1, 4 ),
 ( 0.0000000000000000000, 0.06035162449650908340, 0.1189648436978937296, 0.1760067323618913770, 0.2318358262108143331, 0.2877177385141700960, 0.3435151172911252160, 0.4004431084417188758, 0.4588672725783938255, 0.5184984530126847124, 0.5792398869838425446, 0.6420304043904717650, 0.7069030659459484278, 0.7751185523106630670, 0.8461476964591377881, 0.9210345293131857458, 0.9999999999999998890 ),
 .UNSPECIFIED. ) ;
#5253 = CARTESIAN_POINT ( 'NONE',  ( -0.2860993537098168171, 0.1320567027297141205, 0.4989999999999999991 ) ) ;
#5255 = CARTESIAN_POINT ( 'NONE',  ( -0.07065571585451958792, 0.01618927515757200009, 0.5000000000000000000 ) ) ;
#5254 = CARTESIAN_POINT ( 'NONE',  ( 0.2523125541776515823, 0.1138949294941511842, 0.5000000000000001110 ) ) ;
#5256 = UNCERTAINTY_MEASURE_WITH_UNIT (LENGTH_MEASURE( 1.000000000000000082E-05 ), #6178, 'distance_accuracy_value', 'NONE');
#5257 = CARTESIAN_POINT ( 'NONE',  ( -0.1681150785272601256, 0.07600134745170222805, 0.4989999999999997771 ) ) ;
#5258 = ORIENTED_EDGE ( 'NONE', *, *, #4957, .F. ) ;
#5259 = LINE ( 'NONE', #555, #4664 ) ;
#5260 = CARTESIAN_POINT ( 'NONE',  ( 0.3364249969395338713, -0.05063404402353259559, 0.4989999999999999991 ) ) ;
#5261 = CARTESIAN_POINT ( 'NONE',  ( -0.05428504276012994373, 0.1045052147427460859, 0.5000000000000001110 ) ) ;
#5262 = CARTESIAN_POINT ( 'NONE',  ( -0.08008714744776278260, 0.05388454617133062868, 0.5000000000000001110 ) ) ;
#5263 = EDGE_CURVE ( 'NONE', #273, #1874, #2916, .T. ) ;
#5264 = CARTESIAN_POINT ( 'NONE',  ( -0.1605892522897001962, 0.1040966545980059749, 0.5000000000000000000 ) ) ;
#5265 = B_SPLINE_SURFACE_WITH_KNOTS ( 'NONE', 3, 1, ( 
 ( #395, #2865 ),
 ( #5982, #1292 ),
 ( #1330, #5605 ),
 ( #2905, #4017 ),
 ( #851, #6657 ),
 ( #5542, #1851 ),
 ( #2498, #4606 ),
 ( #3526, #1954 ),
 ( #6583, #2939 ),
 ( #1438, #355 ),
 ( #5471, #2354 ) ),
 .UNSPECIFIED., .F., .F., .F.,
 ( 4, 1, 1, 1, 1, 1, 1, 1, 4 ),
 ( 2, 2 ),
 ( 0.0000000000000000000, 0.1280448550143801212, 0.2514507875593853803, 0.3715733394035895532, 0.4904118675290054519, 0.6102007835889290410, 0.7338092424176936301, 0.8631756517415545282, 1.000000000000000000 ),
 ( 0.0000000000000000000, 1.000000000000000000 ),
 .UNSPECIFIED. ) ;
#5266 = B_SPLINE_CURVE_WITH_KNOTS ( 'NONE', 3,
 ( #4259, #6332, #6363, #590, #2690, #6007, #2305, #1318, #5929, #3274, #5354, #104, #1208, #6457, #3408, #3307, #6392, #619, #240 ),
 .UNSPECIFIED., .F., .F.,
 ( 4, 1, 1, 1, 1, 1, 1, 1, 1, 1, 1, 1, 1, 1, 1, 1, 4 ),
 ( 0.0000000000000000000, 0.1035912185104563565, 0.2029240549572218499, 0.2995549475107190385, 0.3943796774187813825, 0.4406685374412071532, 0.4848531801550394760, 0.5274503678116754246, 0.5682507811966355238, 0.6077241269465678553, 0.6458461618185284969, 0.6834081260439655026, 0.7200582074840322644, 0.7909773922395051393, 0.8600761817124048525, 0.9295278777467855802, 1.000000000000000000 ),
 .UNSPECIFIED. ) ;
#5267 = CARTESIAN_POINT ( 'NONE',  ( 0.1388972332287571332, -0.1294007604797804689, 0.4989999999999997771 ) ) ;
#5268 = CARTESIAN_POINT ( 'NONE',  ( 0.1765041019138744449, 0.02906872006113944695, 0.4989999999999997771 ) ) ;
#5269 = ORIENTED_EDGE ( 'NONE', *, *, #3923, .T. ) ;
#5270 = CARTESIAN_POINT ( 'NONE',  ( -0.08727630176176488785, 0.05413462480763622103, 0.4989999999999999991 ) ) ;
#5271 = FACE_OUTER_BOUND ( 'NONE', #2262, .T. ) ;
#5272 = FILL_AREA_STYLE_COLOUR ( '', #5765 ) ;
#5273 = PRESENTATION_STYLE_ASSIGNMENT (( #6309 ) ) ;
#5274 = CARTESIAN_POINT ( 'NONE',  ( -0.1292166993385427953, 0.1067886452731811597, 0.5000000000000000000 ) ) ;
#5275 = FILL_AREA_STYLE ('',( #27 ) ) ;
#5276 = SURFACE_SIDE_STYLE ('',( #4715 ) ) ;
#5278 = ORIENTED_EDGE ( 'NONE', *, *, #1660, .T. ) ;
#5277 = CARTESIAN_POINT ( 'NONE',  ( -0.2533571572230679525, 0.1554630555548097981, 0.4999999999999998890 ) ) ;
#5279 = CARTESIAN_POINT ( 'NONE',  ( -0.3285218318392455483, 0.08091735354968815352, 0.4999999999999998890 ) ) ;
#5280 = ORIENTED_EDGE ( 'NONE', *, *, #4, .T. ) ;
#5281 = CARTESIAN_POINT ( 'NONE',  ( 0.06148705295536699422, 0.1066906966262874679, 0.5000000000000000000 ) ) ;
#5282 = EDGE_CURVE ( 'NONE', #3513, #4773, #1266, .T. ) ;
#5283 = VECTOR ( 'NONE', #1332, 1000.000000000000000 ) ;
#5284 = CARTESIAN_POINT ( 'NONE',  ( 0.5200000000000000178, -0.3499999999999999778, 0.4800000000000000377 ) ) ;
#5286 = CARTESIAN_POINT ( 'NONE',  ( 0.07985086197314171519, -0.1426381237838648397, 0.5000000000000001110 ) ) ;
#5285 =( NAMED_UNIT ( * ) SI_UNIT ( $, .STERADIAN. ) SOLID_ANGLE_UNIT ( ) );
#5287 = CARTESIAN_POINT ( 'NONE',  ( -0.07049117261041198956, -0.1061668116866434364, 0.4999999999999996669 ) ) ;
#5288 =( GEOMETRIC_REPRESENTATION_CONTEXT ( 3 ) GLOBAL_UNCERTAINTY_ASSIGNED_CONTEXT ( ( #6013 ) ) GLOBAL_UNIT_ASSIGNED_CONTEXT ( ( #4394, #1181, #6499 ) ) REPRESENTATION_CONTEXT ( 'NONE', 'WORKASPACE' ) );
#5289 = CARTESIAN_POINT ( 'NONE',  ( -0.1367830512820856492, 0.1423352423403125289, 0.4989999999999999991 ) ) ;
#5290 =( GEOMETRIC_REPRESENTATION_CONTEXT ( 3 ) GLOBAL_UNCERTAINTY_ASSIGNED_CONTEXT ( ( #1078 ) ) GLOBAL_UNIT_ASSIGNED_CONTEXT ( ( #1016, #4226, #1049 ) ) REPRESENTATION_CONTEXT ( 'NONE', 'WORKASPACE' ) );
#5291 = ORIENTED_EDGE ( 'NONE', *, *, #6701, .F. ) ;
#5292 = CARTESIAN_POINT ( 'NONE',  ( -0.4999999999999998890, -0.4500000000000000111, 0.5000000000000000000 ) ) ;
#5293 = DIRECTION ( 'NONE',  ( -2.168404344971008868E-16, -0.0000000000000000000, -1.000000000000000000 ) ) ;
#5294 = CARTESIAN_POINT ( 'NONE',  ( -0.05754535534650292994, 0.1120340907766710359, 0.5000000000000000000 ) ) ;
#5295 = STYLED_ITEM ( 'NONE', ( #3745 ), #2286 ) ;
#5296 = DIRECTION ( 'NONE',  ( -0.7071067811865504593, 9.583083854271130395E-16, 0.7071067811865445751 ) ) ;
#5297 = LINE ( 'NONE', #1678, #1604 ) ;
#5298 =( LENGTH_UNIT ( ) NAMED_UNIT ( * ) SI_UNIT ( .MILLI., .METRE. ) );
#5299 = STYLED_ITEM ( 'NONE', ( #2021 ), #896 ) ;
#5300 = PRODUCT_RELATED_PRODUCT_CATEGORY ( 'part', '', ( #4302 ) ) ;
#5301 = STYLED_ITEM ( 'NONE', ( #3401 ), #2615 ) ;
#5302 = CARTESIAN_POINT ( 'NONE',  ( -0.2682249204567124234, 0.1614758553789334139, 0.5000000000000001110 ) ) ;
#5303 = CARTESIAN_POINT ( 'NONE',  ( -0.1427957822812453703, -0.04162430376379233632, 0.4999999999999998890 ) ) ;
#5304 = CARTESIAN_POINT ( 'NONE',  ( -0.04150768031364115984, 0.03388993411112847104, 0.4989999999999999991 ) ) ;
#5305 = CARTESIAN_POINT ( 'NONE',  ( -0.3019673198450402163, -0.1426381237838648397, 0.5000000000000001110 ) ) ;
#5306 = ADVANCED_FACE ( 'NONE', ( #5014, #3363 ), #3919, .T. ) ;
#5307 = DIRECTION ( 'NONE',  ( -0.7071067811865504593, 0.0000000000000000000, 0.7071067811865445751 ) ) ;
#5308 = COLOUR_RGB ( '',1.000000000000000000, 1.000000000000000000, 1.000000000000000000 ) ;
#5309 = PRESENTATION_STYLE_ASSIGNMENT (( #5789 ) ) ;
#5311 = CARTESIAN_POINT ( 'NONE',  ( 0.1455159060304428986, 0.009329430002441430406, 0.5000000000000001110 ) ) ;
#5310 =( GEOMETRIC_REPRESENTATION_CONTEXT ( 3 ) GLOBAL_UNCERTAINTY_ASSIGNED_CONTEXT ( ( #5129 ) ) GLOBAL_UNIT_ASSIGNED_CONTEXT ( ( #5517, #6511, #2259 ) ) REPRESENTATION_CONTEXT ( 'NONE', 'WORKASPACE' ) );
#5312 = VERTEX_POINT ( 'NONE', #1383 ) ;
#5313 = LINE ( 'NONE', #4277, #2148 ) ;
#5314 =( NAMED_UNIT ( * ) SI_UNIT ( $, .STERADIAN. ) SOLID_ANGLE_UNIT ( ) );
#5315 = ORIENTED_EDGE ( 'NONE', *, *, #3600, .F. ) ;
#5316 = CARTESIAN_POINT ( 'NONE',  ( 0.04816913369018169244, 0.01511299779022749930, 0.4989999999999999991 ) ) ;
#5318 = CARTESIAN_POINT ( 'NONE',  ( -0.1738991316675429777, -0.004734699249161880563, 0.5000000000000000000 ) ) ;
#5317 =( LENGTH_UNIT ( ) NAMED_UNIT ( * ) SI_UNIT ( .MILLI., .METRE. ) );
#5319 = CARTESIAN_POINT ( 'NONE',  ( -0.08709963258131517283, -0.1132066313045196199, 0.4999999999999997780 ) ) ;
#5320 = ORIENTED_EDGE ( 'NONE', *, *, #3729, .F. ) ;
#5321 = CARTESIAN_POINT ( 'NONE',  ( 0.09571882810836498945, 0.1320567027297141205, 0.5000000000000000000 ) ) ;
#5322 = B_SPLINE_SURFACE_WITH_KNOTS ( 'NONE', 3, 1, ( 
 ( #6545, #5229 ),
 ( #2424, #1535 ),
 ( #4149, #492 ),
 ( #4656, #4727 ),
 ( #1501, #5543 ),
 ( #1920, #6292 ),
 ( #462, #2940 ),
 ( #3176, #2551 ),
 ( #852, #5195 ),
 ( #3587, #1073 ),
 ( #3067, #6261 ),
 ( #5038, #3979 ),
 ( #9, #4538 ),
 ( #4758, #1567 ),
 ( #1038, #1373 ),
 ( #3659, #1602 ),
 ( #4692, #2621 ),
 ( #5774, #6619 ),
 ( #2114, #3622 ) ),
 .UNSPECIFIED., .F., .F., .F.,
 ( 4, 1, 1, 1, 1, 1, 1, 1, 1, 1, 1, 1, 1, 1, 1, 1, 4 ),
 ( 2, 2 ),
 ( 0.0000000000000000000, 0.08701471137865647576, 0.1695598245732131693, 0.2469226256505769046, 0.3202169950582076097, 0.3887517679229122725, 0.4537825496211079779, 0.5150516870490531307, 0.5736620891228678687, 0.6290758527007888068, 0.6828985533418271414, 0.7347254989727549646, 0.7862731088513067457, 0.8379473974624702670, 0.8900626367974676656, 0.9438245665866369372, 1.000000000000000000 ),
 ( 0.0000000000000000000, 1.000000000000000000 ),
 .UNSPECIFIED. ) ;
#5323 = CARTESIAN_POINT ( 'NONE',  ( -0.3647281018038766032, 0.02723960817167099535, 0.4989999999999998881 ) ) ;
#5324 = MECHANICAL_DESIGN_GEOMETRIC_PRESENTATION_REPRESENTATION (  '', ( #2810 ), #951 ) ;
#5325 = CARTESIAN_POINT ( 'NONE',  ( -0.02637387501219182195, 0.01348511406708011520, 0.5000000000000002220 ) ) ;
#5326 = CARTESIAN_POINT ( 'NONE',  ( 0.3510317012466596664, 0.005255010134992944837, 0.4990000000000001101 ) ) ;
#5327 = DIRECTION ( 'NONE',  ( 0.0000000000000000000, 0.0000000000000000000, 1.000000000000000000 ) ) ;
#5328 = CARTESIAN_POINT ( 'NONE',  ( -0.03385053857078459266, -0.1134818702966850085, 0.4989999999999999991 ) ) ;
#5329 = SURFACE_STYLE_USAGE ( .BOTH. , #5844 ) ;
#5330 = AXIS2_PLACEMENT_3D ( 'NONE', #5210, #511, #6272 ) ;
#5331 = CARTESIAN_POINT ( 'NONE',  ( -0.2851862043591674167, -0.1445666738936624285, 0.5000000000000001110 ) ) ;
#5332 = CARTESIAN_POINT ( 'NONE',  ( -0.09320609681198045726, -0.1133406688892809322, 0.5000000000000001110 ) ) ;
#5333 = CARTESIAN_POINT ( 'NONE',  ( -0.1353984663473891958, 0.03229707219596042456, 0.4989999999999998881 ) ) ;
#5334 = B_SPLINE_CURVE_WITH_KNOTS ( 'NONE', 3,
 ( #3164, #6248, #6312, #5148, #5759, #544, #2068, #2574, #6182, #3194, #3126, #4714, #5215, #6802, #446 ),
 .UNSPECIFIED., .F., .F.,
 ( 4, 1, 1, 1, 1, 1, 1, 1, 1, 1, 1, 1, 4 ),
 ( 0.0000000000000000000, 0.1157650784265954330, 0.2252032054860274302, 0.3349430611455465612, 0.4481580580999232066, 0.5071195114202255994, 0.5672858645983624992, 0.6306224506208056857, 0.6965576080074882270, 0.7662657032136763746, 0.8400942303236406117, 0.9174810998729969747, 1.000000000000000000 ),
 .UNSPECIFIED. ) ;
#5335 = EDGE_LOOP ( 'NONE', ( #708, #1037, #3504, #5635 ) ) ;
#5336 = CARTESIAN_POINT ( 'NONE',  ( -0.1708410583666746807, -0.05070248479552098148, 0.5000000000000000000 ) ) ;
#5337 = CARTESIAN_POINT ( 'NONE',  ( -0.1093353155093874235, 0.1275735325108504070, 0.5000000000000000000 ) ) ;
#5338 = SURFACE_SIDE_STYLE ('',( #4810 ) ) ;
#5339 = EDGE_CURVE ( 'NONE', #3336, #5194, #2431, .T. ) ;
#5340 = LINE ( 'NONE', #637, #131 ) ;
#5342 = ORIENTED_EDGE ( 'NONE', *, *, #1857, .T. ) ;
#5341 = CARTESIAN_POINT ( 'NONE',  ( 0.04811330862784551909, 0.009329430002441428671, 0.4989999999999999991 ) ) ;
#5343 = CARTESIAN_POINT ( 'NONE',  ( -0.3318666027317844769, 0.05650933887673412204, 0.4999999999999998890 ) ) ;
#5344 = VERTEX_POINT ( 'NONE', #1896 ) ;
#5345 = PRESENTATION_LAYER_ASSIGNMENT (  '', '', ( #4921 ) ) ;
#5346 = CARTESIAN_POINT ( 'NONE',  ( 0.08130235722385048547, 0.1286317476230179890, 0.4989999999999999991 ) ) ;
#5347 = SURFACE_STYLE_FILL_AREA ( #2265 ) ;
#5348 = CARTESIAN_POINT ( 'NONE',  ( 0.04992046885152458952, -0.03820148929383111042, 0.4990000000000001101 ) ) ;
#5349 = CARTESIAN_POINT ( 'NONE',  ( -0.04545075410995320225, -0.04651526509452409697, 0.4989999999999999991 ) ) ;
#5350 = CARTESIAN_POINT ( 'NONE',  ( -0.1708008019611570449, 0.05962008070519069641, 0.4990000000000002212 ) ) ;
#5351 = ORIENTED_EDGE ( 'NONE', *, *, #2866, .T. ) ;
#5352 = CARTESIAN_POINT ( 'NONE',  ( 0.2877845748616117416, 0.007381378054389486909, 0.4990000000000001101 ) ) ;
#5353 = CARTESIAN_POINT ( 'NONE',  ( -0.1331163991643622702, 0.09924420272971415380, 0.4989999999999999991 ) ) ;
#5354 = CARTESIAN_POINT ( 'NONE',  ( -0.04081428882790896079, -0.1224496901887843353, 0.5000000000000001110 ) ) ;
#5355 =( GEOMETRIC_REPRESENTATION_CONTEXT ( 3 ) GLOBAL_UNCERTAINTY_ASSIGNED_CONTEXT ( ( #304 ) ) GLOBAL_UNIT_ASSIGNED_CONTEXT ( ( #3588, #423, #4627 ) ) REPRESENTATION_CONTEXT ( 'NONE', 'WORKASPACE' ) );
#5356 = CARTESIAN_POINT ( 'NONE',  ( -0.2144273220965110804, 0.09611892334299379503, 0.4999999999999998890 ) ) ;
#5357 = PLANE ( 'NONE',  #3896 ) ;
#5358 =( NAMED_UNIT ( * ) SI_UNIT ( $, .STERADIAN. ) SOLID_ANGLE_UNIT ( ) );
#5359 = DIRECTION ( 'NONE',  ( -6.255012533570220164E-16, 0.0000000000000000000, -1.000000000000000000 ) ) ;
#5360 = CARTESIAN_POINT ( 'NONE',  ( 0.5399999999999999245, 0.3499999999999999778, -0.0009999999999999158867 ) ) ;
#5361 = EDGE_CURVE ( 'NONE', #1342, #3696, #634, .T. ) ;
#5362 = CARTESIAN_POINT ( 'NONE',  ( -0.2659484154648971144, 0.1259233261452060160, 0.4990000000000001101 ) ) ;
#5363 = CARTESIAN_POINT ( 'NONE',  ( -0.3242645148929110821, -0.1311780678248185839, 0.5000000000000003331 ) ) ;
#5364 = CARTESIAN_POINT ( 'NONE',  ( -0.08954627734974376918, 0.1320065786255963380, 0.4989999999999998881 ) ) ;
#5365 = CARTESIAN_POINT ( 'NONE',  ( -0.7800000000000001377, 0.4500000000000000111, 0.4800000000000001488 ) ) ;
#5366 = CARTESIAN_POINT ( 'NONE',  ( 0.7800000000000001377, 0.4500000000000000111, 0.02000000000000005246 ) ) ;
#5367 = PLANE ( 'NONE',  #6786 ) ;
#5368 = FILL_AREA_STYLE_COLOUR ( '', #4250 ) ;
#5369 = EDGE_CURVE ( 'NONE', #3454, #273, #3503, .T. ) ;
#5370 = LINE ( 'NONE', #1260, #1473 ) ;
#5371 = B_SPLINE_SURFACE_WITH_KNOTS ( 'NONE', 3, 1, ( 
 ( #2368, #2065 ),
 ( #1519, #5213 ),
 ( #3053, #6179 ),
 ( #5083, #1933 ),
 ( #1483, #4551 ),
 ( #1419, #6630 ),
 ( #3020, #4030 ) ),
 .UNSPECIFIED., .F., .F., .F.,
 ( 4, 1, 1, 1, 4 ),
 ( 2, 2 ),
 ( 0.0000000000000000000, 0.3075528063716645444, 0.5759055724262159837, 0.8043033581641044760, 1.000000000000000000 ),
 ( 0.0000000000000000000, 1.000000000000000000 ),
 .UNSPECIFIED. ) ;
#5372 = CARTESIAN_POINT ( 'NONE',  ( -0.1205266178295793245, 0.01319470998154973970, 0.4999999999999998890 ) ) ;
#5373 = CARTESIAN_POINT ( 'NONE',  ( 0.1447976813181776623, -0.02343912402562272138, 0.4999999999999995559 ) ) ;
#5374 =( LENGTH_UNIT ( ) NAMED_UNIT ( * ) SI_UNIT ( .MILLI., .METRE. ) );
#5375 = DIRECTION ( 'NONE',  ( 0.0000000000000000000, 0.0000000000000000000, -1.000000000000000000 ) ) ;
#5376 = CARTESIAN_POINT ( 'NONE',  ( -0.2497984180524895070, -0.08806151053125460537, 0.5000000000000001110 ) ) ;
#5377 = ORIENTED_EDGE ( 'NONE', *, *, #2828, .F. ) ;
#5378 = CARTESIAN_POINT ( 'NONE',  ( 0.09404602586120566765, 0.1320004655111084446, 0.5000000000000000000 ) ) ;
#5380 = CARTESIAN_POINT ( 'NONE',  ( 0.07202001305962831001, -0.1398634879396183084, 0.4999999999999998890 ) ) ;
#5379 = CARTESIAN_POINT ( 'NONE',  ( 0.04811330862784551909, 0.009329430002441428671, 0.4999999999999998890 ) ) ;
#5381 = FILL_AREA_STYLE_COLOUR ( '', #6085 ) ;
#5382 = ORIENTED_EDGE ( 'NONE', *, *, #558, .T. ) ;
#5383 = LINE ( 'NONE', #683, #728 ) ;
#5384 = LINE ( 'NONE', #5871, #5421 ) ;
#5385 = PRESENTATION_STYLE_ASSIGNMENT (( #6488 ) ) ;
#5386 = MECHANICAL_DESIGN_GEOMETRIC_PRESENTATION_REPRESENTATION (  '', ( #3427 ), #6169 ) ;
#5387 = SURFACE_SIDE_STYLE ('',( #3863 ) ) ;
#5388 = FILL_AREA_STYLE_COLOUR ( '', #4712 ) ;
#5389 = ORIENTED_EDGE ( 'NONE', *, *, #4736, .F. ) ;
#5390 = DIRECTION ( 'NONE',  ( 0.0000000000000000000, 0.0000000000000000000, -1.000000000000000000 ) ) ;
#5391 = DIRECTION ( 'NONE',  ( 0.0000000000000000000, 0.0000000000000000000, -1.000000000000000000 ) ) ;
#5392 = STYLED_ITEM ( 'NONE', ( #4721 ), #2002 ) ;
#5393 = PRESENTATION_LAYER_ASSIGNMENT (  '', '', ( #3218 ) ) ;
#5394 = CARTESIAN_POINT ( 'NONE',  ( -0.2395916724968748523, 0.06996765166811613756, 0.4989999999999999991 ) ) ;
#5395 = CARTESIAN_POINT ( 'NONE',  ( -0.3526572257224306894, -0.08929986669294548429, 0.4990000000000001101 ) ) ;
#5396 = CARTESIAN_POINT ( 'NONE',  ( -0.3285218318392455483, 0.08091735354968815352, 0.4999999999999998890 ) ) ;
#5397 = MECHANICAL_DESIGN_GEOMETRIC_PRESENTATION_REPRESENTATION (  '', ( #5392 ), #2447 ) ;
#5398 = EDGE_CURVE ( 'NONE', #6388, #474, #956, .T. ) ;
#5399 = CARTESIAN_POINT ( 'NONE',  ( 0.3257201807922140424, -0.01265760543951805275, 0.5000000000000000000 ) ) ;
#5400 = LINE ( 'NONE', #695, #5075 ) ;
#5401 = CARTESIAN_POINT ( 'NONE',  ( 0.1212666915454983091, 0.1589597259316671563, 0.4989999999999999991 ) ) ;
#5402 = CARTESIAN_POINT ( 'NONE',  ( -0.09092889916436226738, 0.1320567027297141205, 0.5000000000000000000 ) ) ;
#5403 = AXIS2_PLACEMENT_3D ( 'NONE', #3449, #1878, #6680 ) ;
#5404 =( LENGTH_UNIT ( ) NAMED_UNIT ( * ) SI_UNIT ( .MILLI., .METRE. ) );
#5405 = CARTESIAN_POINT ( 'NONE',  ( 0.5200000000000000178, -0.4500000000000000111, 0.4800000000000000377 ) ) ;
#5407 = ORIENTED_EDGE ( 'NONE', *, *, #3357, .F. ) ;
#5406 = CARTESIAN_POINT ( 'NONE',  ( 0.3250707225168737446, -0.09147717363773477661, 0.4999999999999998890 ) ) ;
#5408 = PRESENTATION_LAYER_ASSIGNMENT (  '', '', ( #3559 ) ) ;
#5409 = CARTESIAN_POINT ( 'NONE',  ( 0.05755366692527084244, -0.1311780678248185839, 0.5000000000000002220 ) ) ;
#5410 = CARTESIAN_POINT ( 'NONE',  ( -0.2414557025733108653, -0.06231043204667918722, 0.5000000000000001110 ) ) ;
#5411 = ORIENTED_EDGE ( 'NONE', *, *, #447, .T. ) ;
#5412 = CARTESIAN_POINT ( 'NONE',  ( -0.08868093930256329416, 0.02286057238889035309, 0.5000000000000001110 ) ) ;
#5413 = CARTESIAN_POINT ( 'NONE',  ( -0.2497984180524895070, -0.08806151053125460537, 0.4990000000000001101 ) ) ;
#5415 = CARTESIAN_POINT ( 'NONE',  ( -0.1365651668096289628, 0.09161366388488272061, 0.4990000000000001101 ) ) ;
#5414 = CARTESIAN_POINT ( 'NONE',  ( 0.07329957202106884839, -0.1037373534998122515, 0.4989999999999998881 ) ) ;
#5416 = ADVANCED_FACE ( 'NONE', ( #5582 ), #3570, .T. ) ;
#5417 = CARTESIAN_POINT ( 'NONE',  ( 0.1010717817999388646, 0.1318614786664695782, 0.4989999999999998881 ) ) ;
#5418 = CARTESIAN_POINT ( 'NONE',  ( 0.2591019229769739307, 0.1586404124559460949, 0.5000000000000000000 ) ) ;
#5419 = EDGE_LOOP ( 'NONE', ( #2537, #3916, #842, #1558, #5786, #3432, #1156, #1860 ) ) ;
#5420 = FILL_AREA_STYLE ('',( #3373 ) ) ;
#5421 = VECTOR ( 'NONE', #6362, 1000.000000000000000 ) ;
#5422 = CARTESIAN_POINT ( 'NONE',  ( -0.1292166993385427953, 0.1067886452731811597, 0.4989999999999999991 ) ) ;
#5423 = CARTESIAN_POINT ( 'NONE',  ( -0.08039515756861170814, 0.1630344053919177139, 0.5000000000000001110 ) ) ;
#5424 = PRESENTATION_LAYER_ASSIGNMENT (  '', '', ( #5758 ) ) ;
#5425 = FILL_AREA_STYLE ('',( #5815 ) ) ;
#5426 = FACE_OUTER_BOUND ( 'NONE', #3201, .T. ) ;
#5427 = SURFACE_STYLE_USAGE ( .BOTH. , #3766 ) ;
#5428 = CARTESIAN_POINT ( 'NONE',  ( 0.3464241001178461898, 0.01044482517457050695, 0.5000000000000000000 ) ) ;
#5429 = ORIENTED_EDGE ( 'NONE', *, *, #5575, .F. ) ;
#5430 = CARTESIAN_POINT ( 'NONE',  ( -0.05395325241471861377, -0.1340195728105982587, 0.5000000000000001110 ) ) ;
#5431 = CARTESIAN_POINT ( 'NONE',  ( -0.1435478630519637644, 0.1347389118439028810, 0.4990000000000001101 ) ) ;
#5432 = MECHANICAL_DESIGN_GEOMETRIC_PRESENTATION_REPRESENTATION (  '', ( #3146 ), #5647 ) ;
#5433 = FILL_AREA_STYLE_COLOUR ( '', #6490 ) ;
#5434 = CARTESIAN_POINT ( 'NONE',  ( -0.3097981687585534272, -0.1398634879396183084, 0.5000000000000000000 ) ) ;
#5435 = CARTESIAN_POINT ( 'NONE',  ( -0.3049101559123268967, 0.1258224545745108836, 0.5000000000000000000 ) ) ;
#5436 = DIRECTION ( 'NONE',  ( 0.0000000000000000000, 1.000000000000000000, 0.0000000000000000000 ) ) ;
#5437 = COLOUR_RGB ( '',1.000000000000000000, 1.000000000000000000, 1.000000000000000000 ) ;
#5438 = DIRECTION ( 'NONE',  ( 0.0000000000000000000, 1.000000000000000000, 0.0000000000000000000 ) ) ;
#5439 = FACE_OUTER_BOUND ( 'NONE', #1726, .T. ) ;
#5441 = VERTEX_POINT ( 'NONE', #1714 ) ;
#5440 = CARTESIAN_POINT ( 'NONE',  ( 0.1246404828056636438, -0.09921352014837235556, 0.4999999999999995559 ) ) ;
#5442 = CARTESIAN_POINT ( 'NONE',  ( 0.07202001305962831001, -0.1398634879396183084, 0.4999999999999998890 ) ) ;
#5443 = DIRECTION ( 'NONE',  ( -0.0000000000000000000, -0.0000000000000000000, 1.000000000000000000 ) ) ;
#5444 = VERTEX_POINT ( 'NONE', #657 ) ;
#5445 = CARTESIAN_POINT ( 'NONE',  ( 0.1765409181596325483, -0.008702789788698973156, 0.4989999999999999991 ) ) ;
#5446 = CARTESIAN_POINT ( 'NONE',  ( -0.05311758916625366339, -0.004244838309496537683, 0.4999999999999998890 ) ) ;
#5447 = CARTESIAN_POINT ( 'NONE',  ( 0.3556285981763497861, 0.07526988598674637376, 0.4990000000000001101 ) ) ;
#5448 = EDGE_CURVE ( 'NONE', #1874, #3621, #5879, .T. ) ;
#5449 = CARTESIAN_POINT ( 'NONE',  ( -0.2697358128900100294, -0.1099751125284872399, 0.4999999999999996669 ) ) ;
#5451 = CARTESIAN_POINT ( 'NONE',  ( 0.3290870202938867006, 0.02179582990934207654, 0.5000000000000000000 ) ) ;
#5450 = SURFACE_SIDE_STYLE ('',( #2201 ) ) ;
#5452 = CARTESIAN_POINT ( 'NONE',  ( 0.1447958211451669808, 0.04242217291370060928, 0.5000000000000000000 ) ) ;
#5453 = CARTESIAN_POINT ( 'NONE',  ( 0.3643539557827725206, -0.07922656048579944377, 0.4990000000000001101 ) ) ;
#5454 = ORIENTED_EDGE ( 'NONE', *, *, #847, .F. ) ;
#5455 =( LENGTH_UNIT ( ) NAMED_UNIT ( * ) SI_UNIT ( .MILLI., .METRE. ) );
#5456 = CARTESIAN_POINT ( 'NONE',  ( -0.3033505627856261655, 0.1610319621919648336, 0.4989999999999997771 ) ) ;
#5457 = AXIS2_PLACEMENT_3D ( 'NONE', #1686, #3257, #5474 ) ;
#5458 = CARTESIAN_POINT ( 'NONE',  ( -0.04071890244307531381, 0.1442776461039042279, 0.4990000000000001101 ) ) ;
#5460 = CARTESIAN_POINT ( 'NONE',  ( 0.3401580478346108438, 0.1353775013753685807, 0.4990000000000001101 ) ) ;
#5459 = CARTESIAN_POINT ( 'NONE',  ( 0.1514332891664015857, -0.1145339276333229156, 0.5000000000000002220 ) ) ;
#5461 = DIRECTION ( 'NONE',  ( 6.255012533570217206E-16, 0.0000000000000000000, -1.000000000000000000 ) ) ;
#5462 = LINE ( 'NONE', #6493, #5138 ) ;
#5463 = ORIENTED_EDGE ( 'NONE', *, *, #4765, .F. ) ;
#5464 = CARTESIAN_POINT ( 'NONE',  ( 0.1765041019138744449, 0.02906872006113944695, 0.4999999999999997780 ) ) ;
#5465 = PLANE ( 'NONE',  #6319 ) ;
#5466 = ADVANCED_FACE ( 'NONE', ( #1214 ), #5716, .T. ) ;
#5468 = CARTESIAN_POINT ( 'NONE',  ( -0.2536199701979285348, 0.1129808212730619432, 0.4989999999999999991 ) ) ;
#5467 = AXIS2_PLACEMENT_3D ( 'NONE', #3068, #463, #3660 ) ;
#5469 = CARTESIAN_POINT ( 'NONE',  ( -0.3429095239612204860, -0.1099190716672146517, 0.4989999999999998881 ) ) ;
#5470 = CARTESIAN_POINT ( 'NONE',  ( -0.3285009029069899666, -0.06271811948527544756, 0.4990000000000001101 ) ) ;
#5471 = CARTESIAN_POINT ( 'NONE',  ( 0.1522123346018714740, 0.1315696897427011680, 0.4989999999999999991 ) ) ;
#5472 = CARTESIAN_POINT ( 'NONE',  ( 0.3067673715668215451, 0.003529839590780302610, 0.5000000000000000000 ) ) ;
#5473 = CARTESIAN_POINT ( 'NONE',  ( -0.09092889916436226738, 0.1320567027297141205, 0.4989999999999999991 ) ) ;
#5474 = DIRECTION ( 'NONE',  ( 0.0000000000000000000, 0.0000000000000000000, -1.000000000000000000 ) ) ;
#5475 =( LENGTH_UNIT ( ) NAMED_UNIT ( * ) SI_UNIT ( .MILLI., .METRE. ) );
#5476 = SURFACE_STYLE_FILL_AREA ( #3913 ) ;
#5477 = DIRECTION ( 'NONE',  ( -0.9922778767136675171, 0.1240347345892088698, 0.0000000000000000000 ) ) ;
#5479 = ORIENTED_EDGE ( 'NONE', *, *, #4818, .F. ) ;
#5478 = CARTESIAN_POINT ( 'NONE',  ( 0.3364249969395338713, -0.05063404402353259559, 0.5000000000000000000 ) ) ;
#5480 = CARTESIAN_POINT ( 'NONE',  ( -0.3335420665888089720, 0.02619646027213246020, 0.5000000000000001110 ) ) ;
#5481 = FILL_AREA_STYLE ('',( #668 ) ) ;
#5482 = CARTESIAN_POINT ( 'NONE',  ( -0.2381367894703827759, -0.03785127457177712290, 0.5000000000000001110 ) ) ;
#5483 = VERTEX_POINT ( 'NONE', #1743 ) ;
#5484 = CARTESIAN_POINT ( 'NONE',  ( 0.2154681477330493422, -0.09401330463373941404, 0.4989999999999999991 ) ) ;
#5485 = CARTESIAN_POINT ( 'NONE',  ( -0.06667441220585913764, 0.01313904406483802113, 0.5000000000000000000 ) ) ;
#5486 = CARTESIAN_POINT ( 'NONE',  ( -0.04539318487864799773, -0.04387673882872740461, 0.4989999999999999991 ) ) ;
#5487 = CARTESIAN_POINT ( 'NONE',  ( 0.1583179979398310899, 0.1211280232643391075, 0.5000000000000000000 ) ) ;
#5488 = CARTESIAN_POINT ( 'NONE',  ( 0.3663001156338724362, -0.03172822984085784531, 0.4999999999999998890 ) ) ;
#5489 =( LENGTH_UNIT ( ) NAMED_UNIT ( * ) SI_UNIT ( .MILLI., .METRE. ) );
#5490 = CARTESIAN_POINT ( 'NONE',  ( 0.2371013455217783061, 0.1445843395621372041, 0.5000000000000000000 ) ) ;
#5491 = ORIENTED_EDGE ( 'NONE', *, *, #5141, .F. ) ;
#5492 = EDGE_CURVE ( 'NONE', #340, #5441, #4199, .T. ) ;
#5493 = CARTESIAN_POINT ( 'NONE',  ( -0.01430264647006850368, -0.03918727603700471185, 0.5000000000000000000 ) ) ;
#5494 = CARTESIAN_POINT ( 'NONE',  ( -0.1419229636443342102, -0.05694066434380612440, 0.4999999999999998890 ) ) ;
#5495 = CARTESIAN_POINT ( 'NONE',  ( -0.08274435718617707824, -0.1123509389467723246, 0.4989999999999999991 ) ) ;
#5497 = CARTESIAN_POINT ( 'NONE',  ( 0.3547504503640271367, 0.1012118835126737115, 0.5000000000000002220 ) ) ;
#5496 = CARTESIAN_POINT ( 'NONE',  ( 0.09663197745901434821, -0.1445666738936624285, 0.4989999999999999991 ) ) ;
#5498 = CARTESIAN_POINT ( 'NONE',  ( 0.2524974153431018831, -0.09487035128229406866, 0.4989999999999999991 ) ) ;
#5499 = ORIENTED_EDGE ( 'NONE', *, *, #1151, .F. ) ;
#5500 = ADVANCED_FACE ( 'NONE', ( #3250 ), #3121, .F. ) ;
#5501 = CARTESIAN_POINT ( 'NONE',  ( 0.2851668800564169937, 0.1632255338985453275, 0.4990000000000001101 ) ) ;
#5502 = PRESENTATION_LAYER_ASSIGNMENT (  '', '', ( #1012 ) ) ;
#5503 = DIRECTION ( 'NONE',  ( 1.000000000000000000, 0.0000000000000000000, -0.0000000000000000000 ) ) ;
#5504 = CARTESIAN_POINT ( 'NONE',  ( -0.2895586526484963397, -0.1132337257826071947, 0.4989999999999999991 ) ) ;
#5505 = PRESENTATION_STYLE_ASSIGNMENT (( #3419 ) ) ;
#5506 = CARTESIAN_POINT ( 'NONE',  ( 0.04811330862784551909, 0.009329430002441428671, 0.4999999999999997780 ) ) ;
#5508 = CARTESIAN_POINT ( 'NONE',  ( 0.3060645996193978036, 0.1602580953792397123, 0.5000000000000000000 ) ) ;
#5507 = VECTOR ( 'NONE', #3877, 1000.000000000000227 ) ;
#5509 = CARTESIAN_POINT ( 'NONE',  ( 0.1471673017860381794, 0.1389771582972160746, 0.4989999999999999991 ) ) ;
#5510 = CARTESIAN_POINT ( 'NONE',  ( -0.2895586526484963397, -0.1132337257826071947, 0.5000000000000000000 ) ) ;
#5511 = B_SPLINE_CURVE_WITH_KNOTS ( 'NONE', 3,
 ( #1428, #6157, #3967, #6086, #6190, #2994, #6643, #2486, #4993, #875, #5094, #937, #275, #6124, #1459, #1941, #417, #6045, #6679 ),
 .UNSPECIFIED., .F., .F.,
 ( 4, 1, 1, 1, 1, 1, 1, 1, 1, 1, 1, 1, 1, 1, 1, 1, 4 ),
 ( 0.0000000000000000000, 0.03475612679208861522, 0.06920497968908576047, 0.1040637835934719452, 0.1399556082715866512, 0.1777369218184897404, 0.2184284661752968759, 0.2625622612246631959, 0.3103376776290858174, 0.3642496298805921739, 0.4261424154125437180, 0.4974026320891993813, 0.5784347426665222835, 0.6686249014675862412, 0.7690992835489116608, 0.8795114840670519296, 0.9999999999999998890 ),
 .UNSPECIFIED. ) ;
#5512 = LINE ( 'NONE', #1443, #2672 ) ;
#5513 = FILL_AREA_STYLE ('',( #775 ) ) ;
#5514 = EDGE_CURVE ( 'NONE', #4739, #5528, #1581, .T. ) ;
#5516 = VERTEX_POINT ( 'NONE', #6397 ) ;
#5515 = CARTESIAN_POINT ( 'NONE',  ( 0.06538344124314339478, -0.09431653086311318768, 0.4989999999999999991 ) ) ;
#5517 =( LENGTH_UNIT ( ) NAMED_UNIT ( * ) SI_UNIT ( .MILLI., .METRE. ) );
#5518 = CARTESIAN_POINT ( 'NONE',  ( -0.7800000000000001377, 0.4500000000000000111, 0.4800000000000001488 ) ) ;
#5519 = CARTESIAN_POINT ( 'NONE',  ( 0.3364249969395338713, -0.05063404402353259559, 0.5000000000000000000 ) ) ;
#5520 = ORIENTED_EDGE ( 'NONE', *, *, #4882, .F. ) ;
#5521 = SURFACE_STYLE_USAGE ( .BOTH. , #1826 ) ;
#5522 = CARTESIAN_POINT ( 'NONE',  ( 0.09571882810836498945, 0.1320567027297141205, 0.4989999999999999991 ) ) ;
#5523 = PRESENTATION_LAYER_ASSIGNMENT (  '', '', ( #4981 ) ) ;
#5524 = CARTESIAN_POINT ( 'NONE',  ( 0.1632411210841495375, 0.1093140923355265526, 0.5000000000000001110 ) ) ;
#5525 = DIRECTION ( 'NONE',  ( 0.9922778767136676281, 0.1240347345892084535, 0.0000000000000000000 ) ) ;
#5526 = CARTESIAN_POINT ( 'NONE',  ( 0.1158697663532846645, 0.1259233261452059049, 0.4989999999999999991 ) ) ;
#5527 = CARTESIAN_POINT ( 'NONE',  ( -0.2381367894703827759, -0.03785127457177712290, 0.4990000000000001101 ) ) ;
#5528 = VERTEX_POINT ( 'NONE', #5602 ) ;
#5529 = CARTESIAN_POINT ( 'NONE',  ( -0.04150768031364115984, 0.03388993411112847104, 0.5000000000000000000 ) ) ;
#5530 = CARTESIAN_POINT ( 'NONE',  ( 0.2860800294070662830, -0.1133978427248312909, 0.4989999999999999991 ) ) ;
#5531 = CARTESIAN_POINT ( 'NONE',  ( -0.06661540059195832086, -0.1030066816047680023, 0.4990000000000001101 ) ) ;
#5532 = DIRECTION ( 'NONE',  ( 1.000000000000000000, 0.0000000000000000000, 9.680376540049147084E-17 ) ) ;
#5533 = STYLED_ITEM ( 'NONE', ( #6197 ), #3762 ) ;
#5534 = UNCERTAINTY_MEASURE_WITH_UNIT (LENGTH_MEASURE( 1.000000000000000082E-05 ), #379, 'distance_accuracy_value', 'NONE');
#5535 = DIRECTION ( 'NONE',  ( -0.0000000000000000000, -0.0000000000000000000, 1.000000000000000000 ) ) ;
#5536 = ORIENTED_EDGE ( 'NONE', *, *, #1994, .F. ) ;
#5537 = CARTESIAN_POINT ( 'NONE',  ( -0.1316230809123281054, 0.0009777135264554441887, 0.5000000000000000000 ) ) ;
#5538 = CARTESIAN_POINT ( 'NONE',  ( 0.1380357759274407348, -0.07233360512463149483, 0.4989999999999999991 ) ) ;
#5539 = SURFACE_SIDE_STYLE ('',( #5067 ) ) ;
#5540 = VECTOR ( 'NONE', #3132, 1000.000000000000000 ) ;
#5541 = CARTESIAN_POINT ( 'NONE',  ( -0.2995526963715151592, -0.1100586623999444541, 0.4990000000000001101 ) ) ;
#5542 = CARTESIAN_POINT ( 'NONE',  ( 0.1284610245951137986, 0.1554630555548099091, 0.4990000000000001101 ) ) ;
#5543 = CARTESIAN_POINT ( 'NONE',  ( 0.2434311265338365560, -0.07471428971922870754, 0.5000000000000000000 ) ) ;
#5544 = CARTESIAN_POINT ( 'NONE',  ( -0.08680553610769864425, 0.1319072187009056596, 0.4989999999999998881 ) ) ;
#5545 = SURFACE_STYLE_USAGE ( .BOTH. , #6622 ) ;
#5546 = CARTESIAN_POINT ( 'NONE',  ( 0.2662951268096636070, 0.003241767664779093751, 0.4989999999999999991 ) ) ;
#5548 = ORIENTED_EDGE ( 'NONE', *, *, #4929, .F. ) ;
#5547 = CARTESIAN_POINT ( 'NONE',  ( -0.09092889916436226738, 0.1320567027297141205, 0.5000000000000000000 ) ) ;
#5549 = CARTESIAN_POINT ( 'NONE',  ( -0.4999999999999998890, -0.4500000000000000111, 0.5000000000000000000 ) ) ;
#5550 = CARTESIAN_POINT ( 'NONE',  ( 0.04823994656349572807, 0.1412518975797310006, 0.4989999999999998881 ) ) ;
#5551 = ORIENTED_EDGE ( 'NONE', *, *, #5969, .F. ) ;
#5552 = CARTESIAN_POINT ( 'NONE',  ( 0.2078535683681052015, -0.05885238817937674116, 0.4989999999999999991 ) ) ;
#5553 = VECTOR ( 'NONE', #899, 1000.000000000000000 ) ;
#5554 = CARTESIAN_POINT ( 'NONE',  ( -0.08868093930256329416, 0.02286057238889035309, 0.4990000000000002212 ) ) ;
#5555 =( GEOMETRIC_REPRESENTATION_CONTEXT ( 3 ) GLOBAL_UNCERTAINTY_ASSIGNED_CONTEXT ( ( #2384 ) ) GLOBAL_UNIT_ASSIGNED_CONTEXT ( ( #4027, #473, #5080 ) ) REPRESENTATION_CONTEXT ( 'NONE', 'WORKASPACE' ) );
#5556 = CARTESIAN_POINT ( 'NONE',  ( 0.3559055164200533028, 0.08512082610633751878, 0.5000000000000001110 ) ) ;
#5557 = EDGE_CURVE ( 'NONE', #1672, #6270, #1556, .T. ) ;
#5558 = CARTESIAN_POINT ( 'NONE',  ( 0.1541949467693134179, 0.1281791040090159151, 0.5000000000000000000 ) ) ;
#5559 = CARTESIAN_POINT ( 'NONE',  ( -0.09845427577439015698, 0.02286533618490989295, 0.4989999999999998881 ) ) ;
#5560 = CARTESIAN_POINT ( 'NONE',  ( -0.2653090533591861977, -0.1071782603815497892, 0.4989999999999999991 ) ) ;
#5561 = VERTEX_POINT ( 'NONE', #1325 ) ;
#5562 = CARTESIAN_POINT ( 'NONE',  ( -0.08008714744776278260, 0.05388454617133062868, 0.5000000000000001110 ) ) ;
#5563 = CARTESIAN_POINT ( 'NONE',  ( -0.09092889916436226738, 0.1320567027297141205, 0.4989999999999999991 ) ) ;
#5564 = B_SPLINE_CURVE_WITH_KNOTS ( 'NONE', 3,
 ( #4694, #3733, #2654, #5261, #5294, #2623, #6231 ),
 .UNSPECIFIED., .F., .F.,
 ( 4, 1, 1, 1, 4 ),
 ( 0.0000000000000000000, 0.3075528063716645444, 0.5759055724262159837, 0.8043033581641044760, 1.000000000000000000 ),
 .UNSPECIFIED. ) ;
#5565 = CARTESIAN_POINT ( 'NONE',  ( 0.8000000000000001554, -0.4500000000000000111, 0.5000000000000000000 ) ) ;
#5566 = CARTESIAN_POINT ( 'NONE',  ( 0.3675938281083649395, -0.05026878428327285347, 0.5000000000000001110 ) ) ;
#5567 = VERTEX_POINT ( 'NONE', #6094 ) ;
#5568 = CARTESIAN_POINT ( 'NONE',  ( 0.1246404828056636438, -0.09921352014837235556, 0.4989999999999999991 ) ) ;
#5569 = CARTESIAN_POINT ( 'NONE',  ( -0.2062804539039840845, -0.02588350034201678668, 0.4989999999999998881 ) ) ;
#5570 = STYLED_ITEM ( 'NONE', ( #3183 ), #6008 ) ;
#5571 = CARTESIAN_POINT ( 'NONE',  ( -0.2755426869872290574, 0.1306708458271366724, 0.5000000000000001110 ) ) ;
#5572 = VECTOR ( 'NONE', #5948, 1000.000000000000000 ) ;
#5573 = CARTESIAN_POINT ( 'NONE',  ( 0.2937676585228967130, 0.1316108928988545812, 0.5000000000000000000 ) ) ;
#5574 = CARTESIAN_POINT ( 'NONE',  ( 0.3557554442000473438, 0.09328521796964071855, 0.5000000000000000000 ) ) ;
#5575 = EDGE_CURVE ( 'NONE', #2786, #3119, #5977, .T. ) ;
#5576 = CARTESIAN_POINT ( 'NONE',  ( 0.1766847371992740501, 0.009207676755688173204, 0.5000000000000000000 ) ) ;
#5577 = CARTESIAN_POINT ( 'NONE',  ( 0.2778895180685271304, 0.006346270382161204801, 0.4990000000000001101 ) ) ;
#5578 = LINE ( 'NONE', #1925, #2227 ) ;
#5579 = VERTEX_POINT ( 'NONE', #1366 ) ;
#5580 = CARTESIAN_POINT ( 'NONE',  ( -0.06195162643708956862, 0.1178724494829609254, 0.4989999999999999991 ) ) ;
#5581 = PRESENTATION_STYLE_ASSIGNMENT (( #2949 ) ) ;
#5582 = FACE_OUTER_BOUND ( 'NONE', #6327, .T. ) ;
#5583 = ORIENTED_EDGE ( 'NONE', *, *, #2921, .F. ) ;
#5584 = CARTESIAN_POINT ( 'NONE',  ( 0.2132556190571473498, 0.09796386959251054960, 0.5000000000000001110 ) ) ;
#5585 = EDGE_CURVE ( 'NONE', #2080, #2786, #909, .T. ) ;
#5586 = CARTESIAN_POINT ( 'NONE',  ( 0.1447958211451669808, 0.04242217291370060928, 0.4999999999999997780 ) ) ;
#5587 =( NAMED_UNIT ( * ) SI_UNIT ( $, .STERADIAN. ) SOLID_ANGLE_UNIT ( ) );
#5588 =( NAMED_UNIT ( * ) PLANE_ANGLE_UNIT ( ) SI_UNIT ( $, .RADIAN. ) );
#5589 =( LENGTH_UNIT ( ) NAMED_UNIT ( * ) SI_UNIT ( .MILLI., .METRE. ) );
#5590 = CARTESIAN_POINT ( 'NONE',  ( -0.2665836329051506914, -0.1423550100507636196, 0.5000000000000003331 ) ) ;
#5591 = FILL_AREA_STYLE_COLOUR ( '', #6662 ) ;
#5592 = ORIENTED_EDGE ( 'NONE', *, *, #2644, .F. ) ;
#5593 = DIRECTION ( 'NONE',  ( 0.0000000000000000000, 1.000000000000000000, 0.0000000000000000000 ) ) ;
#5594 = CARTESIAN_POINT ( 'NONE',  ( -0.1107850354483433247, -0.1085217540037800854, 0.4999999999999998890 ) ) ;
#5595 = CARTESIAN_POINT ( 'NONE',  ( -0.09153766539812850656, -0.1133978427248312909, 0.4989999999999998881 ) ) ;
#5596 = DIRECTION ( 'NONE',  ( 0.0000000000000000000, 1.000000000000000000, -0.0000000000000000000 ) ) ;
#5597 = CARTESIAN_POINT ( 'NONE',  ( 0.01694447745901434682, 0.009207676755688173204, 0.4989999999999999991 ) ) ;
#5598 = UNCERTAINTY_MEASURE_WITH_UNIT (LENGTH_MEASURE( 1.000000000000000082E-05 ), #286, 'distance_accuracy_value', 'NONE');
#5599 = CARTESIAN_POINT ( 'NONE',  ( -0.3648737043591674389, 0.009207676755688173204, 0.5000000000000000000 ) ) ;
#5600 = ORIENTED_EDGE ( 'NONE', *, *, #2435, .T. ) ;
#5601 = CARTESIAN_POINT ( 'NONE',  ( -0.1077413718608169757, 0.02063295049082103719, 0.5000000000000000000 ) ) ;
#5602 = CARTESIAN_POINT ( 'NONE',  ( -0.2851862043591674167, -0.1445666738936624285, 0.5000000000000001110 ) ) ;
#5603 = FILL_AREA_STYLE ('',( #3556 ) ) ;
#5604 = CARTESIAN_POINT ( 'NONE',  ( -0.1331163991643622702, 0.09924420272971415380, 0.5000000000000000000 ) ) ;
#5605 = CARTESIAN_POINT ( 'NONE',  ( 0.1054349380521112933, 0.1629548578888670163, 0.4999999999999997780 ) ) ;
#5606 = ADVANCED_BREP_SHAPE_REPRESENTATION ( 'User Library-R_0603', ( #6010, #3746, #5997, #6102, #5467 ), #1317 ) ;
#5607 =( LENGTH_UNIT ( ) NAMED_UNIT ( * ) SI_UNIT ( .MILLI., .METRE. ) );
#5608 = CARTESIAN_POINT ( 'NONE',  ( -0.1392958982783395749, 0.08321743181817135848, 0.4989999999999998881 ) ) ;
#5609 = VECTOR ( 'NONE', #1908, 1000.000000000000000 ) ;
#5610 = PRESENTATION_STYLE_ASSIGNMENT (( #1545 ) ) ;
#5611 = CARTESIAN_POINT ( 'NONE',  ( 0.3354455979185854142, 0.01860219055983620973, 0.5000000000000001110 ) ) ;
#5612 = FILL_AREA_STYLE_COLOUR ( '', #1132 ) ;
#5614 = EDGE_LOOP ( 'NONE', ( #5411, #3092, #6411, #3414 ) ) ;
#5613 = FACE_OUTER_BOUND ( 'NONE', #4164, .T. ) ;
#5615 = CARTESIAN_POINT ( 'NONE',  ( 0.3193899878790434910, 0.06262759157649436248, 0.4999999999999998890 ) ) ;
#5616 = CARTESIAN_POINT ( 'NONE',  ( -0.2574160039304447256, 0.1181026474345394234, 0.5000000000000000000 ) ) ;
#5617 = CARTESIAN_POINT ( 'NONE',  ( 0.7705000000000000737, 0.3500000000000003109, 0.2295000000000021467 ) ) ;
#5618 = VERTEX_POINT ( 'NONE', #4011 ) ;
#5619 = CARTESIAN_POINT ( 'NONE',  ( 0.2828713350011881067, 0.1631633693503943272, 0.4989999999999999991 ) ) ;
#5620 = DIRECTION ( 'NONE',  ( -5.926902990727503681E-14, -5.719429571751843238E-13, 1.000000000000000000 ) ) ;
#5621 = COLOUR_RGB ( '',1.000000000000000000, 1.000000000000000000, 1.000000000000000000 ) ;
#5622 = CARTESIAN_POINT ( 'NONE',  ( -0.09153766539812850656, -0.1133978427248312909, 0.4999999999999998890 ) ) ;
#5623 = B_SPLINE_CURVE_WITH_KNOTS ( 'NONE', 3,
 ( #1140, #1763, #652, #2718, #133, #4760, #3243, #2748, #4383, #39, #1705 ),
 .UNSPECIFIED., .F., .F.,
 ( 4, 1, 1, 1, 1, 1, 1, 1, 4 ),
 ( 0.0000000000000000000, 0.1460934072588553900, 0.2807653956959290098, 0.4078528472673215166, 0.5330134349440077690, 0.6543045952165966739, 0.7685386257706688928, 0.8821204430880589253, 1.000000000000000000 ),
 .UNSPECIFIED. ) ;
#5624 = CARTESIAN_POINT ( 'NONE',  ( -0.1316230809123281054, 0.0009777135264554441887, 0.4989999999999999991 ) ) ;
#5625 = CARTESIAN_POINT ( 'NONE',  ( -0.3308239060061907710, -0.1251403243712009838, 0.4989999999999998881 ) ) ;
#5626 = CARTESIAN_POINT ( 'NONE',  ( -0.08727630176176488785, 0.05413462480763622103, 0.5000000000000000000 ) ) ;
#5627 = ORIENTED_EDGE ( 'NONE', *, *, #2264, .T. ) ;
#5628 = CARTESIAN_POINT ( 'NONE',  ( -0.1390933949929123448, -0.07081631846885041992, 0.5000000000000000000 ) ) ;
#5629 = VECTOR ( 'NONE', #1105, 1000.000000000000227 ) ;
#5630 = CARTESIAN_POINT ( 'NONE',  ( -0.04556250539647250380, -0.05163707579153599403, 0.4990000000000001101 ) ) ;
#5631 = EDGE_CURVE ( 'NONE', #5579, #4276, #2444, .T. ) ;
#5633 = CARTESIAN_POINT ( 'NONE',  ( -0.09360747059293371419, 0.02296579363880507305, 0.5000000000000000000 ) ) ;
#5632 = FILL_AREA_STYLE ('',( #1976 ) ) ;
#5634 = CARTESIAN_POINT ( 'NONE',  ( -0.3637348514647811837, 0.04450253193274573971, 0.5000000000000001110 ) ) ;
#5635 = ORIENTED_EDGE ( 'NONE', *, *, #2589, .T. ) ;
#5636 = PRESENTATION_LAYER_ASSIGNMENT (  '', '', ( #1147 ) ) ;
#5637 = CARTESIAN_POINT ( 'NONE',  ( -0.2128421480800722909, -0.07063859189469524902, 0.4990000000000001101 ) ) ;
#5638 = B_SPLINE_CURVE_WITH_KNOTS ( 'NONE', 3,
 ( #2684, #6358, #2716, #4792, #4285, #1671, #3240, #4824, #1391, #5490, #2302, #3998, #4413, #5418, #2887, #1796, #753, #272, #787 ),
 .UNSPECIFIED., .F., .F.,
 ( 4, 1, 1, 1, 1, 1, 1, 1, 1, 1, 1, 1, 1, 1, 1, 1, 4 ),
 ( 0.0000000000000000000, 0.07873440133139661401, 0.1535873034585125974, 0.2243560392990877062, 0.2921102160913941481, 0.3570934123059963938, 0.4197680939602714822, 0.4806493576084643893, 0.5402799185669205917, 0.5989477704601410268, 0.6560316815841115146, 0.7123343828235287889, 0.7681152404421204283, 0.8246273202553449089, 0.8817432422022605243, 0.9400191451264190423, 1.000000000000000000 ),
 .UNSPECIFIED. ) ;
#5639 = CARTESIAN_POINT ( 'NONE',  ( -0.1209185498857514723, 0.04447296977186575295, 0.4989999999999997771 ) ) ;
#5640 = EDGE_CURVE ( 'NONE', #3302, #1104, #3684, .T. ) ;
#5641 = CARTESIAN_POINT ( 'NONE',  ( 0.1766847371992740501, 0.009207676755688173204, 0.5000000000000000000 ) ) ;
#5642 = CARTESIAN_POINT ( 'NONE',  ( -0.1737959482831316071, 0.02214999190286112696, 0.5000000000000000000 ) ) ;
#5643 = CARTESIAN_POINT ( 'NONE',  ( 0.2993382280349224933, 0.1619368048196268839, 0.5000000000000001110 ) ) ;
#5644 = FILL_AREA_STYLE ('',( #3598 ) ) ;
#5645 = STYLED_ITEM ( 'NONE', ( #4067 ), #4114 ) ;
#5646 = CARTESIAN_POINT ( 'NONE',  ( 0.3510317012466596664, 0.005255010134992944837, 0.5000000000000001110 ) ) ;
#5648 = CARTESIAN_POINT ( 'NONE',  ( 0.3018398050215380102, -0.1430780695466314922, 0.5000000000000000000 ) ) ;
#5647 =( GEOMETRIC_REPRESENTATION_CONTEXT ( 3 ) GLOBAL_UNCERTAINTY_ASSIGNED_CONTEXT ( ( #3140 ) ) GLOBAL_UNIT_ASSIGNED_CONTEXT ( ( #1621, #571, #1189 ) ) REPRESENTATION_CONTEXT ( 'NONE', 'WORKASPACE' ) );
#5649 = ORIENTED_EDGE ( 'NONE', *, *, #5369, .F. ) ;
#5650 = CARTESIAN_POINT ( 'NONE',  ( 0.3125053826566164816, 0.1578106403023426807, 0.4989999999999999991 ) ) ;
#5651 = FILL_AREA_STYLE_COLOUR ( '', #5437 ) ;
#5652 = VERTEX_POINT ( 'NONE', #5066 ) ;
#5653 = CARTESIAN_POINT ( 'NONE',  ( 0.1455159060304428986, 0.009329430002441430406, 0.5000000000000001110 ) ) ;
#5654 = CARTESIAN_POINT ( 'NONE',  ( -0.3336490481280000031, 0.01511299779022749756, 0.4989999999999998881 ) ) ;
#5655 = CARTESIAN_POINT ( 'NONE',  ( 0.2087344256804966880, -0.06829670016740133076, 0.5000000000000001110 ) ) ;
#5656 = DIRECTION ( 'NONE',  ( -0.0000000000000000000, -0.0000000000000000000, 1.000000000000000000 ) ) ;
#5657 = CARTESIAN_POINT ( 'NONE',  ( -0.2051334446189077287, 0.009207676755688173204, 0.5000000000000002220 ) ) ;
#5658 = FACE_OUTER_BOUND ( 'NONE', #1164, .T. ) ;
#5659 = ORIENTED_EDGE ( 'NONE', *, *, #1421, .F. ) ;
#5660 = CARTESIAN_POINT ( 'NONE',  ( 0.3343670216472542367, -0.06997724660474798075, 0.4989999999999999991 ) ) ;
#5661 = ADVANCED_FACE ( 'NONE', ( #6613 ), #2350, .T. ) ;
#5662 = B_SPLINE_CURVE_WITH_KNOTS ( 'NONE', 3,
 ( #3120, #1618, #1682, #3774, #5239, #2606, #2668, #5752, #3255, #113, #4230, #6796, #4269, #2215, #6305, #3712, #510, #2162, #6271 ),
 .UNSPECIFIED., .F., .F.,
 ( 4, 1, 1, 1, 1, 1, 1, 1, 1, 1, 1, 1, 1, 1, 1, 1, 4 ),
 ( 0.0000000000000000000, 0.1203858358472029433, 0.2308080084307348179, 0.3305680237435673074, 0.4206210405981469780, 0.5003288236263579991, 0.5707867949311860034, 0.6321153927949231255, 0.6846612245386655138, 0.7314024648940551376, 0.7749552507012195113, 0.8157449697615275497, 0.8538005445631575707, 0.8907166739697761626, 0.9267297321267933263, 0.9631335924975831242, 1.000000000000000000 ),
 .UNSPECIFIED. ) ;
#5663 = VECTOR ( 'NONE', #5957, 1000.000000000000000 ) ;
#5664 = CARTESIAN_POINT ( 'NONE',  ( -0.09288464839995072553, -0.1444621572786566333, 0.4989999999999999991 ) ) ;
#5665 = CARTESIAN_POINT ( 'NONE',  ( 0.2501612911934534833, -0.1355907400129581775, 0.4989999999999998881 ) ) ;
#5666 = PRESENTATION_STYLE_ASSIGNMENT (( #6160 ) ) ;
#5667 = UNCERTAINTY_MEASURE_WITH_UNIT (LENGTH_MEASURE( 1.000000000000000082E-05 ), #4342, 'distance_accuracy_value', 'NONE');
#5668 = CARTESIAN_POINT ( 'NONE',  ( -0.04544861632953618030, -0.04129873783079391486, 0.4990000000000001101 ) ) ;
#5669 = ORIENTED_EDGE ( 'NONE', *, *, #5448, .F. ) ;
#5670 = CARTESIAN_POINT ( 'NONE',  ( 0.2949409442869390108, 0.04139191199588029835, 0.4989999999999998881 ) ) ;
#5671 = FILL_AREA_STYLE ('',( #2047 ) ) ;
#5672 = CARTESIAN_POINT ( 'NONE',  ( -0.08727630176176488785, 0.05413462480763622103, 0.5000000000000000000 ) ) ;
#5673 = CARTESIAN_POINT ( 'NONE',  ( -0.1353984663473891958, 0.03229707219596042456, 0.4999999999999998890 ) ) ;
#5674 = CARTESIAN_POINT ( 'NONE',  ( 0.2390223995369363807, -0.05495628428327284376, 0.5000000000000000000 ) ) ;
#5675 = CARTESIAN_POINT ( 'NONE',  ( 0.2875856380083025576, 0.1631541861161962537, 0.4989999999999998881 ) ) ;
#5676 = EDGE_CURVE ( 'NONE', #2145, #1342, #4594, .T. ) ;
#5677 = CARTESIAN_POINT ( 'NONE',  ( 0.2616942442144173375, -0.1052111672409471316, 0.5000000000000001110 ) ) ;
#5678 = FACE_OUTER_BOUND ( 'NONE', #6650, .T. ) ;
#5679 = B_SPLINE_CURVE_WITH_KNOTS ( 'NONE', 3,
 ( #4733, #394, #2087, #5673, #3041, #6165, #3106, #3007, #1471, #3148, #5134 ),
 .UNSPECIFIED., .F., .F.,
 ( 4, 1, 1, 1, 1, 1, 1, 1, 4 ),
 ( 0.0000000000000000000, 0.1409883969302530571, 0.2743358958706809680, 0.4023709462871973286, 0.5268425871878937850, 0.6486872251700482872, 0.7671360527700550325, 0.8830996635531125349, 1.000000000000000000 ),
 .UNSPECIFIED. ) ;
#5680 = VECTOR ( 'NONE', #3811, 1000.000000000000000 ) ;
#5681 = CARTESIAN_POINT ( 'NONE',  ( 0.3095456496405514790, -0.1409869622471028872, 0.4990000000000001101 ) ) ;
#5682 = ORIENTED_EDGE ( 'NONE', *, *, #3923, .F. ) ;
#5683 = CARTESIAN_POINT ( 'NONE',  ( 0.5399999999999999245, 0.4500000000000000111, 0.4800000000000000377 ) ) ;
#5684 =( NAMED_UNIT ( * ) SI_UNIT ( $, .STERADIAN. ) SOLID_ANGLE_UNIT ( ) );
#5685 = ORIENTED_EDGE ( 'NONE', *, *, #1652, .T. ) ;
#5686 = VECTOR ( 'NONE', #5375, 1000.000000000000000 ) ;
#5687 = CARTESIAN_POINT ( 'NONE',  ( 0.2531967004216602590, 0.1560147150422159235, 0.4990000000000001101 ) ) ;
#5688 = DIRECTION ( 'NONE',  ( -1.000000000000000000, 0.0000000000000000000, -2.168404344971008868E-16 ) ) ;
#5689 = CARTESIAN_POINT ( 'NONE',  ( 0.2860191527836896674, 0.1320567027297141205, 0.4989999999999999991 ) ) ;
#5690 = CARTESIAN_POINT ( 'NONE',  ( -0.2364197632329546050, -0.1225064007141488803, 0.4989999999999999991 ) ) ;
#5691 = DIRECTION ( 'NONE',  ( 0.1096791224046432395, 0.9939670467920690422, 0.0000000000000000000 ) ) ;
#5692 = ORIENTED_EDGE ( 'NONE', *, *, #2757, .T. ) ;
#5693 = CARTESIAN_POINT ( 'NONE',  ( 0.3356348995189587514, -0.06385075220789676598, 0.5000000000000001110 ) ) ;
#5694 = LINE ( 'NONE', #5253, #1696 ) ;
#5696 = CARTESIAN_POINT ( 'NONE',  ( -0.09876682702934090619, -0.1442565882477110650, 0.4999999999999997780 ) ) ;
#5695 = CARTESIAN_POINT ( 'NONE',  ( 0.2833023362515211807, 0.1319303825845181966, 0.4999999999999998890 ) ) ;
#5697 = EDGE_CURVE ( 'NONE', #364, #20, #3208, .T. ) ;
#5698 = CARTESIAN_POINT ( 'NONE',  ( 0.01699397251636785774, 0.01533731835329995262, 0.4989999999999998881 ) ) ;
#5699 = ORIENTED_EDGE ( 'NONE', *, *, #636, .T. ) ;
#5700 = CARTESIAN_POINT ( 'NONE',  ( 0.2993463810622218890, 0.04322039850243720310, 0.4990000000000001101 ) ) ;
#5701 =( NAMED_UNIT ( * ) SI_UNIT ( $, .STERADIAN. ) SOLID_ANGLE_UNIT ( ) );
#5702 =( NAMED_UNIT ( * ) PLANE_ANGLE_UNIT ( ) SI_UNIT ( $, .RADIAN. ) );
#5703 = B_SPLINE_SURFACE_WITH_KNOTS ( 'NONE', 3, 1, ( 
 ( #4770, #2159 ),
 ( #4159, #4267 ),
 ( #3739, #2189 ),
 ( #5816, #5302 ),
 ( #3155, #6240 ),
 ( #2698, #82 ),
 ( #505, #4294 ),
 ( #4704, #6793 ),
 ( #3672, #3805 ),
 ( #660, #4361 ),
 ( #5882, #4899 ) ),
 .UNSPECIFIED., .F., .F., .F.,
 ( 4, 1, 1, 1, 1, 1, 1, 1, 4 ),
 ( 2, 2 ),
 ( 0.0000000000000000000, 0.1280448550143800934, 0.2514507875593861574, 0.3715733394035902748, 0.4904118675290047302, 0.6102007835889297072, 0.7338092424176936301, 0.8631756517415548613, 1.000000000000000000 ),
 ( 0.0000000000000000000, 1.000000000000000000 ),
 .UNSPECIFIED. ) ;
#5704 = SURFACE_STYLE_FILL_AREA ( #5671 ) ;
#5705 = CARTESIAN_POINT ( 'NONE',  ( -0.01540732882704152346, -0.02192790854189895916, 0.4999999999999997780 ) ) ;
#5706 = EDGE_CURVE ( 'NONE', #2000, #762, #388, .T. ) ;
#5707 = CARTESIAN_POINT ( 'NONE',  ( -0.7800000000000001377, 0.4500000000000000111, 0.4800000000000001488 ) ) ;
#5708 = CARTESIAN_POINT ( 'NONE',  ( 0.1766847371992740501, 0.009207676755688173204, 0.4989999999999999991 ) ) ;
#5709 = FILL_AREA_STYLE ('',( #4190 ) ) ;
#5710 = CARTESIAN_POINT ( 'NONE',  ( -0.1468554209429180912, 0.02873693364841935563, 0.4990000000000001101 ) ) ;
#5711 =( NAMED_UNIT ( * ) PLANE_ANGLE_UNIT ( ) SI_UNIT ( $, .RADIAN. ) );
#5712 = CARTESIAN_POINT ( 'NONE',  ( -0.1235957427217002219, -0.09832597123403409578, 0.4989999999999998881 ) ) ;
#5713 = CARTESIAN_POINT ( 'NONE',  ( 0.3373796179355990632, -0.1243601636632951368, 0.4999999999999998890 ) ) ;
#5714 = ORIENTED_EDGE ( 'NONE', *, *, #5839, .F. ) ;
#5715 = CARTESIAN_POINT ( 'NONE',  ( -0.2842730550085181274, -0.1133978427248312909, 0.4999999999999995559 ) ) ;
#5716 = PLANE ( 'NONE',  #4484 ) ;
#5717 = ORIENTED_EDGE ( 'NONE', *, *, #61, .T. ) ;
#5718 = CARTESIAN_POINT ( 'NONE',  ( 0.2323092938366720095, 0.1396614660588814671, 0.4989999999999998881 ) ) ;
#5719 = FILL_AREA_STYLE_COLOUR ( '', #2691 ) ;
#5720 = MECHANICAL_DESIGN_GEOMETRIC_PRESENTATION_REPRESENTATION (  '', ( #5299 ), #4661 ) ;
#5722 = VECTOR ( 'NONE', #598, 1000.000000000000000 ) ;
#5721 = CARTESIAN_POINT ( 'NONE',  ( 0.2274285506810414248, -0.1152893637030046881, 0.4999999999999998890 ) ) ;
#5723 = EDGE_CURVE ( 'NONE', #3347, #5618, #2780, .T. ) ;
#5724 = CARTESIAN_POINT ( 'NONE',  ( -0.3303998926098757338, -0.05122487247990451659, 0.4989999999999999991 ) ) ;
#5725 =( LENGTH_UNIT ( ) NAMED_UNIT ( * ) SI_UNIT ( .MILLI., .METRE. ) );
#5726 = CARTESIAN_POINT ( 'NONE',  ( -0.2128421480800722909, -0.07063859189469524902, 0.4990000000000001101 ) ) ;
#5727 = PRESENTATION_STYLE_ASSIGNMENT (( #5858 ) ) ;
#5728 = EDGE_LOOP ( 'NONE', ( #3157, #527, #3271, #537 ) ) ;
#5729 = MECHANICAL_DESIGN_GEOMETRIC_PRESENTATION_REPRESENTATION (  '', ( #1232 ), #3436 ) ;
#5730 = CARTESIAN_POINT ( 'NONE',  ( 0.5399999999999999245, 0.4500000000000000111, -0.0009999999999999158867 ) ) ;
#5731 = COLOUR_RGB ( '',1.000000000000000000, 1.000000000000000000, 1.000000000000000000 ) ;
#5732 = CARTESIAN_POINT ( 'NONE',  ( -0.09876682702934090619, -0.1442565882477110650, 0.4989999999999998881 ) ) ;
#5735 = FILL_AREA_STYLE_COLOUR ( '', #1464 ) ;
#5734 = VECTOR ( 'NONE', #3615, 1000.000000000000000 ) ;
#5733 = LINE ( 'NONE', #3237, #4224 ) ;
#5736 = UNCERTAINTY_MEASURE_WITH_UNIT (LENGTH_MEASURE( 1.000000000000000082E-05 ), #3097, 'distance_accuracy_value', 'NONE');
#5737 =( NAMED_UNIT ( * ) PLANE_ANGLE_UNIT ( ) SI_UNIT ( $, .RADIAN. ) );
#5738 = ORIENTED_EDGE ( 'NONE', *, *, #4957, .T. ) ;
#5739 = DIRECTION ( 'NONE',  ( -0.0000000000000000000, -0.0000000000000000000, 1.000000000000000000 ) ) ;
#5740 =( LENGTH_UNIT ( ) NAMED_UNIT ( * ) SI_UNIT ( .MILLI., .METRE. ) );
#5741 = CARTESIAN_POINT ( 'NONE',  ( 0.02916095609575128367, -0.08929986669294548429, 0.4990000000000001101 ) ) ;
#5742 =( NAMED_UNIT ( * ) SI_UNIT ( $, .STERADIAN. ) SOLID_ANGLE_UNIT ( ) );
#5743 = COLOUR_RGB ( '',0.7686274509803920907, 0.7686274509803920907, 0.7686274509803920907 ) ;
#5744 = CARTESIAN_POINT ( 'NONE',  ( 0.8000000000000000444, 0.4500000000000000111, 5.421010862427522170E-17 ) ) ;
#5745 = CARTESIAN_POINT ( 'NONE',  ( -0.01812045760592070898, 0.08919955987257130459, 0.4989999999999999991 ) ) ;
#5746 = VECTOR ( 'NONE', #4144, 1000.000000000000000 ) ;
#5747 = CARTESIAN_POINT ( 'NONE',  ( -0.02396194640527524872, -0.09498305690644559540, 0.5000000000000000000 ) ) ;
#5748 = MECHANICAL_DESIGN_GEOMETRIC_PRESENTATION_REPRESENTATION (  '', ( #1147 ), #261 ) ;
#5749 = CARTESIAN_POINT ( 'NONE',  ( 0.3675938281083649395, -0.05026878428327285347, 0.4990000000000001101 ) ) ;
#5750 = CARTESIAN_POINT ( 'NONE',  ( 0.3018398050215380102, -0.1430780695466314922, 0.4989999999999999991 ) ) ;
#5751 = ORIENTED_EDGE ( 'NONE', *, *, #1813, .F. ) ;
#5752 = CARTESIAN_POINT ( 'NONE',  ( 0.1379937489256583272, 0.09149283822291183477, 0.4989999999999998881 ) ) ;
#5753 = ORIENTED_EDGE ( 'NONE', *, *, #4442, .F. ) ;
#5754 = LINE ( 'NONE', #2129, #3909 ) ;
#5755 = CARTESIAN_POINT ( 'NONE',  ( -0.1377561291513127451, -0.1256023355530039576, 0.5000000000000001110 ) ) ;
#5756 =( NAMED_UNIT ( * ) PLANE_ANGLE_UNIT ( ) SI_UNIT ( $, .RADIAN. ) );
#5757 = EDGE_CURVE ( 'NONE', #4726, #5000, #5383, .T. ) ;
#5758 = STYLED_ITEM ( 'NONE', ( #4593 ), #3874 ) ;
#5759 = CARTESIAN_POINT ( 'NONE',  ( 0.2635068455297135959, 0.1257493445778910535, 0.4989999999999999991 ) ) ;
#5760 = B_SPLINE_SURFACE_WITH_KNOTS ( 'NONE', 3, 1, ( 
 ( #2811, #4817 ),
 ( #1789, #5378 ),
 ( #4846, #5827 ),
 ( #5860, #6353 ),
 ( #5346, #609 ),
 ( #4915, #5920 ),
 ( #5894, #198 ),
 ( #4408, #3202 ),
 ( #125, #3819 ),
 ( #1166, #5281 ),
 ( #4375, #2678 ),
 ( #4785, #2712 ),
 ( #3297, #2200 ),
 ( #672, #2772 ),
 ( #67, #4310 ),
 ( #1131, #3235 ),
 ( #4879, #6448 ),
 ( #5316, #1756 ),
 ( #6381, #1697 ) ),
 .UNSPECIFIED., .F., .F., .F.,
 ( 4, 1, 1, 1, 1, 1, 1, 1, 1, 1, 1, 1, 1, 1, 1, 1, 4 ),
 ( 2, 2 ),
 ( 0.0000000000000000000, 0.03481888132959226612, 0.06891955580719819063, 0.1034513888417891714, 0.1390496088211285730, 0.1771753219263879353, 0.2179403376185281849, 0.2619036500779327037, 0.3097653282277579856, 0.3632138529075507050, 0.4256205765081693126, 0.4969126734317582672, 0.5776735780836567136, 0.6680265813160587429, 0.7686823766893838838, 0.8792939339028131851, 0.9999999999999998890 ),
 ( 0.0000000000000000000, 1.000000000000000000 ),
 .UNSPECIFIED. ) ;
#5761 = CARTESIAN_POINT ( 'NONE',  ( -0.3233642564364211935, -0.08126327182998736853, 0.4990000000000001101 ) ) ;
#5762 = CARTESIAN_POINT ( 'NONE',  ( -0.3130212164221409243, 0.1178340681311237093, 0.4999999999999998890 ) ) ;
#5763 =( NAMED_UNIT ( * ) PLANE_ANGLE_UNIT ( ) SI_UNIT ( $, .RADIAN. ) );
#5764 = ORIENTED_EDGE ( 'NONE', *, *, #2783, .F. ) ;
#5765 = COLOUR_RGB ( '',0.7686274509803920907, 0.7686274509803920907, 0.7686274509803920907 ) ;
#5766 = EDGE_CURVE ( 'NONE', #2914, #2386, #5623, .T. ) ;
#5767 = CARTESIAN_POINT ( 'NONE',  ( -0.1073740196283578530, -0.1426041705320961472, 0.4990000000000001101 ) ) ;
#5768 = VECTOR ( 'NONE', #5034, 1000.000000000000000 ) ;
#5770 = PRESENTATION_STYLE_ASSIGNMENT (( #6224 ) ) ;
#5769 = SURFACE_SIDE_STYLE ('',( #2076 ) ) ;
#5771 = CARTESIAN_POINT ( 'NONE',  ( -0.09153766539812850656, -0.1133978427248312909, 0.4999999999999997780 ) ) ;
#5772 = SURFACE_SIDE_STYLE ('',( #3757 ) ) ;
#5773 = ORIENTED_EDGE ( 'NONE', *, *, #1622, .T. ) ;
#5774 = CARTESIAN_POINT ( 'NONE',  ( 0.2845357600240382423, -0.1133471002944486522, 0.4989999999999999991 ) ) ;
#5775 = VECTOR ( 'NONE', #2725, 1000.000000000000000 ) ;
#5776 = CARTESIAN_POINT ( 'NONE',  ( -0.01430264647006850368, -0.03918727603700471185, 0.4989999999999999991 ) ) ;
#5777 = LINE ( 'NONE', #1607, #3763 ) ;
#5778 = CARTESIAN_POINT ( 'NONE',  ( -0.08039515756861170814, 0.1630344053919177139, 0.4990000000000001101 ) ) ;
#5779 = CARTESIAN_POINT ( 'NONE',  ( -0.08657381172008504766, -0.1444297223054104296, 0.4990000000000001101 ) ) ;
#5780 = CARTESIAN_POINT ( 'NONE',  ( -0.01459210188964056576, -0.05721118617428577746, 0.4989999999999998881 ) ) ;
#5781 = CARTESIAN_POINT ( 'NONE',  ( -0.1062202987375197583, -0.1107691716536142873, 0.4989999999999998881 ) ) ;
#5782 = CARTESIAN_POINT ( 'NONE',  ( 0.1708897506729334936, 0.08150052107983779548, 0.4990000000000002212 ) ) ;
#5783 = ORIENTED_EDGE ( 'NONE', *, *, #4296, .F. ) ;
#5784 = EDGE_CURVE ( 'NONE', #4215, #6035, #6329, .T. ) ;
#5785 = LINE ( 'NONE', #3224, #4567 ) ;
#5786 = ORIENTED_EDGE ( 'NONE', *, *, #4024, .F. ) ;
#5787 = PLANE ( 'NONE',  #6658 ) ;
#5788 = CARTESIAN_POINT ( 'NONE',  ( -0.1233728753482553758, -0.1362112780273985191, 0.5000000000000001110 ) ) ;
#5789 = SURFACE_STYLE_USAGE ( .BOTH. , #6344 ) ;
#5790 = SURFACE_SIDE_STYLE ('',( #2540 ) ) ;
#5791 = CARTESIAN_POINT ( 'NONE',  ( 0.2937676585228967130, 0.1316108928988545812, 0.4999999999999998890 ) ) ;
#5793 = ORIENTED_EDGE ( 'NONE', *, *, #4916, .T. ) ;
#5792 = CARTESIAN_POINT ( 'NONE',  ( 0.1165091284589956089, -0.1071782603815497892, 0.4990000000000002212 ) ) ;
#5794 = B_SPLINE_CURVE_WITH_KNOTS ( 'NONE', 3,
 ( #6477, #4877, #6514, #1197, #1341, #780, #5891, #4911, #707, #5376, #2294, #1785, #5410, #669, #5482, #2877, #1824, #3431, #4479 ),
 .UNSPECIFIED., .F., .F.,
 ( 4, 1, 1, 1, 1, 1, 1, 1, 1, 1, 1, 1, 1, 1, 1, 1, 4 ),
 ( 0.0000000000000000000, 0.03475612679208860828, 0.06920497968908576047, 0.1040637835934719313, 0.1399556082715869842, 0.1777369218184900457, 0.2184284661752969037, 0.2625622612246634180, 0.3103376776290860395, 0.3642496298805923960, 0.4261424154125438291, 0.4974026320891992703, 0.5784347426665223946, 0.6686249014675862412, 0.7690992835489116608, 0.8795114840670518186, 1.000000000000000000 ),
 .UNSPECIFIED. ) ;
#5795 = SURFACE_SIDE_STYLE ('',( #605 ) ) ;
#5796 = CARTESIAN_POINT ( 'NONE',  ( -0.3337048731903362597, 0.009329430002441428671, 0.4999999999999997780 ) ) ;
#5797 = VERTEX_POINT ( 'NONE', #1173 ) ;
#5798 = LINE ( 'NONE', #6415, #6417 ) ;
#5799 = CARTESIAN_POINT ( 'NONE',  ( -0.1156066210884872658, -0.1400183445290425766, 0.4989999999999998881 ) ) ;
#5801 = LINE ( 'NONE', #579, #4214 ) ;
#5800 = CARTESIAN_POINT ( 'NONE',  ( 0.2450164125862964726, 0.09624364713823857498, 0.4989999999999999991 ) ) ;
#5802 = SURFACE_STYLE_FILL_AREA ( #5897 ) ;
#5803 = UNCERTAINTY_MEASURE_WITH_UNIT (LENGTH_MEASURE( 1.000000000000000082E-05 ), #2603, 'distance_accuracy_value', 'NONE');
#5804 = CARTESIAN_POINT ( 'NONE',  ( -0.1219776885218817053, 0.1541203157236309129, 0.5000000000000001110 ) ) ;
#5805 = ORIENTED_EDGE ( 'NONE', *, *, #2206, .F. ) ;
#5806 = CARTESIAN_POINT ( 'NONE',  ( -0.01812045760592070898, 0.08919955987257130459, 0.4989999999999999991 ) ) ;
#5807 = CARTESIAN_POINT ( 'NONE',  ( -0.5199999999999999067, -0.4500000000000000111, 0.4800000000000001488 ) ) ;
#5808 = CARTESIAN_POINT ( 'NONE',  ( -0.04150768031364115984, 0.03388993411112847104, 0.5000000000000000000 ) ) ;
#5809 = CARTESIAN_POINT ( 'NONE',  ( 0.3356711462490360454, -0.03827971592248582966, 0.4989999999999999991 ) ) ;
#5810 = CARTESIAN_POINT ( 'NONE',  ( 0.3675938281083649395, -0.05026878428327285347, 0.4990000000000001101 ) ) ;
#5811 = UNCERTAINTY_MEASURE_WITH_UNIT (LENGTH_MEASURE( 1.000000000000000082E-05 ), #2831, 'distance_accuracy_value', 'NONE');
#5812 = CARTESIAN_POINT ( 'NONE',  ( -0.04452764923739442604, -0.1264016154495176680, 0.4990000000000001101 ) ) ;
#5813 = CARTESIAN_POINT ( 'NONE',  ( -0.3648737043591674389, 0.009207676755688173204, 0.5000000000000000000 ) ) ;
#5814 = B_SPLINE_SURFACE_WITH_KNOTS ( 'NONE', 3, 1, ( 
 ( #750, #5379 ),
 ( #714, #5863 ),
 ( #2846, #1169 ),
 ( #1201, #3267 ),
 ( #5348, #1758 ),
 ( #6482, #4947 ),
 ( #4444, #4848 ),
 ( #3299, #676 ),
 ( #6521, #3855 ),
 ( #1830, #5923 ),
 ( #785, #161 ),
 ( #1235, #3332 ),
 ( #5414, #2884 ),
 ( #1900, #2407 ),
 ( #4986, #3995 ),
 ( #1997, #1937 ),
 ( #5088, #6635 ),
 ( #867, #6702 ),
 ( #1454, #4618 ) ),
 .UNSPECIFIED., .F., .F., .F.,
 ( 4, 1, 1, 1, 1, 1, 1, 1, 1, 1, 1, 1, 1, 1, 1, 1, 4 ),
 ( 2, 2 ),
 ( 0.0000000000000000000, 0.1206795854909984977, 0.2305338289379845196, 0.3309550632170780160, 0.4208116729085197294, 0.5011270243297456517, 0.5713493660207026315, 0.6332246655567607130, 0.6858987127109708037, 0.7331104517484663408, 0.7764365142131891551, 0.8173386407956978461, 0.8554870737933412128, 0.8921333757432465816, 0.9276904481916801171, 0.9634616402638018773, 1.000000000000000000 ),
 ( 0.0000000000000000000, 1.000000000000000000 ),
 .UNSPECIFIED. ) ;
#5815 = FILL_AREA_STYLE_COLOUR ( '', #3333 ) ;
#5816 = CARTESIAN_POINT ( 'NONE',  ( -0.2682249204567124234, 0.1614758553789334139, 0.4990000000000001101 ) ) ;
#5817 = CARTESIAN_POINT ( 'NONE',  ( -0.3304901077296611422, 0.06946465380086948305, 0.5000000000000001110 ) ) ;
#5818 = CARTESIAN_POINT ( 'NONE',  ( -0.05969910234986933878, 0.04766969808200259562, 0.4989999999999998881 ) ) ;
#5819 = PLANE ( 'NONE',  #674 ) ;
#5820 = PLANE ( 'NONE',  #3383 ) ;
#5821 = CARTESIAN_POINT ( 'NONE',  ( 0.3435604542708344256, -0.1182763642366695539, 0.5000000000000001110 ) ) ;
#5823 = EDGE_LOOP ( 'NONE', ( #880, #2226, #4626, #4825 ) ) ;
#5822 = CARTESIAN_POINT ( 'NONE',  ( -0.2682249204567124234, 0.1614758553789334139, 0.5000000000000001110 ) ) ;
#5824 = CARTESIAN_POINT ( 'NONE',  ( -0.3203311288628148401, 0.1066906966262874817, 0.4989999999999999991 ) ) ;
#5825 = DIRECTION ( 'NONE',  ( 0.7071067811865504593, 0.0000000000000000000, -0.7071067811865445751 ) ) ;
#5826 = VERTEX_POINT ( 'NONE', #6455 ) ;
#5827 = CARTESIAN_POINT ( 'NONE',  ( 0.09073492615251059490, 0.1318891510754306995, 0.5000000000000000000 ) ) ;
#5828 = CLOSED_SHELL ( 'NONE', ( #798, #4508, #4972, #2416, #397, #4280, #586, #6655, #564, #1215, #3534, #5306, #3636, #1575, #2002, #2726, #6008, #1715, #5661, #6214, #896, #4175, #4305, #1588, #1611, #6713, #435, #4809, #5003, #6742, #6175, #3494, #3845, #2286, #486, #3421, #3044, #2023, #2408, #4114, #3966, #3516, #1378, #2615, #3670, #2443, #2371, #2952, #3874, #1282, #2307, #3298, #4935, #3762, #2705, #2539, #3289, #4526, #326, #4052, #509, #874, #5466 ) ) ;
#5829 = CARTESIAN_POINT ( 'NONE',  ( -0.2744157634271470747, -0.1119076345501752862, 0.4989999999999998881 ) ) ;
#5831 = CARTESIAN_POINT ( 'NONE',  ( 0.05099427581199099391, -0.1251403243712009838, 0.4989999999999998881 ) ) ;
#5830 = CARTESIAN_POINT ( 'NONE',  ( 0.2087344256804966880, -0.06829670016740133076, 0.4990000000000001101 ) ) ;
#5832 = CARTESIAN_POINT ( 'NONE',  ( -0.04545075410995320225, -0.04651526509452409697, 0.4999999999999997780 ) ) ;
#5833 = PRESENTATION_LAYER_ASSIGNMENT (  '', '', ( #6056 ) ) ;
#5834 = CARTESIAN_POINT ( 'NONE',  ( -0.1367830512820856492, 0.1423352423403125289, 0.5000000000000000000 ) ) ;
#5835 = ORIENTED_EDGE ( 'NONE', *, *, #4759, .T. ) ;
#5836 = CARTESIAN_POINT ( 'NONE',  ( 0.3362623107553748270, -0.04435125495989998556, 0.4990000000000001101 ) ) ;
#5837 = B_SPLINE_CURVE_WITH_KNOTS ( 'NONE', 3,
 ( #5303, #184, #2190, #5849, #4864, #2699, #6401, #1681, #1153, #3870, #4901, #3253, #145, #2284, #4805, #3351, #51, #5332, #5883 ),
 .UNSPECIFIED., .F., .F.,
 ( 4, 1, 1, 1, 1, 1, 1, 1, 1, 1, 1, 1, 1, 1, 1, 1, 4 ),
 ( 0.0000000000000000000, 0.08099605264561313134, 0.1579582026568584485, 0.2318770354036165660, 0.3024131313156078749, 0.3709497930061546045, 0.4370260810808076490, 0.5022962965492335785, 0.5662217041389586702, 0.6285000012988052331, 0.6866331429058430968, 0.7424589460469008806, 0.7953342075807496858, 0.8471425193282594579, 0.8981511789696261516, 0.9488395059414211907, 1.000000000000000000 ),
 .UNSPECIFIED. ) ;
#5838 = CARTESIAN_POINT ( 'NONE',  ( 0.3228796724475741509, 0.07152130899323698443, 0.4990000000000001101 ) ) ;
#5839 = EDGE_CURVE ( 'NONE', #2711, #2303, #1736, .T. ) ;
#5840 = CARTESIAN_POINT ( 'NONE',  ( -0.01422435370981682545, -0.04278095960794817826, 0.5000000000000000000 ) ) ;
#5841 = CARTESIAN_POINT ( 'NONE',  ( 0.3675250211376676068, -0.04708009012976675789, 0.4989999999999999991 ) ) ;
#5842 = CARTESIAN_POINT ( 'NONE',  ( -0.08989399656695966356, -0.1445666738936624285, 0.4989999999999999991 ) ) ;
#5843 = CARTESIAN_POINT ( 'NONE',  ( -0.07035555472643395536, -0.1418690562759650775, 0.5000000000000001110 ) ) ;
#5844 = SURFACE_SIDE_STYLE ('',( #4163 ) ) ;
#5845 = AXIS2_PLACEMENT_3D ( 'NONE', #1477, #2057, #5171 ) ;
#5846 = EDGE_CURVE ( 'NONE', #1286, #2917, #2115, .T. ) ;
#5847 =( GEOMETRIC_REPRESENTATION_CONTEXT ( 3 ) GLOBAL_UNCERTAINTY_ASSIGNED_CONTEXT ( ( #1432 ) ) GLOBAL_UNIT_ASSIGNED_CONTEXT ( ( #344, #837, #1356 ) ) REPRESENTATION_CONTEXT ( 'NONE', 'WORKASPACE' ) );
#5848 = CARTESIAN_POINT ( 'NONE',  ( -0.1426644895672250501, -0.04941181952387344034, 0.4989999999999999991 ) ) ;
#5849 = CARTESIAN_POINT ( 'NONE',  ( -0.1419229636443342102, -0.05694066434380612440, 0.5000000000000000000 ) ) ;
#5850 = CARTESIAN_POINT ( 'NONE',  ( -0.2084325922092460370, 0.06542874343083540656, 0.4989999999999998881 ) ) ;
#5851 = CARTESIAN_POINT ( 'NONE',  ( -0.3620214512569266962, -0.04680386558681851744, 0.5000000000000000000 ) ) ;
#5852 = DIRECTION ( 'NONE',  ( 0.0000000000000000000, 1.000000000000000000, 0.0000000000000000000 ) ) ;
#5853 = PRESENTATION_LAYER_ASSIGNMENT (  '', '', ( #4992 ) ) ;
#5855 = CARTESIAN_POINT ( 'NONE',  ( -0.1427957822812453703, -0.04162430376379233632, 0.4999999999999998890 ) ) ;
#5854 =( GEOMETRIC_REPRESENTATION_CONTEXT ( 3 ) GLOBAL_UNCERTAINTY_ASSIGNED_CONTEXT ( ( #942 ) ) GLOBAL_UNIT_ASSIGNED_CONTEXT ( ( #2300, #6040, #3960 ) ) REPRESENTATION_CONTEXT ( 'NONE', 'WORKASPACE' ) );
#5856 = CARTESIAN_POINT ( 'NONE',  ( 0.3362708881150845430, -0.05734380388442799487, 0.5000000000000000000 ) ) ;
#5857 = CARTESIAN_POINT ( 'NONE',  ( -0.3304901077296611422, 0.06946465380086948305, 0.5000000000000001110 ) ) ;
#5858 = SURFACE_STYLE_USAGE ( .BOTH. , #3783 ) ;
#5859 = ORIENTED_EDGE ( 'NONE', *, *, #6088, .F. ) ;
#5860 = CARTESIAN_POINT ( 'NONE',  ( 0.08592079956104285710, 0.1305661691134283042, 0.4989999999999999991 ) ) ;
#5861 = MECHANICAL_DESIGN_GEOMETRIC_PRESENTATION_REPRESENTATION (  '', ( #6306 ), #1940 ) ;
#5862 = CARTESIAN_POINT ( 'NONE',  ( -0.7800000000000001377, -0.4500000000000000111, 0.4800000000000001488 ) ) ;
#5864 = CARTESIAN_POINT ( 'NONE',  ( -0.1468554209429180912, 0.02873693364841935563, 0.4990000000000001101 ) ) ;
#5863 = CARTESIAN_POINT ( 'NONE',  ( 0.04816765749934467239, 0.003484855984208565152, 0.4999999999999998890 ) ) ;
#5865 = FACE_OUTER_BOUND ( 'NONE', #2243, .T. ) ;
#5866 = COLOUR_RGB ( '',0.0000000000000000000, 0.0000000000000000000, 0.0000000000000000000 ) ;
#5867 = CARTESIAN_POINT ( 'NONE',  ( -0.1138393935547590552, 0.1581578844766088621, 0.5000000000000000000 ) ) ;
#5868 = EDGE_LOOP ( 'NONE', ( #1630, #5048, #1639, #1095 ) ) ;
#5869 = ADVANCED_FACE ( 'NONE', ( #2378 ), #6563, .T. ) ;
#5870 = CARTESIAN_POINT ( 'NONE',  ( 0.09073492615251059490, 0.1318891510754306995, 0.5000000000000000000 ) ) ;
#5871 = CARTESIAN_POINT ( 'NONE',  ( 0.2701912307057675600, 0.03855020922322065918, 0.4989999999999999991 ) ) ;
#5872 = VECTOR ( 'NONE', #93, 1000.000000000000000 ) ;
#5873 = CARTESIAN_POINT ( 'NONE',  ( -0.06763031957644932701, 0.1606484791339027329, 0.4989999999999999991 ) ) ;
#5874 = FILL_AREA_STYLE_COLOUR ( '', #2679 ) ;
#5875 = UNCERTAINTY_MEASURE_WITH_UNIT (LENGTH_MEASURE( 1.000000000000000082E-05 ), #6207, 'distance_accuracy_value', 'NONE');
#5876 = SURFACE_STYLE_USAGE ( .BOTH. , #2660 ) ;
#5877 = PRESENTATION_LAYER_ASSIGNMENT (  '', '', ( #6540 ) ) ;
#5878 = CARTESIAN_POINT ( 'NONE',  ( -0.04452764923739442604, -0.1264016154495176680, 0.4990000000000001101 ) ) ;
#5879 = LINE ( 'NONE', #5360, #5775 ) ;
#5880 = MECHANICAL_DESIGN_GEOMETRIC_PRESENTATION_REPRESENTATION (  '', ( #4595 ), #5555 ) ;
#5881 = FACE_OUTER_BOUND ( 'NONE', #6032, .T. ) ;
#5882 = CARTESIAN_POINT ( 'NONE',  ( -0.2296058472163103048, 0.1315696897427011680, 0.4989999999999999991 ) ) ;
#5883 = CARTESIAN_POINT ( 'NONE',  ( -0.09153766539812850656, -0.1133978427248312909, 0.4999999999999998890 ) ) ;
#5884 = CARTESIAN_POINT ( 'NONE',  ( 0.3150460716643635473, -0.001526266518734293014, 0.5000000000000002220 ) ) ;
#5885 = CARTESIAN_POINT ( 'NONE',  ( -0.3526572257224306894, -0.08929986669294548429, 0.5000000000000001110 ) ) ;
#5886 = DIRECTION ( 'NONE',  ( -0.0000000000000000000, -0.0000000000000000000, 1.000000000000000000 ) ) ;
#5887 =( NAMED_UNIT ( * ) PLANE_ANGLE_UNIT ( ) SI_UNIT ( $, .RADIAN. ) );
#5888 = FACE_OUTER_BOUND ( 'NONE', #6677, .T. ) ;
#5889 = LINE ( 'NONE', #5405, #680 ) ;
#5890 = LINE ( 'NONE', #1195, #2688 ) ;
#5891 = CARTESIAN_POINT ( 'NONE',  ( -0.2611418417670103298, -0.1035809638494556706, 0.5000000000000000000 ) ) ;
#5892 = ORIENTED_EDGE ( 'NONE', *, *, #817, .F. ) ;
#5893 = STYLED_ITEM ( 'NONE', ( #4112 ), #6175 ) ;
#5894 = CARTESIAN_POINT ( 'NONE',  ( 0.07279325494502121574, 0.1221744617514145120, 0.4990000000000001101 ) ) ;
#5896 = CARTESIAN_POINT ( 'NONE',  ( -0.09360747059293371419, 0.02296579363880507305, 0.5000000000000000000 ) ) ;
#5895 = SURFACE_STYLE_USAGE ( .BOTH. , #5450 ) ;
#5897 = FILL_AREA_STYLE ('',( #5381 ) ) ;
#5898 = CARTESIAN_POINT ( 'NONE',  ( -0.1435478630519637644, 0.1347389118439028810, 0.4990000000000001101 ) ) ;
#5899 = ORIENTED_EDGE ( 'NONE', *, *, #5361, .F. ) ;
#5900 = CARTESIAN_POINT ( 'NONE',  ( 0.05829317617811491381, 0.09950286129776174382, 0.4999999999999998890 ) ) ;
#5901 = CARTESIAN_POINT ( 'NONE',  ( -0.07385562815205171106, 0.1622063892294314247, 0.5000000000000000000 ) ) ;
#5902 = EDGE_CURVE ( 'NONE', #5579, #1724, #3964, .T. ) ;
#5903 = CARTESIAN_POINT ( 'NONE',  ( 0.3221189904460273201, 0.02393981961283103005, 0.4989999999999999991 ) ) ;
#5904 = VERTEX_POINT ( 'NONE', #3894 ) ;
#5905 = PRESENTATION_STYLE_ASSIGNMENT (( #5329 ) ) ;
#5906 = CARTESIAN_POINT ( 'NONE',  ( -0.2438244328925234516, 0.09149283822291187640, 0.5000000000000000000 ) ) ;
#5907 = CARTESIAN_POINT ( 'NONE',  ( -0.3172272750321886714, -0.1360515706902424293, 0.5000000000000001110 ) ) ;
#5908 = CARTESIAN_POINT ( 'NONE',  ( -0.3262944222776688608, 0.09095850755464338078, 0.5000000000000001110 ) ) ;
#5909 = CARTESIAN_POINT ( 'NONE',  ( 0.2927793312142178972, 0.007243918710748841958, 0.4999999999999998890 ) ) ;
#5910 = EDGE_LOOP ( 'NONE', ( #4639, #616, #1479, #453 ) ) ;
#5911 = DIRECTION ( 'NONE',  ( 0.0000000000000000000, -1.000000000000000000, 0.0000000000000000000 ) ) ;
#5912 = CARTESIAN_POINT ( 'NONE',  ( -0.3164347405750383979, -0.09431653086311318768, 0.5000000000000000000 ) ) ;
#5913 = SURFACE_STYLE_USAGE ( .BOTH. , #117 ) ;
#5914 = B_SPLINE_SURFACE_WITH_KNOTS ( 'NONE', 3, 1, ( 
 ( #4862, #1253 ),
 ( #691, #1327 ),
 ( #2791, #3382 ),
 ( #4360, #3417 ),
 ( #1216, #729 ),
 ( #5394, #3869 ),
 ( #6539, #3939 ),
 ( #2313, #5906 ),
 ( #4898, #6432 ),
 ( #182, #2829 ),
 ( #5468, #4930 ),
 ( #766, #3280 ),
 ( #2282, #218 ),
 ( #5362, #659 ),
 ( #2754, #4629 ),
 ( #4500, #5571 ),
 ( #4051, #4082 ),
 ( #5036, #5163 ),
 ( #6164, #3004 ) ),
 .UNSPECIFIED., .F., .F., .F.,
 ( 4, 1, 1, 1, 1, 1, 1, 1, 1, 1, 1, 1, 1, 1, 1, 1, 4 ),
 ( 2, 2 ),
 ( 0.0000000000000000000, 0.1203858358472029572, 0.2308080084307348734, 0.3305680237435673630, 0.4206210405981469780, 0.5003288236263581101, 0.5707867949311861144, 0.6321153927949233475, 0.6846612245386655138, 0.7314024648940551376, 0.7749552507012199554, 0.8157449697615281048, 0.8538005445631573487, 0.8907166739697766067, 0.9267297321267933263, 0.9631335924975827911, 1.000000000000000000 ),
 ( 0.0000000000000000000, 1.000000000000000000 ),
 .UNSPECIFIED. ) ;
#5915 = CARTESIAN_POINT ( 'NONE',  ( -0.2296058472163103048, 0.1315696897427011680, 0.4989999999999999991 ) ) ;
#5916 = CARTESIAN_POINT ( 'NONE',  ( -0.2848209446189077232, 0.1632255338985452997, 0.4989999999999999991 ) ) ;
#5917 = CARTESIAN_POINT ( 'NONE',  ( -0.3495889387027601436, 0.1136077813506119749, 0.4989999999999997771 ) ) ;
#5918 = VERTEX_POINT ( 'NONE', #4001 ) ;
#5919 = CARTESIAN_POINT ( 'NONE',  ( -0.09195941521240520722, 0.02293059433997856472, 0.4989999999999999991 ) ) ;
#5920 = CARTESIAN_POINT ( 'NONE',  ( 0.07690802590585492371, 0.1258224545745108558, 0.5000000000000000000 ) ) ;
#5921 = EDGE_CURVE ( 'NONE', #5065, #1286, #1939, .T. ) ;
#5922 = CARTESIAN_POINT ( 'NONE',  ( -0.2465475326799411726, -0.08089284829732469595, 0.4989999999999998881 ) ) ;
#5924 = CARTESIAN_POINT ( 'NONE',  ( 0.09376386024031600763, -0.1444590227595910492, 0.4999999999999998890 ) ) ;
#5923 = CARTESIAN_POINT ( 'NONE',  ( 0.06173972130111085588, -0.08839569932422397525, 0.5000000000000000000 ) ) ;
#5925 = CARTESIAN_POINT ( 'NONE',  ( 0.1112209731479515962, 0.1286922356254947553, 0.5000000000000004441 ) ) ;
#5926 = DIRECTION ( 'NONE',  ( 0.7071067811865504593, 0.0000000000000000000, -0.7071067811865445751 ) ) ;
#5927 = VERTEX_POINT ( 'NONE', #238 ) ;
#5928 = CARTESIAN_POINT ( 'NONE',  ( 0.04811330862784551909, 0.009329430002441428671, 0.4999999999999997780 ) ) ;
#5929 = CARTESIAN_POINT ( 'NONE',  ( -0.03385053857078459266, -0.1134818702966850085, 0.5000000000000000000 ) ) ;
#5930 = SURFACE_STYLE_FILL_AREA ( #2894 ) ;
#5931 = CLOSED_SHELL ( 'NONE', ( #4186, #2314, #3933, #2281, #1562, #6360, #1326, #5869, #4535, #3063, #1072, #6376, #4713, #169 ) ) ;
#5932 = CARTESIAN_POINT ( 'NONE',  ( 0.2894710756848637989, 0.007334964319694968655, 0.5000000000000000000 ) ) ;
#5933 = CARTESIAN_POINT ( 'NONE',  ( 0.5399999999999999245, -0.3499999999999999778, 0.5000000000000000000 ) ) ;
#5934 = CARTESIAN_POINT ( 'NONE',  ( 0.1054349380521112933, 0.1629548578888670163, 0.4999999999999997780 ) ) ;
#5935 = EDGE_LOOP ( 'NONE', ( #408, #3987, #4943, #4421 ) ) ;
#5936 = FILL_AREA_STYLE_COLOUR ( '', #90 ) ;
#5937 =( NAMED_UNIT ( * ) PLANE_ANGLE_UNIT ( ) SI_UNIT ( $, .RADIAN. ) );
#5938 = DIRECTION ( 'NONE',  ( 0.0000000000000000000, -1.000000000000000000, -0.0000000000000000000 ) ) ;
#5939 = AXIS2_PLACEMENT_3D ( 'NONE', #6346, #699, #4400 ) ;
#5940 = PRESENTATION_LAYER_ASSIGNMENT (  '', '', ( #2554 ) ) ;
#5941 = CARTESIAN_POINT ( 'NONE',  ( -0.3620214512569266962, -0.04680386558681851744, 0.4989999999999999991 ) ) ;
#5942 = CARTESIAN_POINT ( 'NONE',  ( -0.09092889916436226738, 0.1320567027297141205, 0.5000000000000000000 ) ) ;
#5943 = PRESENTATION_LAYER_ASSIGNMENT (  '', '', ( #3778 ) ) ;
#5944 = STYLED_ITEM ( 'NONE', ( #3914 ), #798 ) ;
#5945 =( NAMED_UNIT ( * ) SI_UNIT ( $, .STERADIAN. ) SOLID_ANGLE_UNIT ( ) );
#5946 = DIRECTION ( 'NONE',  ( 0.0000000000000000000, -0.0000000000000000000, 1.000000000000000000 ) ) ;
#5947 = EDGE_CURVE ( 'NONE', #4939, #5207, #57, .T. ) ;
#5948 = DIRECTION ( 'NONE',  ( -0.0000000000000000000, -0.0000000000000000000, 1.000000000000000000 ) ) ;
#5949 = CARTESIAN_POINT ( 'NONE',  ( 0.1315981278452514891, -0.1349110276354183735, 0.5000000000000000000 ) ) ;
#5950 = MECHANICAL_DESIGN_GEOMETRIC_PRESENTATION_REPRESENTATION (  '', ( #4234 ), #6642 ) ;
#5951 = DIRECTION ( 'NONE',  ( 0.0000000000000000000, 0.0000000000000000000, 1.000000000000000000 ) ) ;
#5952 = CARTESIAN_POINT ( 'NONE',  ( 0.3364249969395338713, -0.05063404402353259559, 0.4989999999999999991 ) ) ;
#5954 = ORIENTED_EDGE ( 'NONE', *, *, #5202, .F. ) ;
#5953 = CARTESIAN_POINT ( 'NONE',  ( 0.3343670216472542367, -0.06997724660474798075, 0.5000000000000000000 ) ) ;
#5955 = FACE_OUTER_BOUND ( 'NONE', #6494, .T. ) ;
#5956 = CARTESIAN_POINT ( 'NONE',  ( -0.3395124388710942798, 0.1331978084637003290, 0.4999999999999997780 ) ) ;
#5957 = DIRECTION ( 'NONE',  ( 1.000000000000000000, 1.355252715606880937E-15, 6.255012533570217206E-16 ) ) ;
#5958 = ORIENTED_EDGE ( 'NONE', *, *, #5723, .F. ) ;
#5959 = FACE_OUTER_BOUND ( 'NONE', #1491, .T. ) ;
#5960 = EDGE_CURVE ( 'NONE', #1769, #5441, #1426, .T. ) ;
#5961 = CARTESIAN_POINT ( 'NONE',  ( -0.3337048731903362597, 0.009329430002441428671, 0.4989999999999999991 ) ) ;
#5962 = CARTESIAN_POINT ( 'NONE',  ( 0.5399999999999999245, -0.4500000000000000111, -0.0009999999999999158867 ) ) ;
#5963 = STYLED_ITEM ( 'NONE', ( #1590 ), #3636 ) ;
#5964 = CARTESIAN_POINT ( 'NONE',  ( 0.1522123346018714740, 0.1315696897427011680, 0.4989999999999999991 ) ) ;
#5966 = CARTESIAN_POINT ( 'NONE',  ( 0.01819980315461486656, -0.02951647080323194228, 0.4999999999999998890 ) ) ;
#5965 = CARTESIAN_POINT ( 'NONE',  ( -0.08276375754967357778, 0.1312127853882528172, 0.5000000000000000000 ) ) ;
#5967 = CARTESIAN_POINT ( 'NONE',  ( 0.09380258258648149772, 0.1631131192564301557, 0.5000000000000000000 ) ) ;
#5968 = ORIENTED_EDGE ( 'NONE', *, *, #6569, .T. ) ;
#5969 = EDGE_CURVE ( 'NONE', #2325, #5561, #2990, .T. ) ;
#5970 = CARTESIAN_POINT ( 'NONE',  ( -0.08485647356224870763, 0.05405044976982265742, 0.5000000000000002220 ) ) ;
#5971 = CARTESIAN_POINT ( 'NONE',  ( -0.3621682016583273600, 0.06062993797285919778, 0.4989999999999999991 ) ) ;
#5972 = CARTESIAN_POINT ( 'NONE',  ( 0.1718325830879158245, -0.05685714121492355111, 0.4990000000000001101 ) ) ;
#5973 = CARTESIAN_POINT ( 'NONE',  ( 0.2584158306924529969, -0.1022203562251375458, 0.4989999999999999991 ) ) ;
#5974 = SURFACE_STYLE_FILL_AREA ( #2452 ) ;
#5975 = ORIENTED_EDGE ( 'NONE', *, *, #5514, .T. ) ;
#5976 = CARTESIAN_POINT ( 'NONE',  ( 0.1522123346018714740, 0.1315696897427011680, 0.4989999999999999991 ) ) ;
#5977 = LINE ( 'NONE', #6052, #3813 ) ;
#5978 = PRESENTATION_STYLE_ASSIGNMENT (( #3867 ) ) ;
#5979 = CARTESIAN_POINT ( 'NONE',  ( -0.3636183786635668325, -0.02951647080323194228, 0.4989999999999998881 ) ) ;
#5981 = DIRECTION ( 'NONE',  ( -1.000000000000000000, -1.355252715606880740E-15, -0.0000000000000000000 ) ) ;
#5980 = VECTOR ( 'NONE', #1848, 1000.000000000000000 ) ;
#5982 = CARTESIAN_POINT ( 'NONE',  ( 0.09984418472949836698, 0.1631342056551429442, 0.4990000000000001101 ) ) ;
#5983 = CARTESIAN_POINT ( 'NONE',  ( -0.05057643905231317544, 0.1526620295608074607, 0.5000000000000000000 ) ) ;
#5984 = CARTESIAN_POINT ( 'NONE',  ( -0.07886244476807660608, 0.1301235058334676842, 0.4989999999999999991 ) ) ;
#5985 = LINE ( 'NONE', #3944, #3391 ) ;
#5986 = DIRECTION ( 'NONE',  ( -0.0000000000000000000, -0.0000000000000000000, 1.000000000000000000 ) ) ;
#5987 = COLOUR_RGB ( '',1.000000000000000000, 1.000000000000000000, 1.000000000000000000 ) ;
#5988 = CARTESIAN_POINT ( 'NONE',  ( 0.2862595436836014029, 0.007333383216561972090, 0.5000000000000001110 ) ) ;
#5989 = EDGE_CURVE ( 'NONE', #2707, #4978, #5093, .T. ) ;
#5991 = VERTEX_POINT ( 'NONE', #4592 ) ;
#5990 = CARTESIAN_POINT ( 'NONE',  ( 0.05566106927578676894, -0.07274450891171216349, 0.4989999999999999991 ) ) ;
#5992 = PLANE ( 'NONE',  #3794 ) ;
#5993 = CARTESIAN_POINT ( 'NONE',  ( 0.09663197745901434821, -0.1445666738936624285, 0.5000000000000000000 ) ) ;
#5994 = LINE ( 'NONE', #742, #5018 ) ;
#5995 = ORIENTED_EDGE ( 'NONE', *, *, #855, .T. ) ;
#5996 = CARTESIAN_POINT ( 'NONE',  ( 0.06148705295536699422, 0.1066906966262874679, 0.4989999999999999991 ) ) ;
#5997 = MANIFOLD_SOLID_BREP ( 'Boss-Extrude3', #1233 ) ;
#5998 = FILL_AREA_STYLE_COLOUR ( '', #6497 ) ;
#5999 = EDGE_CURVE ( 'NONE', #6698, #415, #6777, .T. ) ;
#6001 = CARTESIAN_POINT ( 'NONE',  ( 0.01979673056125511379, -0.04680386558681851744, 0.4989999999999999991 ) ) ;
#6000 = CARTESIAN_POINT ( 'NONE',  ( -0.09153766539812850656, -0.1133978427248312909, 0.4989999999999999991 ) ) ;
#6002 = LINE ( 'NONE', #6041, #1507 ) ;
#6003 = ORIENTED_EDGE ( 'NONE', *, *, #6135, .T. ) ;
#6004 = CARTESIAN_POINT ( 'NONE',  ( -0.01540732882704152346, -0.02192790854189895916, 0.4999999999999997780 ) ) ;
#6005 = DIRECTION ( 'NONE',  ( 0.9958932064677036289, -0.09053574604252112579, 0.0000000000000000000 ) ) ;
#6006 = EDGE_CURVE ( 'NONE', #704, #3188, #6335, .T. ) ;
#6007 = CARTESIAN_POINT ( 'NONE',  ( -0.02396194640527524872, -0.09498305690644559540, 0.5000000000000000000 ) ) ;
#6008 = ADVANCED_FACE ( 'NONE', ( #1113 ), #79, .T. ) ;
#6009 = CARTESIAN_POINT ( 'NONE',  ( 0.1766847371992740501, 0.009207676755688173204, 0.5000000000000001110 ) ) ;
#6010 = MANIFOLD_SOLID_BREP ( 'Cut-Extrude1[1]', #3100 ) ;
#6011 = CARTESIAN_POINT ( 'NONE',  ( 0.2976493678943431531, 0.006513557708033881205, 0.5000000000000000000 ) ) ;
#6012 = CARTESIAN_POINT ( 'NONE',  ( 0.3221189904460273201, 0.02393981961283103005, 0.4989999999999999991 ) ) ;
#6013 = UNCERTAINTY_MEASURE_WITH_UNIT (LENGTH_MEASURE( 1.000000000000000082E-05 ), #4394, 'distance_accuracy_value', 'NONE');
#6014 = CARTESIAN_POINT ( 'NONE',  ( 0.3412435364697172235, 0.01489338333027401783, 0.4999999999999998890 ) ) ;
#6016 = ORIENTED_EDGE ( 'NONE', *, *, #1157, .F. ) ;
#6015 = MECHANICAL_DESIGN_GEOMETRIC_PRESENTATION_REPRESENTATION (  '', ( #3060 ), #3179 ) ;
#6017 = CARTESIAN_POINT ( 'NONE',  ( -0.1346230851668398232, -0.003980749670062251784, 0.5000000000000000000 ) ) ;
#6018 = CARTESIAN_POINT ( 'NONE',  ( 0.2475916838494014449, 0.1527554782494689456, 0.4989999999999997771 ) ) ;
#6019 = CARTESIAN_POINT ( 'NONE',  ( 0.3558117407278080790, 0.08178490025101406435, 0.4989999999999999991 ) ) ;
#6020 = PRESENTATION_STYLE_ASSIGNMENT (( #808 ) ) ;
#6021 = EDGE_CURVE ( 'NONE', #3264, #3302, #3753, .T. ) ;
#6022 = FILL_AREA_STYLE_COLOUR ( '', #6284 ) ;
#6023 = CARTESIAN_POINT ( 'NONE',  ( 0.2886337631595290443, 0.1319062712725212194, 0.5000000000000000000 ) ) ;
#6024 = FILL_AREA_STYLE ('',( #3942 ) ) ;
#6025 = SURFACE_SIDE_STYLE ('',( #3352 ) ) ;
#6026 = DIRECTION ( 'NONE',  ( -0.0000000000000000000, 1.000000000000000000, 0.0000000000000000000 ) ) ;
#6027 = CARTESIAN_POINT ( 'NONE',  ( -0.5200000000000001288, -0.4500000000000000111, 0.4800000000000000377 ) ) ;
#6028 = CARTESIAN_POINT ( 'NONE',  ( 0.04827147997598129486, -0.007680015203016255822, 0.5000000000000001110 ) ) ;
#6029 = SURFACE_STYLE_USAGE ( .BOTH. , #4542 ) ;
#6030 = CARTESIAN_POINT ( 'NONE',  ( -0.7800000000000001377, 0.4500000000000000111, 0.02000000000000005246 ) ) ;
#6032 = EDGE_LOOP ( 'NONE', ( #5291, #3928, #4912, #2008 ) ) ;
#6031 =( NAMED_UNIT ( * ) PLANE_ANGLE_UNIT ( ) SI_UNIT ( $, .RADIAN. ) );
#6033 = CARTESIAN_POINT ( 'NONE',  ( 0.01819980315461486656, -0.02951647080323194228, 0.4999999999999998890 ) ) ;
#6034 = LINE ( 'NONE', #2806, #6431 ) ;
#6035 = VERTEX_POINT ( 'NONE', #4564 ) ;
#6036 = CARTESIAN_POINT ( 'NONE',  ( -0.09092889916436226738, 0.1320567027297141205, 0.4989999999999999991 ) ) ;
#6037 = CARTESIAN_POINT ( 'NONE',  ( -0.1331163991643622702, 0.09924420272971415380, 0.5000000000000000000 ) ) ;
#6038 = CARTESIAN_POINT ( 'NONE',  ( 0.3558117407278080790, 0.08178490025101406435, 0.5000000000000001110 ) ) ;
#6039 = LINE ( 'NONE', #270, #6634 ) ;
#6040 =( NAMED_UNIT ( * ) PLANE_ANGLE_UNIT ( ) SI_UNIT ( $, .RADIAN. ) );
#6041 = CARTESIAN_POINT ( 'NONE',  ( 0.4999999999999998890, 0.4500000000000000111, 0.5000000000000000000 ) ) ;
#6042 = ORIENTED_EDGE ( 'NONE', *, *, #3977, .F. ) ;
#6043 = CARTESIAN_POINT ( 'NONE',  ( -0.08727630176176488785, 0.05413462480763622103, 0.5000000000000000000 ) ) ;
#6044 = LINE ( 'NONE', #1973, #2041 ) ;
#6045 = CARTESIAN_POINT ( 'NONE',  ( 0.1454601952757836880, 0.003545838003839398359, 0.5000000000000000000 ) ) ;
#6047 = LINE ( 'NONE', #2855, #792 ) ;
#6046 = LINE ( 'NONE', #2414, #6287 ) ;
#6048 = CARTESIAN_POINT ( 'NONE',  ( 0.2770936399556885310, -0.1125860919018566442, 0.4989999999999999991 ) ) ;
#6049 = CARTESIAN_POINT ( 'NONE',  ( 0.3354455979185854142, 0.01860219055983620973, 0.5000000000000001110 ) ) ;
#6050 = ORIENTED_EDGE ( 'NONE', *, *, #700, .T. ) ;
#6051 = CARTESIAN_POINT ( 'NONE',  ( -0.1408449978679933434, -0.02112781369998859016, 0.5000000000000000000 ) ) ;
#6052 = CARTESIAN_POINT ( 'NONE',  ( -0.7705000000000001847, 0.3500000000000003109, 0.2295000000000034235 ) ) ;
#6053 = DIRECTION ( 'NONE',  ( -1.000000000000000000, 0.0000000000000000000, -0.0000000000000000000 ) ) ;
#6054 = EDGE_CURVE ( 'NONE', #5194, #1593, #3006, .T. ) ;
#6055 = B_SPLINE_CURVE_WITH_KNOTS ( 'NONE', 3,
 ( #2410, #1901, #3335, #3371, #5453, #2957, #4172, #3091, #4646, #6219, #1456, #6639, #3578, #5055, #993, #6732, #872, #1971, #4590 ),
 .UNSPECIFIED., .F., .F.,
 ( 4, 1, 1, 1, 1, 1, 1, 1, 1, 1, 1, 1, 1, 1, 1, 1, 4 ),
 ( 0.0000000000000000000, 0.07299823311530313774, 0.1425151470928461561, 0.2102806538676657289, 0.2755108543094944018, 0.3397595173215647302, 0.4026892954439158512, 0.4662961870399116027, 0.5298895770136993200, 0.5925945618138374060, 0.6527761800677834847, 0.7116580061190114215, 0.7689098416905512101, 0.8256141046783275206, 0.8826237818447227879, 0.9405120262693222877, 1.000000000000000000 ),
 .UNSPECIFIED. ) ;
#6056 = STYLED_ITEM ( 'NONE', ( #6144 ), #1528 ) ;
#6057 = VECTOR ( 'NONE', #3256, 1000.000000000000000 ) ;
#6058 = CARTESIAN_POINT ( 'NONE',  ( -0.1045675235013903415, 0.05188325826762117676, 0.4999999999999998890 ) ) ;
#6059 = CARTESIAN_POINT ( 'NONE',  ( -0.7800000000000001377, 0.4500000000000000111, 0.4800000000000001488 ) ) ;
#6060 = SURFACE_STYLE_USAGE ( .BOTH. , #4467 ) ;
#6061 = MECHANICAL_DESIGN_GEOMETRIC_PRESENTATION_REPRESENTATION (  '', ( #6173 ), #26 ) ;
#6062 = CARTESIAN_POINT ( 'NONE',  ( 0.2993382280349224933, 0.1619368048196268839, 0.5000000000000000000 ) ) ;
#6063 = EDGE_CURVE ( 'NONE', #762, #6380, #1802, .T. ) ;
#6064 = CARTESIAN_POINT ( 'NONE',  ( -0.5399999999999999245, -0.4500000000000000111, 0.4800000000000000377 ) ) ;
#6065 =( GEOMETRIC_REPRESENTATION_CONTEXT ( 3 ) GLOBAL_UNCERTAINTY_ASSIGNED_CONTEXT ( ( #6785 ) ) GLOBAL_UNIT_ASSIGNED_CONTEXT ( ( #1234, #3820, #1200 ) ) REPRESENTATION_CONTEXT ( 'NONE', 'WORKASPACE' ) );
#6066 = FACE_OUTER_BOUND ( 'NONE', #5211, .T. ) ;
#6068 = ORIENTED_EDGE ( 'NONE', *, *, #2733, .F. ) ;
#6067 = CARTESIAN_POINT ( 'NONE',  ( -0.2404054889788697913, 0.1454899260265473948, 0.4989999999999998881 ) ) ;
#6069 = SURFACE_SIDE_STYLE ('',( #4874 ) ) ;
#6070 = DIRECTION ( 'NONE',  ( -5.421010862427515070E-15, 0.0000000000000000000, -1.000000000000000000 ) ) ;
#6071 = EDGE_LOOP ( 'NONE', ( #3085, #1776, #6244, #3397 ) ) ;
#6072 = CARTESIAN_POINT ( 'NONE',  ( 0.2087344256804966880, -0.06829670016740133076, 0.4990000000000001101 ) ) ;
#6073 =( NAMED_UNIT ( * ) PLANE_ANGLE_UNIT ( ) SI_UNIT ( $, .RADIAN. ) );
#6074 = STYLED_ITEM ( 'NONE', ( #4225 ), #2351 ) ;
#6075 = CARTESIAN_POINT ( 'NONE',  ( -0.5399999999999999245, -0.4500000000000000111, 0.5000000000000000000 ) ) ;
#6076 = MECHANICAL_DESIGN_GEOMETRIC_PRESENTATION_REPRESENTATION (  '', ( #3116 ), #483 ) ;
#6077 = CARTESIAN_POINT ( 'NONE',  ( 0.1753608931185316466, 0.04796610769487739262, 0.4990000000000002212 ) ) ;
#6079 =( GEOMETRIC_REPRESENTATION_CONTEXT ( 3 ) GLOBAL_UNCERTAINTY_ASSIGNED_CONTEXT ( ( #4530 ) ) GLOBAL_UNIT_ASSIGNED_CONTEXT ( ( #5317, #3652, #5285 ) ) REPRESENTATION_CONTEXT ( 'NONE', 'WORKASPACE' ) );
#6078 = CARTESIAN_POINT ( 'NONE',  ( -0.1205266178295793245, 0.01319470998154973970, 0.4989999999999998881 ) ) ;
#6080 = CARTESIAN_POINT ( 'NONE',  ( 0.1453541078374177842, 0.02637922621971367995, 0.4989999999999999991 ) ) ;
#6081 = CARTESIAN_POINT ( 'NONE',  ( 0.05490167989603964710, 0.1480251955943656106, 0.5000000000000000000 ) ) ;
#6082 = ORIENTED_EDGE ( 'NONE', *, *, #1676, .T. ) ;
#6083 = CARTESIAN_POINT ( 'NONE',  ( 0.04827611522937272359, 0.02619646027213247755, 0.5000000000000000000 ) ) ;
#6084 = CARTESIAN_POINT ( 'NONE',  ( -0.09153766539812850656, -0.1133978427248312909, 0.4999999999999998890 ) ) ;
#6085 = COLOUR_RGB ( '',1.000000000000000000, 1.000000000000000000, 1.000000000000000000 ) ;
#6086 = CARTESIAN_POINT ( 'NONE',  ( 0.1074024183910346486, -0.1119076345501752723, 0.5000000000000001110 ) ) ;
#6087 = CARTESIAN_POINT ( 'NONE',  ( -0.04613902177909588731, -0.02899003769595266330, 0.5000000000000000000 ) ) ;
#6088 = EDGE_CURVE ( 'NONE', #4355, #3262, #5462, .T. ) ;
#6089 =( NAMED_UNIT ( * ) PLANE_ANGLE_UNIT ( ) SI_UNIT ( $, .RADIAN. ) );
#6090 = CARTESIAN_POINT ( 'NONE',  ( 0.2845357600240382423, -0.1133471002944486522, 0.4989999999999999991 ) ) ;
#6091 =( GEOMETRIC_REPRESENTATION_CONTEXT ( 3 ) GLOBAL_UNCERTAINTY_ASSIGNED_CONTEXT ( ( #3488 ) ) GLOBAL_UNIT_ASSIGNED_CONTEXT ( ( #5489, #2375, #4138 ) ) REPRESENTATION_CONTEXT ( 'NONE', 'WORKASPACE' ) );
#6092 = UNCERTAINTY_MEASURE_WITH_UNIT (LENGTH_MEASURE( 1.000000000000000082E-05 ), #3539, 'distance_accuracy_value', 'NONE');
#6093 = ORIENTED_EDGE ( 'NONE', *, *, #2873, .T. ) ;
#6094 = CARTESIAN_POINT ( 'NONE',  ( 0.5399999999999999245, 0.4500000000000000111, 0.4800000000000000377 ) ) ;
#6095 = CARTESIAN_POINT ( 'NONE',  ( -0.8000000000000000444, -0.4500000000000000111, 5.421010862427522170E-17 ) ) ;
#6096 = VECTOR ( 'NONE', #1387, 1000.000000000000000 ) ;
#6097 = EDGE_CURVE ( 'NONE', #5797, #3241, #1285, .T. ) ;
#6098 = CARTESIAN_POINT ( 'NONE',  ( -0.2099855987302659266, -0.05685714121492353029, 0.4999999999999998890 ) ) ;
#6099 = SURFACE_SIDE_STYLE ('',( #3460 ) ) ;
#6100 = CARTESIAN_POINT ( 'NONE',  ( 0.3213651665041622474, 0.06692552753256846010, 0.4990000000000001101 ) ) ;
#6101 = CARTESIAN_POINT ( 'NONE',  ( 0.3547504503640271367, 0.1012118835126737115, 0.5000000000000001110 ) ) ;
#6102 = MANIFOLD_SOLID_BREP ( 'Cut-Extrude4', #5828 ) ;
#6103 = PRESENTATION_STYLE_ASSIGNMENT (( #4020 ) ) ;
#6104 = CARTESIAN_POINT ( 'NONE',  ( 0.1766358421267636425, 0.003118541669219569799, 0.5000000000000000000 ) ) ;
#6105 = AXIS2_PLACEMENT_3D ( 'NONE', #194, #4404, #3295 ) ;
#6106 = PRESENTATION_STYLE_ASSIGNMENT (( #6029 ) ) ;
#6107 = FACE_BOUND ( 'NONE', #3676, .T. ) ;
#6109 = EDGE_LOOP ( 'NONE', ( #6050, #4591, #5892, #491 ) ) ;
#6108 = DIRECTION ( 'NONE',  ( 0.0000000000000000000, -0.0000000000000000000, -1.000000000000000000 ) ) ;
#6110 = CARTESIAN_POINT ( 'NONE',  ( -0.2995526963715151592, -0.1100586623999444541, 0.4999999999999996669 ) ) ;
#6111 = CARTESIAN_POINT ( 'NONE',  ( -0.2363022757877388802, 0.009329430002441428671, 0.5000000000000000000 ) ) ;
#6112 = PRESENTATION_STYLE_ASSIGNMENT (( #6553 ) ) ;
#6113 = VERTEX_POINT ( 'NONE', #3656 ) ;
#6114 = CARTESIAN_POINT ( 'NONE',  ( 0.2662951268096636070, 0.003241767664779093751, 0.4989999999999999991 ) ) ;
#6115 = CARTESIAN_POINT ( 'NONE',  ( 0.2877845748616117416, 0.007381378054389486909, 0.5000000000000001110 ) ) ;
#6116 =( GEOMETRIC_REPRESENTATION_CONTEXT ( 3 ) GLOBAL_UNCERTAINTY_ASSIGNED_CONTEXT ( ( #3971 ) ) GLOBAL_UNIT_ASSIGNED_CONTEXT ( ( #5196, #5702, #2592 ) ) REPRESENTATION_CONTEXT ( 'NONE', 'WORKASPACE' ) );
#6117 = CARTESIAN_POINT ( 'NONE',  ( -0.8000000000000000444, 0.4500000000000000111, 5.421010862427522170E-17 ) ) ;
#6118 = PRESENTATION_STYLE_ASSIGNMENT (( #337 ) ) ;
#6119 = CARTESIAN_POINT ( 'NONE',  ( -0.2052772636585493971, -0.008702789788698969686, 0.5000000000000003331 ) ) ;
#6120 = CARTESIAN_POINT ( 'NONE',  ( 0.3510617658992268852, 0.05695305147752335873, 0.5000000000000000000 ) ) ;
#6121 = ORIENTED_EDGE ( 'NONE', *, *, #2085, .F. ) ;
#6122 = CARTESIAN_POINT ( 'NONE',  ( 0.7800000000000001377, -0.4500000000000000111, 0.02000000000000005246 ) ) ;
#6123 = FACE_OUTER_BOUND ( 'NONE', #5113, .T. ) ;
#6124 = CARTESIAN_POINT ( 'NONE',  ( 0.1422870796997818543, -0.05082316656292691637, 0.5000000000000000000 ) ) ;
#6126 = CARTESIAN_POINT ( 'NONE',  ( -0.04555614471999067799, -0.03629781699152055674, 0.5000000000000000000 ) ) ;
#6125 = SURFACE_STYLE_FILL_AREA ( #5632 ) ;
#6127 =( NAMED_UNIT ( * ) SI_UNIT ( $, .STERADIAN. ) SOLID_ANGLE_UNIT ( ) );
#6128 = CARTESIAN_POINT ( 'NONE',  ( 0.2616942442144173375, -0.1052111672409471316, 0.4990000000000001101 ) ) ;
#6129 = CARTESIAN_POINT ( 'NONE',  ( -0.09153766539812850656, -0.1133978427248312909, 0.4999999999999998890 ) ) ;
#6130 = ORIENTED_EDGE ( 'NONE', *, *, #4604, .T. ) ;
#6131 = CARTESIAN_POINT ( 'NONE',  ( -0.1391943446086060243, -0.01502161440159732048, 0.4990000000000001101 ) ) ;
#6132 = CARTESIAN_POINT ( 'NONE',  ( 0.2122600413633260463, 0.09216980615027650647, 0.4990000000000001101 ) ) ;
#6133 = CARTESIAN_POINT ( 'NONE',  ( -0.2364197632329546050, -0.1225064007141488803, 0.4989999999999999991 ) ) ;
#6134 = PRESENTATION_LAYER_ASSIGNMENT (  '', '', ( #3517 ) ) ;
#6135 = EDGE_CURVE ( 'NONE', #2, #3454, #5030, .T. ) ;
#6136 = CARTESIAN_POINT ( 'NONE',  ( -0.09018740253558361897, 0.05401817687142163038, 0.5000000000000000000 ) ) ;
#6137 = MECHANICAL_DESIGN_GEOMETRIC_PRESENTATION_REPRESENTATION (  '', ( #6791 ), #2084 ) ;
#6138 = CARTESIAN_POINT ( 'NONE',  ( -0.2946412836041630845, -0.1119027074789025467, 0.4989999999999999991 ) ) ;
#6139 = CARTESIAN_POINT ( 'NONE',  ( 0.3281140457535661747, -0.08658926116109152971, 0.4990000000000001101 ) ) ;
#6140 =( NAMED_UNIT ( * ) SI_UNIT ( $, .STERADIAN. ) SOLID_ANGLE_UNIT ( ) );
#6141 = CARTESIAN_POINT ( 'NONE',  ( 0.06927540403519016898, -0.09936177919827650362, 0.5000000000000001110 ) ) ;
#6142 = FILL_AREA_STYLE_COLOUR ( '', #4003 ) ;
#6143 = CARTESIAN_POINT ( 'NONE',  ( 0.3675250211376676068, -0.04708009012976675789, 0.4989999999999999991 ) ) ;
#6145 = VERTEX_POINT ( 'NONE', #2523 ) ;
#6144 = PRESENTATION_STYLE_ASSIGNMENT (( #1859 ) ) ;
#6146 = CARTESIAN_POINT ( 'NONE',  ( 0.3170129983638020899, 0.05856538390698304980, 0.5000000000000000000 ) ) ;
#6147 =( NAMED_UNIT ( * ) SI_UNIT ( $, .STERADIAN. ) SOLID_ANGLE_UNIT ( ) );
#6148 = CARTESIAN_POINT ( 'NONE',  ( 0.01709008001430506810, 0.02723960817167099188, 0.4989999999999998881 ) ) ;
#6149 = ORIENTED_EDGE ( 'NONE', *, *, #2993, .F. ) ;
#6150 = CARTESIAN_POINT ( 'NONE',  ( 0.2153356136421761824, 0.1063012076345939971, 0.4999999999999998890 ) ) ;
#6151 = SURFACE_SIDE_STYLE ('',( #1057 ) ) ;
#6152 = CARTESIAN_POINT ( 'NONE',  ( 0.1632411210841495375, 0.1093140923355265526, 0.4990000000000001101 ) ) ;
#6153 = CARTESIAN_POINT ( 'NONE',  ( -0.2062804539039840845, -0.02588350034201678668, 0.5000000000000001110 ) ) ;
#6154 =( NAMED_UNIT ( * ) SI_UNIT ( $, .STERADIAN. ) SOLID_ANGLE_UNIT ( ) );
#6155 = ORIENTED_EDGE ( 'NONE', *, *, #1142, .F. ) ;
#6156 = EDGE_CURVE ( 'NONE', #6725, #1786, #4416, .T. ) ;
#6157 = CARTESIAN_POINT ( 'NONE',  ( 0.09921765664764201076, -0.1133400795675549022, 0.5000000000000000000 ) ) ;
#6159 =( NAMED_UNIT ( * ) SI_UNIT ( $, .STERADIAN. ) SOLID_ANGLE_UNIT ( ) );
#6158 =( NAMED_UNIT ( * ) PLANE_ANGLE_UNIT ( ) SI_UNIT ( $, .RADIAN. ) );
#6160 = SURFACE_STYLE_USAGE ( .BOTH. , #3550 ) ;
#6161 = UNCERTAINTY_MEASURE_WITH_UNIT (LENGTH_MEASURE( 1.000000000000000082E-05 ), #2403, 'distance_accuracy_value', 'NONE');
#6162 = VERTEX_POINT ( 'NONE', #2007 ) ;
#6163 = CARTESIAN_POINT ( 'NONE',  ( -0.2665836329051506914, -0.1423550100507636196, 0.4990000000000001101 ) ) ;
#6164 = CARTESIAN_POINT ( 'NONE',  ( -0.2860993537098168171, 0.1320567027297141205, 0.4989999999999999991 ) ) ;
#6165 = CARTESIAN_POINT ( 'NONE',  ( -0.1209185498857514723, 0.04447296977186575295, 0.4999999999999997780 ) ) ;
#6166 = CARTESIAN_POINT ( 'NONE',  ( -0.1499316230490167490, 0.1259820543470730470, 0.5000000000000000000 ) ) ;
#6167 = CARTESIAN_POINT ( 'NONE',  ( 0.2923441752811873351, 0.1630138202389985747, 0.4989999999999999991 ) ) ;
#6168 = CARTESIAN_POINT ( 'NONE',  ( -0.1461737433300686895, 0.04130597184408049682, 0.4990000000000001101 ) ) ;
#6169 =( GEOMETRIC_REPRESENTATION_CONTEXT ( 3 ) GLOBAL_UNCERTAINTY_ASSIGNED_CONTEXT ( ( #3831 ) ) GLOBAL_UNIT_ASSIGNED_CONTEXT ( ( #1170, #1731, #1202 ) ) REPRESENTATION_CONTEXT ( 'NONE', 'WORKASPACE' ) );
#6170 = SURFACE_STYLE_USAGE ( .BOTH. , #774 ) ;
#6171 = CARTESIAN_POINT ( 'NONE',  ( 0.01819980315461486656, -0.02951647080323194228, 0.4989999999999998881 ) ) ;
#6172 = CARTESIAN_POINT ( 'NONE',  ( 0.3661986758547089438, -0.06999295962482914024, 0.4999999999999998890 ) ) ;
#6173 = STYLED_ITEM ( 'NONE', ( #1807 ), #1562 ) ;
#6174 = VERTEX_POINT ( 'NONE', #6129 ) ;
#6175 = ADVANCED_FACE ( 'NONE', ( #5098 ), #1107, .T. ) ;
#6176 = CARTESIAN_POINT ( 'NONE',  ( 0.3034518488697301453, 0.04553806064706454604, 0.5000000000000001110 ) ) ;
#6177 = ORIENTED_EDGE ( 'NONE', *, *, #2742, .F. ) ;
#6178 =( LENGTH_UNIT ( ) NAMED_UNIT ( * ) SI_UNIT ( .MILLI., .METRE. ) );
#6179 = CARTESIAN_POINT ( 'NONE',  ( -0.05135885620810293900, 0.09550042015787328642, 0.5000000000000000000 ) ) ;
#6180 = CARTESIAN_POINT ( 'NONE',  ( -0.3262944222776688608, 0.09095850755464338078, 0.4990000000000001101 ) ) ;
#6181 = VECTOR ( 'NONE', #6354, 1000.000000000000000 ) ;
#6182 = CARTESIAN_POINT ( 'NONE',  ( 0.2500606897808336782, 0.1100630991124542518, 0.4989999999999998881 ) ) ;
#6183 = CARTESIAN_POINT ( 'NONE',  ( 0.3245969869290796783, 0.09012366980368406721, 0.5000000000000000000 ) ) ;
#6184 = EDGE_CURVE ( 'NONE', #5065, #1746, #2024, .T. ) ;
#6185 = CARTESIAN_POINT ( 'NONE',  ( -0.2580589594977812928, -0.1393232756009439854, 0.5000000000000001110 ) ) ;
#6186 =( GEOMETRIC_REPRESENTATION_CONTEXT ( 3 ) GLOBAL_UNCERTAINTY_ASSIGNED_CONTEXT ( ( #1069 ) ) GLOBAL_UNIT_ASSIGNED_CONTEXT ( ( #1511, #2094, #6267 ) ) REPRESENTATION_CONTEXT ( 'NONE', 'WORKASPACE' ) );
#6187 = PLANE ( 'NONE',  #4900 ) ;
#6188 = ORIENTED_EDGE ( 'NONE', *, *, #5784, .F. ) ;
#6189 = CARTESIAN_POINT ( 'NONE',  ( 0.2910888920204068309, -0.1133025383769019623, 0.4989999999999999991 ) ) ;
#6190 = CARTESIAN_POINT ( 'NONE',  ( 0.1120823689281718188, -0.1099751125284872399, 0.4999999999999998890 ) ) ;
#6191 = CARTESIAN_POINT ( 'NONE',  ( 0.2779876286481147152, -0.1443658457147492247, 0.4999999999999998890 ) ) ;
#6192 = EDGE_CURVE ( 'NONE', #4148, #5024, #1788, .T. ) ;
#6193 = SURFACE_STYLE_FILL_AREA ( #4110 ) ;
#6194 = CARTESIAN_POINT ( 'NONE',  ( -0.3118181689876319274, 0.1579482536689636174, 0.5000000000000001110 ) ) ;
#6195 = ORIENTED_EDGE ( 'NONE', *, *, #6301, .F. ) ;
#6196 = MECHANICAL_DESIGN_GEOMETRIC_PRESENTATION_REPRESENTATION (  '', ( #1487 ), #4238 ) ;
#6197 = PRESENTATION_STYLE_ASSIGNMENT (( #3069 ) ) ;
#6198 = MECHANICAL_DESIGN_GEOMETRIC_PRESENTATION_REPRESENTATION (  '', ( #1493 ), #4245 ) ;
#6199 = DIRECTION ( 'NONE',  ( 0.0000000000000000000, 1.000000000000000000, 0.0000000000000000000 ) ) ;
#6200 = CARTESIAN_POINT ( 'NONE',  ( -0.02562980031220005867, 0.1209700752023443182, 0.4990000000000001101 ) ) ;
#6201 = CARTESIAN_POINT ( 'NONE',  ( 0.3006804697927158432, -0.1110768008355461078, 0.4989999999999998881 ) ) ;
#6202 = PLANE ( 'NONE',  #749 ) ;
#6203 = CARTESIAN_POINT ( 'NONE',  ( -0.1416955647823243680, 0.07401507355291994661, 0.4989999999999999991 ) ) ;
#6204 = B_SPLINE_SURFACE_WITH_KNOTS ( 'NONE', 3, 1, ( 
 ( #5224, #3616 ),
 ( #4752, #5695 ),
 ( #70, #997 ),
 ( #3095, #6355 ),
 ( #2616, #4209 ),
 ( #4788, #6286 ),
 ( #3754, #488 ),
 ( #5188, #5254 ),
 ( #552, #2141 ),
 ( #4247, #6323 ),
 ( #1634, #3724 ),
 ( #5800, #1100 ),
 ( #2681, #2774 ),
 ( #2814, #2268 ),
 ( #3821, #4883 ) ),
 .UNSPECIFIED., .F., .F., .F.,
 ( 4, 1, 1, 1, 1, 1, 1, 1, 1, 1, 1, 1, 4 ),
 ( 2, 2 ),
 ( 0.0000000000000000000, 0.1157650784265954330, 0.2252032054860274302, 0.3349430611455465612, 0.4481580580999232066, 0.5071195114202255994, 0.5672858645983624992, 0.6306224506208056857, 0.6965576080074882270, 0.7662657032136763746, 0.8400942303236406117, 0.9174810998729969747, 1.000000000000000000 ),
 ( 0.0000000000000000000, 1.000000000000000000 ),
 .UNSPECIFIED. ) ;
#6205 = SURFACE_SIDE_STYLE ('',( #786 ) ) ;
#6207 =( LENGTH_UNIT ( ) NAMED_UNIT ( * ) SI_UNIT ( .MILLI., .METRE. ) );
#6206 = VECTOR ( 'NONE', #4232, 1000.000000000000000 ) ;
#6208 = ORIENTED_EDGE ( 'NONE', *, *, #2655, .T. ) ;
#6209 = CARTESIAN_POINT ( 'NONE',  ( 0.3245724234269249386, 0.08155547187482746485, 0.5000000000000000000 ) ) ;
#6210 = VERTEX_POINT ( 'NONE', #6037 ) ;
#6211 = CARTESIAN_POINT ( 'NONE',  ( 0.2280618550261665489, 0.1340671082683962123, 0.4990000000000001101 ) ) ;
#6212 = CARTESIAN_POINT ( 'NONE',  ( 0.2830085967299088567, 0.007231071425119181550, 0.5000000000000000000 ) ) ;
#6213 = STYLED_ITEM ( 'NONE', ( #3647 ), #4972 ) ;
#6214 = ADVANCED_FACE ( 'NONE', ( #1898 ), #5371, .T. ) ;
#6215 =( NAMED_UNIT ( * ) SI_UNIT ( $, .STERADIAN. ) SOLID_ANGLE_UNIT ( ) );
#6216 = CARTESIAN_POINT ( 'NONE',  ( 0.3077838311973279395, 0.1251614326943536193, 0.4990000000000001101 ) ) ;
#6217 = CARTESIAN_POINT ( 'NONE',  ( -0.2051823396914182196, 0.003118541669219570666, 0.4989999999999999991 ) ) ;
#6218 = VECTOR ( 'NONE', #3882, 1000.000000000000000 ) ;
#6219 = CARTESIAN_POINT ( 'NONE',  ( 0.3435604542708344256, -0.1182763642366695539, 0.4990000000000001101 ) ) ;
#6220 = VERTEX_POINT ( 'NONE', #3606 ) ;
#6221 = SURFACE_SIDE_STYLE ('',( #4141 ) ) ;
#6222 = EDGE_CURVE ( 'NONE', #6380, #5918, #6438, .T. ) ;
#6223 = CARTESIAN_POINT ( 'NONE',  ( -0.1342364846456848282, 0.09676596799375164482, 0.5000000000000000000 ) ) ;
#6224 = SURFACE_STYLE_USAGE ( .BOTH. , #457 ) ;
#6225 = CARTESIAN_POINT ( 'NONE',  ( 0.02805906264018718371, 0.1020982065975550163, 0.4989999999999999991 ) ) ;
#6226 = UNCERTAINTY_MEASURE_WITH_UNIT (LENGTH_MEASURE( 1.000000000000000082E-05 ), #1273, 'distance_accuracy_value', 'NONE');
#6227 = CARTESIAN_POINT ( 'NONE',  ( -0.3571544802212698877, 0.08941556916950811618, 0.4999999999999998890 ) ) ;
#6228 = ORIENTED_EDGE ( 'NONE', *, *, #1142, .T. ) ;
#6229 = CARTESIAN_POINT ( 'NONE',  ( 0.3246809943333138215, 0.08507891512250337351, 0.4989999999999999991 ) ) ;
#6230 = CARTESIAN_POINT ( 'NONE',  ( 0.06459090678599306579, -0.1360515706902424293, 0.4989999999999999991 ) ) ;
#6231 = CARTESIAN_POINT ( 'NONE',  ( -0.06195162643708956862, 0.1178724494829609254, 0.5000000000000000000 ) ) ;
#6232 = CARTESIAN_POINT ( 'NONE',  ( -0.02257130287735432603, 0.005483972497755737821, 0.4999999999999998890 ) ) ;
#6233 = CARTESIAN_POINT ( 'NONE',  ( -0.1296188715969913141, 0.1488269590900563322, 0.5000000000000001110 ) ) ;
#6234 = PRESENTATION_LAYER_ASSIGNMENT (  '', '', ( #5570 ) ) ;
#6235 = FACE_OUTER_BOUND ( 'NONE', #5823, .T. ) ;
#6236 = CARTESIAN_POINT ( 'NONE',  ( -0.1468554209429180912, 0.02873693364841935563, 0.5000000000000001110 ) ) ;
#6237 = EDGE_CURVE ( 'NONE', #640, #1286, #4254, .T. ) ;
#6238 = PRESENTATION_LAYER_ASSIGNMENT (  '', '', ( #4828 ) ) ;
#6239 = SURFACE_STYLE_FILL_AREA ( #3633 ) ;
#6240 = CARTESIAN_POINT ( 'NONE',  ( -0.2605514902726834836, 0.1589597259316671840, 0.5000000000000000000 ) ) ;
#6241 = CARTESIAN_POINT ( 'NONE',  ( 0.3492131013988536981, -0.1114814792427511608, 0.4999999999999998890 ) ) ;
#6242 = VERTEX_POINT ( 'NONE', #2702 ) ;
#6243 = CARTESIAN_POINT ( 'NONE',  ( -0.05754535534650292994, 0.1120340907766710359, 0.4989999999999999991 ) ) ;
#6244 = ORIENTED_EDGE ( 'NONE', *, *, #2859, .T. ) ;
#6245 = CARTESIAN_POINT ( 'NONE',  ( 0.2153356136421761824, 0.1063012076345939971, 0.4989999999999998881 ) ) ;
#6246 = CARTESIAN_POINT ( 'NONE',  ( 0.1158697663532846645, 0.1259233261452059049, 0.5000000000000000000 ) ) ;
#6247 = CARTESIAN_POINT ( 'NONE',  ( 0.2701912307057675600, 0.03855020922322065918, 0.4989999999999999991 ) ) ;
#6248 = CARTESIAN_POINT ( 'NONE',  ( 0.2833023362515211807, 0.1319303825845181966, 0.4989999999999998881 ) ) ;
#6249 = CARTESIAN_POINT ( 'NONE',  ( -0.3200784605170709507, -0.08839569932422397525, 0.4999999999999996669 ) ) ;
#6250 = CARTESIAN_POINT ( 'NONE',  ( -0.2605514902726834836, 0.1589597259316671840, 0.5000000000000000000 ) ) ;
#6251 = CARTESIAN_POINT ( 'NONE',  ( -0.2429209485894245346, -0.1294007604797804967, 0.5000000000000001110 ) ) ;
#6252 = CARTESIAN_POINT ( 'NONE',  ( 0.3422851939978142077, 0.04119266727321286431, 0.4999999999999998890 ) ) ;
#6253 = ORIENTED_EDGE ( 'NONE', *, *, #5061, .F. ) ;
#6254 = CARTESIAN_POINT ( 'NONE',  ( 0.3215411523886928524, -0.09595238252470410234, 0.5000000000000001110 ) ) ;
#6255 = FILL_AREA_STYLE ('',( #2075 ) ) ;
#6257 = FACE_OUTER_BOUND ( 'NONE', #6695, .T. ) ;
#6256 = SURFACE_STYLE_USAGE ( .BOTH. , #5769 ) ;
#6258 = CARTESIAN_POINT ( 'NONE',  ( 0.02178041243047440512, 0.07560020120858625126, 0.5000000000000007772 ) ) ;
#6259 = CARTESIAN_POINT ( 'NONE',  ( -0.3647281018038766032, 0.02723960817167099535, 0.4999999999999998890 ) ) ;
#6260 = ORIENTED_EDGE ( 'NONE', *, *, #3158, .T. ) ;
#6261 = CARTESIAN_POINT ( 'NONE',  ( 0.2584158306924529969, -0.1022203562251375458, 0.5000000000000000000 ) ) ;
#6262 = B_SPLINE_SURFACE_WITH_KNOTS ( 'NONE', 3, 1, ( 
 ( #2816, #5657 ),
 ( #6217, #964 ),
 ( #481, #6119 ),
 ( #6703, #6153 ),
 ( #2987, #4588 ),
 ( #4034, #932 ),
 ( #5726, #1423 ),
 ( #1524, #1029 ),
 ( #4681, #3611 ),
 ( #6676, #1998 ),
 ( #3511, #2577 ),
 ( #5690, #4101 ),
 ( #4071, #6251 ),
 ( #992, #519 ),
 ( #2542, #6185 ),
 ( #1970, #5590 ),
 ( #3057, #897 ),
 ( #5089, #375 ),
 ( #3025, #2480 ) ),
 .UNSPECIFIED., .F., .F., .F.,
 ( 4, 1, 1, 1, 1, 1, 1, 1, 1, 1, 1, 1, 1, 1, 1, 1, 4 ),
 ( 2, 2 ),
 ( 0.0000000000000000000, 0.09461717910809144816, 0.1836879983719772458, 0.2673423192650711822, 0.3451199086331388499, 0.4179131261566898514, 0.4859235696282112049, 0.5491582703543161914, 0.6081407685528291696, 0.6632543324827675502, 0.7145929467936156243, 0.7632116109258701986, 0.8100106062874760093, 0.8561688043370047074, 0.9024550121772494382, 0.9500755117454149357, 1.000000000000000000 ),
 ( 0.0000000000000000000, 1.000000000000000000 ),
 .UNSPECIFIED. ) ;
#6263 = CARTESIAN_POINT ( 'NONE',  ( 0.7705000000000000737, -0.3500000000000003109, 0.2295000000000021467 ) ) ;
#6264 = CARTESIAN_POINT ( 'NONE',  ( -0.2395916724968748523, 0.06996765166811613756, 0.4989999999999999991 ) ) ;
#6265 = EDGE_CURVE ( 'NONE', #3696, #3264, #1122, .T. ) ;
#6266 = CARTESIAN_POINT ( 'NONE',  ( 0.07329957202106884839, -0.1037373534998122515, 0.4999999999999998890 ) ) ;
#6267 =( NAMED_UNIT ( * ) SI_UNIT ( $, .STERADIAN. ) SOLID_ANGLE_UNIT ( ) );
#6268 = CARTESIAN_POINT ( 'NONE',  ( 0.3541227337752121951, -0.1041221053441669375, 0.4989999999999998881 ) ) ;
#6269 = EDGE_CURVE ( 'NONE', #2707, #1913, #4808, .T. ) ;
#6270 = VERTEX_POINT ( 'NONE', #1188 ) ;
#6271 = CARTESIAN_POINT ( 'NONE',  ( 0.09571882810836498945, 0.1320567027297141205, 0.4989999999999999991 ) ) ;
#6272 = DIRECTION ( 'NONE',  ( 0.0000000000000000000, -0.0000000000000000000, -1.000000000000000000 ) ) ;
#6273 = VERTEX_POINT ( 'NONE', #513 ) ;
#6274 = CARTESIAN_POINT ( 'NONE',  ( 0.2178110829043176100, 0.1140900033078978137, 0.4990000000000002212 ) ) ;
#6275 = CARTESIAN_POINT ( 'NONE',  ( -0.1682158314194570348, -0.06549810181122642239, 0.5000000000000001110 ) ) ;
#6276 = FILL_AREA_STYLE_COLOUR ( '', #3693 ) ;
#6277 = VECTOR ( 'NONE', #1281, 1000.000000000000000 ) ;
#6278 = CARTESIAN_POINT ( 'NONE',  ( -0.3335467018422004770, -0.007680015203016250618, 0.4989999999999999991 ) ) ;
#6279 = CARTESIAN_POINT ( 'NONE',  ( -0.3005158245943311268, 0.1286317476230179335, 0.4999999999999997780 ) ) ;
#6280 = FACE_OUTER_BOUND ( 'NONE', #3711, .T. ) ;
#6281 = ORIENTED_EDGE ( 'NONE', *, *, #268, .F. ) ;
#6282 = PRESENTATION_LAYER_ASSIGNMENT (  '', '', ( #4970 ) ) ;
#6283 = CARTESIAN_POINT ( 'NONE',  ( 0.3095533664911142013, -0.1066171065532119516, 0.4989999999999998881 ) ) ;
#6284 = COLOUR_RGB ( '',1.000000000000000000, 1.000000000000000000, 1.000000000000000000 ) ;
#6285 = CARTESIAN_POINT ( 'NONE',  ( 0.01694447745901434682, 0.009207676755688173204, 0.5000000000000000000 ) ) ;
#6288 = CARTESIAN_POINT ( 'NONE',  ( -0.1609533302537755617, -0.09094363780205937109, 0.4999999999999998890 ) ) ;
#6287 = VECTOR ( 'NONE', #2004, 1000.000000000000000 ) ;
#6286 = CARTESIAN_POINT ( 'NONE',  ( 0.2584384517676098225, 0.1214301811458735614, 0.4999999999999998890 ) ) ;
#6289 = UNCERTAINTY_MEASURE_WITH_UNIT (LENGTH_MEASURE( 1.000000000000000082E-05 ), #3512, 'distance_accuracy_value', 'NONE');
#6290 = CARTESIAN_POINT ( 'NONE',  ( -0.1739646134500765495, 0.001598098833610248591, 0.4989999999999999991 ) ) ;
#6291 = ORIENTED_EDGE ( 'NONE', *, *, #2499, .T. ) ;
#6292 = CARTESIAN_POINT ( 'NONE',  ( 0.2453807628081863534, -0.08042007651395317869, 0.5000000000000001110 ) ) ;
#6293 = CARTESIAN_POINT ( 'NONE',  ( 0.2853797116339071294, 0.03892437751101736343, 0.5000000000000000000 ) ) ;
#6294 = COLOUR_RGB ( '',0.0000000000000000000, 0.0000000000000000000, 0.0000000000000000000 ) ;
#6295 = CARTESIAN_POINT ( 'NONE',  ( -0.04730003058215582340, 0.03933169638682560559, 0.5000000000000001110 ) ) ;
#6296 = EDGE_CURVE ( 'NONE', #651, #2779, #1458, .T. ) ;
#6297 = CARTESIAN_POINT ( 'NONE',  ( -0.2364197632329546050, -0.1225064007141488803, 0.5000000000000000000 ) ) ;
#6298 = CARTESIAN_POINT ( 'NONE',  ( 0.7800000000000001377, -0.4500000000000000111, 0.4800000000000001488 ) ) ;
#6299 = VECTOR ( 'NONE', #3730, 1000.000000000000000 ) ;
#6300 = CARTESIAN_POINT ( 'NONE',  ( 0.2501612911934534833, -0.1355907400129581775, 0.4989999999999998881 ) ) ;
#6301 = EDGE_CURVE ( 'NONE', #4130, #6273, #4233, .T. ) ;
#6302 = CARTESIAN_POINT ( 'NONE',  ( 0.2078535683681052015, -0.05885238817937674116, 0.4989999999999999991 ) ) ;
#6303 = CARTESIAN_POINT ( 'NONE',  ( 0.3661986758547089438, -0.06999295962482914024, 0.4989999999999998881 ) ) ;
#6304 = ORIENTED_EDGE ( 'NONE', *, *, #3219, .T. ) ;
#6305 = CARTESIAN_POINT ( 'NONE',  ( 0.1112209731479515962, 0.1286922356254947553, 0.4990000000000002212 ) ) ;
#6306 = STYLED_ITEM ( 'NONE', ( #3827 ), #3845 ) ;
#6307 = ORIENTED_EDGE ( 'NONE', *, *, #3600, .T. ) ;
#6308 = SURFACE_STYLE_FILL_AREA ( #540 ) ;
#6309 = SURFACE_STYLE_USAGE ( .BOTH. , #2130 ) ;
#6310 = FILL_AREA_STYLE ('',( #5368 ) ) ;
#6311 = MECHANICAL_DESIGN_GEOMETRIC_PRESENTATION_REPRESENTATION (  '', ( #4134 ), #6752 ) ;
#6312 = CARTESIAN_POINT ( 'NONE',  ( 0.2780171863593650095, 0.1316846461154359549, 0.4989999999999999991 ) ) ;
#6313 = B_SPLINE_SURFACE_WITH_KNOTS ( 'NONE', 3, 1, ( 
 ( #5028, #309 ),
 ( #3547, #4527 ),
 ( #4107, #6191 ),
 ( #6606, #1495 ),
 ( #5059, #6644 ),
 ( #5155, #3583 ),
 ( #5665, #2446 ),
 ( #968, #1907 ),
 ( #4006, #1397 ),
 ( #4561, #3486 ),
 ( #1943, #2995 ),
 ( #5095, #4042 ),
 ( #383, #5 ),
 ( #6737, #523 ),
 ( #578, #4178 ),
 ( #1597, #4687 ),
 ( #5830, #3137 ),
 ( #3172, #1135 ),
 ( #2583, #2037 ) ),
 .UNSPECIFIED., .F., .F., .F.,
 ( 4, 1, 1, 1, 1, 1, 1, 1, 1, 1, 1, 1, 1, 1, 1, 1, 4 ),
 ( 2, 2 ),
 ( 0.0000000000000000000, 0.05995467585363760399, 0.1180978898675012906, 0.1750457486046257671, 0.2314535405606922003, 0.2877811793083051572, 0.3455247788684752686, 0.4040166228726639330, 0.4651872996083072920, 0.5272598040041245326, 0.5893650537812860080, 0.6527983117331828122, 0.7177065904431721988, 0.7841455700727245626, 0.8529710952659380618, 0.9249429511415288019, 1.000000000000000000 ),
 ( 0.0000000000000000000, 1.000000000000000000 ),
 .UNSPECIFIED. ) ;
#6314 = CARTESIAN_POINT ( 'NONE',  ( -0.3285009029069899666, -0.06271811948527544756, 0.4999999999999996669 ) ) ;
#6315 = CARTESIAN_POINT ( 'NONE',  ( 0.1074024183910346486, -0.1119076345501752723, 0.4999999999999996669 ) ) ;
#6316 = CARTESIAN_POINT ( 'NONE',  ( -0.3049101559123268967, 0.1258224545745108836, 0.5000000000000000000 ) ) ;
#6317 = SURFACE_STYLE_USAGE ( .BOTH. , #4747 ) ;
#6318 = ORIENTED_EDGE ( 'NONE', *, *, #5640, .F. ) ;
#6319 = AXIS2_PLACEMENT_3D ( 'NONE', #2635, #3313, #180 ) ;
#6320 = CARTESIAN_POINT ( 'NONE',  ( 0.3215411523886928524, -0.09595238252470410234, 0.4989999999999999991 ) ) ;
#6321 = CARTESIAN_POINT ( 'NONE',  ( -0.1650152842720997159, -0.07892198868424447900, 0.4989999999999997771 ) ) ;
#6322 = AXIS2_PLACEMENT_3D ( 'NONE', #4557, #4036, #4682 ) ;
#6324 = CARTESIAN_POINT ( 'NONE',  ( -0.1469962692942324012, 0.01559972221023363075, 0.4989999999999999991 ) ) ;
#6323 = CARTESIAN_POINT ( 'NONE',  ( 0.2481522188282991870, 0.1058111487630297165, 0.5000000000000000000 ) ) ;
#6325 = CARTESIAN_POINT ( 'NONE',  ( -0.05084554252543811714, -0.07893668741795425992, 0.4990000000000001101 ) ) ;
#6326 = CARTESIAN_POINT ( 'NONE',  ( -0.1053242172629848816, 0.1611332781391497104, 0.5000000000000000000 ) ) ;
#6327 = EDGE_LOOP ( 'NONE', ( #1139, #1566, #6352, #5219 ) ) ;
#6328 = CARTESIAN_POINT ( 'NONE',  ( -0.09153766539812850656, -0.1133978427248312909, 0.4989999999999998881 ) ) ;
#6329 = LINE ( 'NONE', #1641, #2496 ) ;
#6330 = CARTESIAN_POINT ( 'NONE',  ( 0.3141373248980207089, 0.05481834736813177150, 0.5000000000000000000 ) ) ;
#6331 = VECTOR ( 'NONE', #1106, 1000.000000000000000 ) ;
#6332 = CARTESIAN_POINT ( 'NONE',  ( -0.01434863946439590525, -0.04765786096583923825, 0.5000000000000000000 ) ) ;
#6333 =( LENGTH_UNIT ( ) NAMED_UNIT ( * ) SI_UNIT ( .MILLI., .METRE. ) );
#6334 = CARTESIAN_POINT ( 'NONE',  ( 0.3586809107306929700, -0.007513528459973949775, 0.4989999999999999991 ) ) ;
#6335 = LINE ( 'NONE', #2242, #6345 ) ;
#6336 = CARTESIAN_POINT ( 'NONE',  ( -0.06115529440085630541, -0.1382481391333831022, 0.5000000000000000000 ) ) ;
#6337 = SURFACE_STYLE_FILL_AREA ( #5425 ) ;
#6338 = LINE ( 'NONE', #6302, #5085 ) ;
#6339 = CARTESIAN_POINT ( 'NONE',  ( -0.3203311288628148401, 0.1066906966262874817, 0.5000000000000000000 ) ) ;
#6340 = CARTESIAN_POINT ( 'NONE',  ( -0.1045675235013903415, 0.05188325826762117676, 0.4989999999999998881 ) ) ;
#6341 = LINE ( 'NONE', #5366, #5722 ) ;
#6342 =( NAMED_UNIT ( * ) PLANE_ANGLE_UNIT ( ) SI_UNIT ( $, .RADIAN. ) );
#6343 = CARTESIAN_POINT ( 'NONE',  ( 0.09571882810836498945, 0.1320567027297141205, 0.5000000000000000000 ) ) ;
#6344 = SURFACE_SIDE_STYLE ('',( #600 ) ) ;
#6345 = VECTOR ( 'NONE', #4859, 1000.000000000000000 ) ;
#6346 = CARTESIAN_POINT ( 'NONE',  ( 0.8000000000000000444, -0.4500000000000000111, 5.421010862427522170E-17 ) ) ;
#6347 = CARTESIAN_POINT ( 'NONE',  ( 0.3222676577043134261, 0.1052069939248923558, 0.5000000000000000000 ) ) ;
#6348 = ORIENTED_EDGE ( 'NONE', *, *, #5020, .T. ) ;
#6349 =( NAMED_UNIT ( * ) PLANE_ANGLE_UNIT ( ) SI_UNIT ( $, .RADIAN. ) );
#6350 = FILL_AREA_STYLE ('',( #2642 ) ) ;
#6351 = EDGE_CURVE ( 'NONE', #364, #566, #2165, .T. ) ;
#6352 = ORIENTED_EDGE ( 'NONE', *, *, #5960, .F. ) ;
#6353 = CARTESIAN_POINT ( 'NONE',  ( 0.08592079956104285710, 0.1305661691134283042, 0.5000000000000000000 ) ) ;
#6354 = DIRECTION ( 'NONE',  ( 0.0000000000000000000, 1.000000000000000000, 0.0000000000000000000 ) ) ;
#6356 = CARTESIAN_POINT ( 'NONE',  ( -0.1434948733920920205, 0.06392623784859502445, 0.4989999999999999991 ) ) ;
#6355 = CARTESIAN_POINT ( 'NONE',  ( 0.2704597640777794965, 0.1293404242871275811, 0.4999999999999998890 ) ) ;
#6357 = UNCERTAINTY_MEASURE_WITH_UNIT (LENGTH_MEASURE( 1.000000000000000082E-05 ), #2194, 'distance_accuracy_value', 'NONE');
#6358 = CARTESIAN_POINT ( 'NONE',  ( 0.2122600413633260463, 0.09216980615027650647, 0.5000000000000001110 ) ) ;
#6359 = ORIENTED_EDGE ( 'NONE', *, *, #5557, .F. ) ;
#6360 = ADVANCED_FACE ( 'NONE', ( #115 ), #5820, .T. ) ;
#6361 = CARTESIAN_POINT ( 'NONE',  ( 0.07690802590585492371, 0.1258224545745108558, 0.5000000000000000000 ) ) ;
#6362 = DIRECTION ( 'NONE',  ( 0.9958932064677036289, -0.09053574604252112579, 0.0000000000000000000 ) ) ;
#6363 = CARTESIAN_POINT ( 'NONE',  ( -0.01459210188964056576, -0.05721118617428577746, 0.4999999999999998890 ) ) ;
#6364 = CARTESIAN_POINT ( 'NONE',  ( 0.3345879912600994155, -0.03252752729608683613, 0.4989999999999999991 ) ) ;
#6365 = CARTESIAN_POINT ( 'NONE',  ( 0.3412435364697172235, 0.01489338333027401783, 0.4989999999999998881 ) ) ;
#6366 = FILL_AREA_STYLE ('',( #3801 ) ) ;
#6367 = FACE_OUTER_BOUND ( 'NONE', #727, .T. ) ;
#6368 = B_SPLINE_SURFACE_WITH_KNOTS ( 'NONE', 3, 1, ( 
 ( #2244, #3936 ),
 ( #6612, #1324 ),
 ( #1402, #315 ),
 ( #908, #804 ),
 ( #4422, #5601 ),
 ( #3491, #881 ),
 ( #763, #5032 ),
 ( #6651, #2966 ),
 ( #3002, #2935 ),
 ( #1883, #5100 ),
 ( #1948, #5537 ),
 ( #2387, #6017 ),
 ( #4048, #6536 ),
 ( #6131, #3974 ),
 ( #2311, #6051 ),
 ( #6495, #1804 ),
 ( #4497, #1846 ),
 ( #2860, #2900 ),
 ( #3901, #6577 ) ),
 .UNSPECIFIED., .F., .F., .F.,
 ( 4, 1, 1, 1, 1, 1, 1, 1, 1, 1, 1, 1, 1, 1, 1, 1, 4 ),
 ( 2, 2 ),
 ( 0.0000000000000000000, 0.05396690880555491537, 0.1066957723924123608, 0.1587095617866187136, 0.2117944881323665096, 0.2661135228064697156, 0.3220383918684713853, 0.3806851497814837670, 0.4421881151636642415, 0.5056561537619275182, 0.5694381099338695629, 0.6342368007246793615, 0.7009511361249155525, 0.7707382097760445694, 0.8439566231860513579, 0.9197790991426094687, 1.000000000000000000 ),
 ( 0.0000000000000000000, 1.000000000000000000 ),
 .UNSPECIFIED. ) ;
#6369 = FACE_OUTER_BOUND ( 'NONE', #2097, .T. ) ;
#6370 = CARTESIAN_POINT ( 'NONE',  ( -0.3329878081225437492, 0.04209822964776982479, 0.5000000000000002220 ) ) ;
#6371 = CARTESIAN_POINT ( 'NONE',  ( -0.01430264647006850368, -0.03918727603700471185, 0.4989999999999999991 ) ) ;
#6372 = CARTESIAN_POINT ( 'NONE',  ( -0.2880543215778657573, -0.1444590227595910492, 0.4999999999999998890 ) ) ;
#6373 = PLANE ( 'NONE',  #5457 ) ;
#6374 = CARTESIAN_POINT ( 'NONE',  ( -0.1247980049430496841, 0.1135375829491854782, 0.5000000000000000000 ) ) ;
#6375 = FACE_OUTER_BOUND ( 'NONE', #6445, .T. ) ;
#6376 = ADVANCED_FACE ( 'NONE', ( #4299 ), #6373, .F. ) ;
#6377 = CARTESIAN_POINT ( 'NONE',  ( 0.3240811268349464425, -0.1343577958822543827, 0.5000000000000000000 ) ) ;
#6378 = CARTESIAN_POINT ( 'NONE',  ( 0.3306771210256688187, -0.08136028736721033494, 0.5000000000000001110 ) ) ;
#6379 = CARTESIAN_POINT ( 'NONE',  ( -0.3049101559123268967, 0.1258224545745108836, 0.4989999999999999991 ) ) ;
#6380 = VERTEX_POINT ( 'NONE', #3389 ) ;
#6381 = CARTESIAN_POINT ( 'NONE',  ( 0.04811330862784551909, 0.009329430002441428671, 0.4989999999999999991 ) ) ;
#6382 = STYLED_ITEM ( 'NONE', ( #518 ), #1378 ) ;
#6383 = COLOUR_RGB ( '',1.000000000000000000, 1.000000000000000000, 1.000000000000000000 ) ;
#6384 = CARTESIAN_POINT ( 'NONE',  ( -0.2571776990125180795, -0.09921352014837230004, 0.4999999999999995559 ) ) ;
#6385 = CARTESIAN_POINT ( 'NONE',  ( 0.07202001305962831001, -0.1398634879396183084, 0.4989999999999998881 ) ) ;
#6386 = LINE ( 'NONE', #1702, #2241 ) ;
#6387 = CARTESIAN_POINT ( 'NONE',  ( -0.1605892522897001962, 0.1040966545980059749, 0.4989999999999999991 ) ) ;
#6388 = VERTEX_POINT ( 'NONE', #1295 ) ;
#6389 = CARTESIAN_POINT ( 'NONE',  ( 0.06148705295536699422, 0.1066906966262874679, 0.5000000000000000000 ) ) ;
#6390 = CARTESIAN_POINT ( 'NONE',  ( -0.2942768077264237836, 0.1628927976262533051, 0.4989999999999999991 ) ) ;
#6391 = PRESENTATION_LAYER_ASSIGNMENT (  '', '', ( #5944 ) ) ;
#6392 = CARTESIAN_POINT ( 'NONE',  ( -0.07998151782653596664, -0.1441578021682543009, 0.4999999999999998890 ) ) ;
#6393 = ADVANCED_FACE ( 'NONE', ( #4429 ), #5367, .F. ) ;
#6394 = CARTESIAN_POINT ( 'NONE',  ( -0.2051951004557313885, 0.01598680212136813911, 0.4989999999999998881 ) ) ;
#6395 = CARTESIAN_POINT ( 'NONE',  ( -0.05395325241471861377, -0.1340195728105982587, 0.4990000000000001101 ) ) ;
#6396 = CARTESIAN_POINT ( 'NONE',  ( -0.04452764923739442604, -0.1264016154495176680, 0.5000000000000001110 ) ) ;
#6397 = CARTESIAN_POINT ( 'NONE',  ( 0.2860191527836896674, 0.1320567027297141205, 0.5000000000000000000 ) ) ;
#6398 =( GEOMETRIC_REPRESENTATION_CONTEXT ( 3 ) GLOBAL_UNCERTAINTY_ASSIGNED_CONTEXT ( ( #1498 ) ) GLOBAL_UNIT_ASSIGNED_CONTEXT ( ( #6623, #2835, #2395 ) ) REPRESENTATION_CONTEXT ( 'NONE', 'WORKASPACE' ) );
#6399 = COLOUR_RGB ( '',1.000000000000000000, 1.000000000000000000, 1.000000000000000000 ) ;
#6400 = SURFACE_STYLE_FILL_AREA ( #1255 ) ;
#6401 = CARTESIAN_POINT ( 'NONE',  ( -0.1368716239581728167, -0.07713023099964892715, 0.5000000000000000000 ) ) ;
#6402 = CARTESIAN_POINT ( 'NONE',  ( -0.09598627735134235284, 0.05378621409956058086, 0.4989999999999998881 ) ) ;
#6403 = ORIENTED_EDGE ( 'NONE', *, *, #6222, .F. ) ;
#6404 = CARTESIAN_POINT ( 'NONE',  ( 0.09751063970483894727, 0.1319913547441742829, 0.5000000000000000000 ) ) ;
#6405 = MECHANICAL_DESIGN_GEOMETRIC_PRESENTATION_REPRESENTATION (  '', ( #4992 ), #3458 ) ;
#6406 = CARTESIAN_POINT ( 'NONE',  ( -0.3329761366364953346, -0.02370176584750863583, 0.5000000000000002220 ) ) ;
#6408 = CARTESIAN_POINT ( 'NONE',  ( 0.3169726714258788713, -0.1381257438594891418, 0.5000000000000000000 ) ) ;
#6407 = MECHANICAL_DESIGN_GEOMETRIC_PRESENTATION_REPRESENTATION (  '', ( #1815 ), #6091 ) ;
#6409 = B_SPLINE_CURVE_WITH_KNOTS ( 'NONE', 3,
 ( #2423, #4536, #3525, #6617, #4016, #6098, #1406, #2118, #3701, #6783, #4605, #6297, #4220, #1008, #532, #2529, #5105, #4698, #2626 ),
 .UNSPECIFIED., .F., .F.,
 ( 4, 1, 1, 1, 1, 1, 1, 1, 1, 1, 1, 1, 1, 1, 1, 1, 4 ),
 ( 0.0000000000000000000, 0.09461717910809144816, 0.1836879983719772458, 0.2673423192650711822, 0.3451199086331388499, 0.4179131261566898514, 0.4859235696282112049, 0.5491582703543161914, 0.6081407685528291696, 0.6632543324827675502, 0.7145929467936156243, 0.7632116109258701986, 0.8100106062874760093, 0.8561688043370047074, 0.9024550121772494382, 0.9500755117454149357, 1.000000000000000000 ),
 .UNSPECIFIED. ) ;
#6411 = ORIENTED_EDGE ( 'NONE', *, *, #5282, .F. ) ;
#6410 = CARTESIAN_POINT ( 'NONE',  ( 0.1422870796997818543, -0.05082316656292691637, 0.4999999999999995559 ) ) ;
#6412 = FILL_AREA_STYLE ('',( #2641 ) ) ;
#6413 = LINE ( 'NONE', #3167, #608 ) ;
#6414 = ORIENTED_EDGE ( 'NONE', *, *, #5492, .F. ) ;
#6415 = CARTESIAN_POINT ( 'NONE',  ( -0.7800000000000001377, -0.4500000000000000111, 0.4800000000000001488 ) ) ;
#6416 = EDGE_CURVE ( 'NONE', #5516, #5618, #621, .T. ) ;
#6417 = VECTOR ( 'NONE', #711, 1000.000000000000000 ) ;
#6418 = CARTESIAN_POINT ( 'NONE',  ( -0.2826005251705398513, -0.1133400795675549161, 0.4999999999999997780 ) ) ;
#6419 =( LENGTH_UNIT ( ) NAMED_UNIT ( * ) SI_UNIT ( .MILLI., .METRE. ) );
#6420 = ORIENTED_EDGE ( 'NONE', *, *, #1157, .T. ) ;
#6421 = CARTESIAN_POINT ( 'NONE',  ( 0.01701181253710575686, 0.002408134031030801335, 0.4990000000000001101 ) ) ;
#6422 = PRODUCT_DEFINITION_SHAPE ( 'NONE', 'NONE',  #2500 ) ;
#6423 = CARTESIAN_POINT ( 'NONE',  ( -0.3648737043591674389, 0.009207676755688173204, 0.4989999999999999991 ) ) ;
#6424 = PRESENTATION_LAYER_ASSIGNMENT (  '', '', ( #283 ) ) ;
#6425 = SURFACE_SIDE_STYLE ('',( #3861 ) ) ;
#6426 = CARTESIAN_POINT ( 'NONE',  ( 0.3356711462490360454, -0.03827971592248582966, 0.4999999999999998890 ) ) ;
#6427 = CARTESIAN_POINT ( 'NONE',  ( -0.2615759074761584979, 0.1223699634770310102, 0.4989999999999999991 ) ) ;
#6428 = UNCERTAINTY_MEASURE_WITH_UNIT (LENGTH_MEASURE( 1.000000000000000082E-05 ), #1955, 'distance_accuracy_value', 'NONE');
#6429 = ORIENTED_EDGE ( 'NONE', *, *, #4573, .T. ) ;
#6430 = CARTESIAN_POINT ( 'NONE',  ( -0.08989399656695966356, -0.1445666738936624285, 0.4989999999999999991 ) ) ;
#6431 = VECTOR ( 'NONE', #1228, 1000.000000000000000 ) ;
#6432 = CARTESIAN_POINT ( 'NONE',  ( -0.2466629540626511796, 0.09999446014096845248, 0.4999999999999997780 ) ) ;
#6433 =( NAMED_UNIT ( * ) PLANE_ANGLE_UNIT ( ) SI_UNIT ( $, .RADIAN. ) );
#6434 = CARTESIAN_POINT ( 'NONE',  ( -0.2910832556656711145, 0.1318891510754306717, 0.5000000000000000000 ) ) ;
#6435 = CARTESIAN_POINT ( 'NONE',  ( -0.02562980031220005867, 0.1209700752023443182, 0.5000000000000001110 ) ) ;
#6436 = CARTESIAN_POINT ( 'NONE',  ( -0.3429095239612204860, -0.1099190716672146517, 0.4999999999999998890 ) ) ;
#6437 = EDGE_CURVE ( 'NONE', #3513, #2022, #2869, .T. ) ;
#6438 = B_SPLINE_CURVE_WITH_KNOTS ( 'NONE', 3,
 ( #6115, #4132, #6212, #959, #2571, #3087, #5115 ),
 .UNSPECIFIED., .F., .F.,
 ( 4, 1, 1, 1, 4 ),
 ( 0.0000000000000000000, 0.2081614228391137078, 0.4437428907768917741, 0.7079862851435053672, 1.000000000000000000 ),
 .UNSPECIFIED. ) ;
#6439 = CARTESIAN_POINT ( 'NONE',  ( -0.2276232350488683887, 0.1281791040090159151, 0.5000000000000000000 ) ) ;
#6440 = CARTESIAN_POINT ( 'NONE',  ( -0.1199383087098757350, 0.1191938359725796537, 0.4989999999999999991 ) ) ;
#6441 = DIRECTION ( 'NONE',  ( -1.000000000000000000, 0.0000000000000000000, 1.563753133392554301E-16 ) ) ;
#6442 = DIRECTION ( 'NONE',  ( 0.0000000000000000000, 1.000000000000000000, 0.0000000000000000000 ) ) ;
#6443 = CARTESIAN_POINT ( 'NONE',  ( 0.1455159060304428986, 0.009329430002441430406, 0.4990000000000001101 ) ) ;
#6444 = PLANE ( 'NONE',  #2727 ) ;
#6445 = EDGE_LOOP ( 'NONE', ( #1465, #743, #3658, #3722 ) ) ;
#6446 = AXIS2_PLACEMENT_3D ( 'NONE', #1148, #5327, #4831 ) ;
#6447 = CARTESIAN_POINT ( 'NONE',  ( -0.05600271928721874820, 0.0008229069200715517004, 0.4989999999999999991 ) ) ;
#6448 = CARTESIAN_POINT ( 'NONE',  ( 0.04827611522937272359, 0.02619646027213247755, 0.5000000000000000000 ) ) ;
#6449 = CARTESIAN_POINT ( 'NONE',  ( -0.2363579865423980908, 0.003545838003839403563, 0.4999999999999995559 ) ) ;
#6450 =( GEOMETRIC_REPRESENTATION_CONTEXT ( 3 ) GLOBAL_UNCERTAINTY_ASSIGNED_CONTEXT ( ( #4316 ) ) GLOBAL_UNIT_ASSIGNED_CONTEXT ( ( #215, #3866, #1149 ) ) REPRESENTATION_CONTEXT ( 'NONE', 'WORKASPACE' ) );
#6451 = CARTESIAN_POINT ( 'NONE',  ( -0.1416955647823243680, 0.07401507355291994661, 0.4989999999999999991 ) ) ;
#6452 = PRESENTATION_STYLE_ASSIGNMENT (( #129 ) ) ;
#6453 = CARTESIAN_POINT ( 'NONE',  ( 0.07846761903255547455, 0.1610319621919648336, 0.4999999999999997780 ) ) ;
#6454 = ORIENTED_EDGE ( 'NONE', *, *, #6054, .T. ) ;
#6455 = CARTESIAN_POINT ( 'NONE',  ( 0.1766847371992740501, 0.009207676755688173204, 0.4989999999999999991 ) ) ;
#6456 = CARTESIAN_POINT ( 'NONE',  ( -0.3118181689876319274, 0.1579482536689636174, 0.4990000000000001101 ) ) ;
#6457 = CARTESIAN_POINT ( 'NONE',  ( -0.05395325241471861377, -0.1340195728105982587, 0.5000000000000001110 ) ) ;
#6458 = CARTESIAN_POINT ( 'NONE',  ( 0.1453984185852272015, -0.1225064007141489636, 0.5000000000000001110 ) ) ;
#6459 = MECHANICAL_DESIGN_GEOMETRIC_PRESENTATION_REPRESENTATION (  '', ( #5570 ), #3723 ) ;
#6460 = EDGE_CURVE ( 'NONE', #3001, #5444, #2908, .T. ) ;
#6461 = PRESENTATION_STYLE_ASSIGNMENT (( #5876 ) ) ;
#6462 = VERTEX_POINT ( 'NONE', #223 ) ;
#6463 = FILL_AREA_STYLE_COLOUR ( '', #2929 ) ;
#6464 = B_SPLINE_CURVE_WITH_KNOTS ( 'NONE', 3,
 ( #1322, #2931, #3412, #2897, #6609, #840, #1881, #1431, #5498, #3970, #5973, #6128, #5062, #4008, #878, #6048, #3378, #6090, #1361 ),
 .UNSPECIFIED., .F., .F.,
 ( 4, 1, 1, 1, 1, 1, 1, 1, 1, 1, 1, 1, 1, 1, 1, 1, 4 ),
 ( 0.0000000000000000000, 0.08701471137865647576, 0.1695598245732131693, 0.2469226256505769046, 0.3202169950582076097, 0.3887517679229122725, 0.4537825496211079779, 0.5150516870490531307, 0.5736620891228678687, 0.6290758527007888068, 0.6828985533418271414, 0.7347254989727549646, 0.7862731088513067457, 0.8379473974624702670, 0.8900626367974676656, 0.9438245665866369372, 1.000000000000000000 ),
 .UNSPECIFIED. ) ;
#6465 = CARTESIAN_POINT ( 'NONE',  ( -0.3620214512569266962, -0.04680386558681851744, 0.5000000000000001110 ) ) ;
#6466 = ORIENTED_EDGE ( 'NONE', *, *, #6687, .F. ) ;
#6467 = CARTESIAN_POINT ( 'NONE',  ( -0.5399999999999999245, -0.4500000000000000111, -0.0009999999999999158867 ) ) ;
#6468 =( NAMED_UNIT ( * ) PLANE_ANGLE_UNIT ( ) SI_UNIT ( $, .RADIAN. ) );
#6469 = PLANE ( 'NONE',  #5939 ) ;
#6470 = EDGE_CURVE ( 'NONE', #2566, #4978, #5985, .T. ) ;
#6471 = B_SPLINE_CURVE_WITH_KNOTS ( 'NONE', 3,
 ( #3741, #5208, #53, #630, #2729, #5818, #1580, #1118, #5304, #4835, #3675, #597, #2700, #4806, #84, #2191, #4297, #6371, #221 ),
 .UNSPECIFIED., .F., .F.,
 ( 4, 1, 1, 1, 1, 1, 1, 1, 1, 1, 1, 1, 1, 1, 1, 1, 4 ),
 ( 0.0000000000000000000, 0.05377235286584863133, 0.1059818572292504507, 0.1583489682067699966, 0.2110665590554146598, 0.2650654818272770719, 0.3214515762088941964, 0.3798653928783993217, 0.4414930983120409214, 0.5050069716968419442, 0.5691393563830159374, 0.6345161088946241756, 0.7015752733322172530, 0.7716030797018199605, 0.8439856083945355136, 0.9201114300935805401, 1.000000000000000000 ),
 .UNSPECIFIED. ) ;
#6472 = CARTESIAN_POINT ( 'NONE',  ( 0.3309028092594506476, -0.1297968512260974927, 0.5000000000000001110 ) ) ;
#6474 = ORIENTED_EDGE ( 'NONE', *, *, #5585, .F. ) ;
#6473 = LINE ( 'NONE', #1781, #2216 ) ;
#6475 = FILL_AREA_STYLE ('',( #4975 ) ) ;
#6476 = CARTESIAN_POINT ( 'NONE',  ( -0.2848209446189077232, 0.1632255338985452997, 0.4989999999999999991 ) ) ;
#6477 = CARTESIAN_POINT ( 'NONE',  ( -0.2842730550085181274, -0.1133978427248312909, 0.4999999999999997780 ) ) ;
#6478 = VERTEX_POINT ( 'NONE', #1221 ) ;
#6479 = CARTESIAN_POINT ( 'NONE',  ( 0.1614955231665707036, -0.09488909288150074173, 0.4989999999999999991 ) ) ;
#6480 = CARTESIAN_POINT ( 'NONE',  ( -0.06667441220585913764, 0.01313904406483802113, 0.4990000000000001101 ) ) ;
#6481 = CARTESIAN_POINT ( 'NONE',  ( -0.2437824058907410718, -0.07233360512463153646, 0.4990000000000001101 ) ) ;
#6483 = CARTESIAN_POINT ( 'NONE',  ( 0.01694447745901434682, 0.009207676755688173204, 0.5000000000000000000 ) ) ;
#6482 = CARTESIAN_POINT ( 'NONE',  ( 0.05141828920830597560, -0.05122487247990451659, 0.4989999999999999991 ) ) ;
#6484 = CARTESIAN_POINT ( 'NONE',  ( 0.8000000000000000444, -0.4500000000000000111, 5.421010862427522170E-17 ) ) ;
#6485 = VERTEX_POINT ( 'NONE', #3354 ) ;
#6486 = DIRECTION ( 'NONE',  ( -0.0000000000000000000, -0.0000000000000000000, 1.000000000000000000 ) ) ;
#6487 = CARTESIAN_POINT ( 'NONE',  ( -0.3648242093018139176, 0.01533731835329995262, 0.4989999999999998881 ) ) ;
#6488 = SURFACE_STYLE_USAGE ( .BOTH. , #6425 ) ;
#6490 = COLOUR_RGB ( '',1.000000000000000000, 1.000000000000000000, 1.000000000000000000 ) ;
#6489 = SURFACE_SIDE_STYLE ('',( #6337 ) ) ;
#6491 = DIRECTION ( 'NONE',  ( 0.1096791224046432534, 0.9939670467920690422, 0.0000000000000000000 ) ) ;
#6492 = UNCERTAINTY_MEASURE_WITH_UNIT (LENGTH_MEASURE( 1.000000000000000082E-05 ), #3499, 'distance_accuracy_value', 'NONE');
#6493 = CARTESIAN_POINT ( 'NONE',  ( 0.5399999999999999245, -0.3499999999999999778, -0.0009999999999999158867 ) ) ;
#6494 = EDGE_LOOP ( 'NONE', ( #471, #4691, #2524, #2173 ) ) ;
#6495 = CARTESIAN_POINT ( 'NONE',  ( -0.1419761078960183887, -0.02762834606511720484, 0.4989999999999998881 ) ) ;
#6496 = CARTESIAN_POINT ( 'NONE',  ( 0.1455159060304428986, 0.009329430002441430406, 0.4990000000000001101 ) ) ;
#6497 = COLOUR_RGB ( '',1.000000000000000000, 1.000000000000000000, 1.000000000000000000 ) ;
#6498 = EDGE_CURVE ( 'NONE', #1205, #1662, #3320, .T. ) ;
#6499 =( NAMED_UNIT ( * ) SI_UNIT ( $, .STERADIAN. ) SOLID_ANGLE_UNIT ( ) );
#6500 = CARTESIAN_POINT ( 'NONE',  ( -0.3429095239612204860, -0.1099190716672146517, 0.5000000000000000000 ) ) ;
#6501 = CARTESIAN_POINT ( 'NONE',  ( -0.3261571125423949336, -0.07274450891171216349, 0.4989999999999999991 ) ) ;
#6502 = AXIS2_PLACEMENT_3D ( 'NONE', #3154, #2121, #5235 ) ;
#6503 = CARTESIAN_POINT ( 'NONE',  ( 0.3247366852512221236, 0.08688624818425959295, 0.4989999999999999991 ) ) ;
#6504 = LINE ( 'NONE', #885, #5283 ) ;
#6505 = CARTESIAN_POINT ( 'NONE',  ( 0.2833023362515211807, 0.1319303825845181966, 0.4999999999999998890 ) ) ;
#6506 = EDGE_CURVE ( 'NONE', #3696, #6775, #5133, .T. ) ;
#6507 = COLOUR_RGB ( '',1.000000000000000000, 1.000000000000000000, 1.000000000000000000 ) ;
#6508 = CARTESIAN_POINT ( 'NONE',  ( 0.3675341269201432004, -0.05366143046762134050, 0.5000000000000000000 ) ) ;
#6510 = ORIENTED_EDGE ( 'NONE', *, *, #6021, .T. ) ;
#6509 = CARTESIAN_POINT ( 'NONE',  ( 0.04884204518168651366, -0.02370176584750863236, 0.4989999999999998881 ) ) ;
#6511 =( NAMED_UNIT ( * ) PLANE_ANGLE_UNIT ( ) SI_UNIT ( $, .RADIAN. ) );
#6512 =( GEOMETRIC_REPRESENTATION_CONTEXT ( 3 ) GLOBAL_UNCERTAINTY_ASSIGNED_CONTEXT ( ( #2451 ) ) GLOBAL_UNIT_ASSIGNED_CONTEXT ( ( #1284, #6572, #800 ) ) REPRESENTATION_CONTEXT ( 'NONE', 'WORKASPACE' ) );
#6513 = LINE ( 'NONE', #5518, #5686 ) ;
#6514 = CARTESIAN_POINT ( 'NONE',  ( -0.2792702520892186291, -0.1132250639287294691, 0.5000000000000001110 ) ) ;
#6515 = VERTEX_POINT ( 'NONE', #2252 ) ;
#6516 = CARTESIAN_POINT ( 'NONE',  ( 0.1453984185852272015, -0.1225064007141489636, 0.4989999999999999991 ) ) ;
#6517 = CARTESIAN_POINT ( 'NONE',  ( -0.07924841908025068160, 0.02064106499926205568, 0.4990000000000002212 ) ) ;
#6518 = CARTESIAN_POINT ( 'NONE',  ( 0.3558117407278080790, 0.08178490025101406435, 0.4989999999999999991 ) ) ;
#6519 = EDGE_CURVE ( 'NONE', #3188, #2982, #1289, .T. ) ;
#6520 = COLOUR_RGB ( '',0.0000000000000000000, 0.0000000000000000000, 0.0000000000000000000 ) ;
#6522 = CARTESIAN_POINT ( 'NONE',  ( 0.3643772758035924153, -0.02310548259187888281, 0.5000000000000001110 ) ) ;
#6521 = CARTESIAN_POINT ( 'NONE',  ( 0.05845392538176071018, -0.08126327182998736853, 0.4990000000000001101 ) ) ;
#6523 = CARTESIAN_POINT ( 'NONE',  ( 0.1062754948309528324, 0.1306708458271366446, 0.4990000000000001101 ) ) ;
#6524 = CARTESIAN_POINT ( 'NONE',  ( 0.02178041243047440512, 0.07560020120858625126, 0.5000000000000001110 ) ) ;
#6525 = EDGE_LOOP ( 'NONE', ( #2107, #3604, #3833, #681 ) ) ;
#6526 = CARTESIAN_POINT ( 'NONE',  ( -0.01710604516170175296, -0.01223220576278851585, 0.5000000000000000000 ) ) ;
#6527 = COLOUR_RGB ( '',1.000000000000000000, 1.000000000000000000, 1.000000000000000000 ) ;
#6528 = EDGE_CURVE ( 'NONE', #4286, #3513, #1854, .T. ) ;
#6529 = CARTESIAN_POINT ( 'NONE',  ( -0.02562980031220005867, 0.1209700752023443182, 0.4990000000000001101 ) ) ;
#6530 = PRESENTATION_LAYER_ASSIGNMENT (  '', '', ( #3146 ) ) ;
#6532 = CARTESIAN_POINT ( 'NONE',  ( 0.7800000000000001377, 0.4500000000000000111, 0.4800000000000001488 ) ) ;
#6531 = CARTESIAN_POINT ( 'NONE',  ( 0.1453984185852272015, -0.1225064007141489636, 0.4989999999999999991 ) ) ;
#6533 = PLANE ( 'NONE',  #1683 ) ;
#6534 = LINE ( 'NONE', #2347, #592 ) ;
#6535 = ORIENTED_EDGE ( 'NONE', *, *, #5757, .T. ) ;
#6536 = CARTESIAN_POINT ( 'NONE',  ( -0.1371143044850046122, -0.009319634172314718301, 0.4999999999999997780 ) ) ;
#6537 = CARTESIAN_POINT ( 'NONE',  ( 0.2132556190571473498, 0.09796386959251054960, 0.4990000000000001101 ) ) ;
#6538 = MECHANICAL_DESIGN_GEOMETRIC_PRESENTATION_REPRESENTATION (  '', ( #6213 ), #4143 ) ;
#6539 = CARTESIAN_POINT ( 'NONE',  ( -0.2415270623414029760, 0.08147344827127314670, 0.4989999999999999991 ) ) ;
#6540 = STYLED_ITEM ( 'NONE', ( #2889 ), #5869 ) ;
#6541 = PRESENTATION_STYLE_ASSIGNMENT (( #730 ) ) ;
#6543 = CARTESIAN_POINT ( 'NONE',  ( 0.3245969869290796783, 0.09012366980368406721, 0.5000000000000001110 ) ) ;
#6542 = STYLED_ITEM ( 'NONE', ( #2279 ), #5466 ) ;
#6544 = PRESENTATION_STYLE_ASSIGNMENT (( #6060 ) ) ;
#6545 = CARTESIAN_POINT ( 'NONE',  ( 0.2390223995369363807, -0.05495628428327284376, 0.4989999999999999991 ) ) ;
#6546 = CARTESIAN_POINT ( 'NONE',  ( 0.2851668800564169937, 0.1632255338985453275, 0.5000000000000001110 ) ) ;
#6547 = CARTESIAN_POINT ( 'NONE',  ( -0.2051951004557313885, 0.01598680212136813911, 0.4999999999999998890 ) ) ;
#6548 = CARTESIAN_POINT ( 'NONE',  ( -0.2842730550085181274, -0.1133978427248312909, 0.4999999999999997780 ) ) ;
#6549 = CARTESIAN_POINT ( 'NONE',  ( 0.2683362184296442798, 0.003882383281330815516, 0.5000000000000001110 ) ) ;
#6551 = ORIENTED_EDGE ( 'NONE', *, *, #1669, .T. ) ;
#6550 = CARTESIAN_POINT ( 'NONE',  ( -0.1427957822812453703, -0.04162430376379233632, 0.4999999999999998890 ) ) ;
#6552 = FILL_AREA_STYLE_COLOUR ( '', #1716 ) ;
#6553 = SURFACE_STYLE_USAGE ( .BOTH. , #4977 ) ;
#6554 = ORIENTED_EDGE ( 'NONE', *, *, #2697, .T. ) ;
#6555 = CARTESIAN_POINT ( 'NONE',  ( 0.1718325830879158245, -0.05685714121492355111, 0.4990000000000001101 ) ) ;
#6556 = CARTESIAN_POINT ( 'NONE',  ( -0.07487820363944150404, 0.01865343052554902306, 0.4999999999999998890 ) ) ;
#6557 = CARTESIAN_POINT ( 'NONE',  ( 0.3246870680327228476, 0.02551084968052684532, 0.4990000000000001101 ) ) ;
#6558 = PLANE ( 'NONE',  #135 ) ;
#6559 = CARTESIAN_POINT ( 'NONE',  ( -0.1391943446086060243, -0.01502161440159732048, 0.4990000000000001101 ) ) ;
#6560 = CARTESIAN_POINT ( 'NONE',  ( 0.1436978297725596265, 0.05696043528673253725, 0.4990000000000002212 ) ) ;
#6561 = CARTESIAN_POINT ( 'NONE',  ( -0.2497984180524895070, -0.08806151053125460537, 0.4990000000000001101 ) ) ;
#6562 = EDGE_LOOP ( 'NONE', ( #5479, #2669, #4047, #4807 ) ) ;
#6563 = PLANE ( 'NONE',  #178 ) ;
#6564 = CARTESIAN_POINT ( 'NONE',  ( -0.1107850354483433247, -0.1085217540037800854, 0.4989999999999999991 ) ) ;
#6565 = MECHANICAL_DESIGN_GEOMETRIC_PRESENTATION_REPRESENTATION (  '', ( #87 ), #3171 ) ;
#6566 = CARTESIAN_POINT ( 'NONE',  ( -0.01848413692321566534, 0.09212834486979555593, 0.4989999999999999991 ) ) ;
#6568 = FACE_OUTER_BOUND ( 'NONE', #6704, .T. ) ;
#6567 = CARTESIAN_POINT ( 'NONE',  ( 0.1755377279141976388, -0.02588350034201679362, 0.4989999999999999991 ) ) ;
#6569 = EDGE_CURVE ( 'NONE', #5797, #2951, #2017, .T. ) ;
#6570 = B_SPLINE_CURVE_WITH_KNOTS ( 'NONE', 3,
 ( #1989, #4546, #1548, #6626, #4026, #365, #890, #6176, #4613, #1448, #2980, #6146, #5615, #5112, #6696, #2536, #6209, #4092, #1480 ),
 .UNSPECIFIED., .F., .F.,
 ( 4, 1, 1, 1, 1, 1, 1, 1, 1, 1, 1, 1, 1, 1, 1, 1, 4 ),
 ( 0.0000000000000000000, 0.06902920906508000498, 0.1346993240536253633, 0.1988559608464686712, 0.2606364792733572022, 0.3203848517568058107, 0.3807684640046165581, 0.4403355362210262247, 0.5007887664258683369, 0.5611226023794653184, 0.6214315347797856326, 0.6808572132716933512, 0.7405200403933588360, 0.8018025175909059277, 0.8653663620122249434, 0.9309403307913851622, 1.000000000000000000 ),
 .UNSPECIFIED. ) ;
#6571 = CARTESIAN_POINT ( 'NONE',  ( 0.3022786061696248749, 0.005191176734783501875, 0.4999999999999998890 ) ) ;
#6572 =( NAMED_UNIT ( * ) PLANE_ANGLE_UNIT ( ) SI_UNIT ( $, .RADIAN. ) );
#6573 = UNCERTAINTY_MEASURE_WITH_UNIT (LENGTH_MEASURE( 1.000000000000000082E-05 ), #6797, 'distance_accuracy_value', 'NONE');
#6574 = CARTESIAN_POINT ( 'NONE',  ( 0.1522123346018714740, 0.1315696897427011680, 0.5000000000000000000 ) ) ;
#6576 = ORIENTED_EDGE ( 'NONE', *, *, #4068, .F. ) ;
#6575 = VECTOR ( 'NONE', #5436, 1000.000000000000000 ) ;
#6577 = CARTESIAN_POINT ( 'NONE',  ( -0.1427957822812453703, -0.04162430376379233632, 0.5000000000000000000 ) ) ;
#6578 = CARTESIAN_POINT ( 'NONE',  ( 0.1453534327925276592, -0.007537670874974929103, 0.4990000000000001101 ) ) ;
#6579 = FILL_AREA_STYLE_COLOUR ( '', #2052 ) ;
#6581 = FILL_AREA_STYLE_COLOUR ( '', #3662 ) ;
#6580 = PRESENTATION_LAYER_ASSIGNMENT (  '', '', ( #2193 ) ) ;
#6582 = CARTESIAN_POINT ( 'NONE',  ( -0.3233642564364211935, -0.08126327182998736853, 0.4990000000000001101 ) ) ;
#6583 = CARTESIAN_POINT ( 'NONE',  ( 0.1471673017860381794, 0.1389771582972160746, 0.4989999999999999991 ) ) ;
#6584 = CARTESIAN_POINT ( 'NONE',  ( -0.06763031957644932701, 0.1606484791339027329, 0.5000000000000000000 ) ) ;
#6585 = CARTESIAN_POINT ( 'NONE',  ( 0.3508632112217692778, 0.1159651543740381069, 0.5000000000000000000 ) ) ;
#6586 = CARTESIAN_POINT ( 'NONE',  ( -0.2109284311452483685, 0.08150052107983779548, 0.5000000000000002220 ) ) ;
#6587 = CARTESIAN_POINT ( 'NONE',  ( 0.1237592223204004582, -0.1393232756009439854, 0.4999999999999998890 ) ) ;
#6588 =( LENGTH_UNIT ( ) NAMED_UNIT ( * ) SI_UNIT ( .MILLI., .METRE. ) );
#6589 = CARTESIAN_POINT ( 'NONE',  ( 0.2877845748616117416, 0.007381378054389486909, 0.4990000000000001101 ) ) ;
#6591 = ORIENTED_EDGE ( 'NONE', *, *, #5846, .F. ) ;
#6590 = FILL_AREA_STYLE_COLOUR ( '', #4755 ) ;
#6592 = FILL_AREA_STYLE ('',( #4435 ) ) ;
#6593 = CARTESIAN_POINT ( 'NONE',  ( 0.07985086197314171519, -0.1426381237838648397, 0.5000000000000001110 ) ) ;
#6594 = CARTESIAN_POINT ( 'NONE',  ( 0.3559055164200533583, 0.08512082610633753266, 0.4990000000000001101 ) ) ;
#6595 = EDGE_LOOP ( 'NONE', ( #4549, #6640, #4850, #3883 ) ) ;
#6596 = CARTESIAN_POINT ( 'NONE',  ( 0.04995157908639732969, 0.05650933887673413591, 0.4989999999999998881 ) ) ;
#6597 = CARTESIAN_POINT ( 'NONE',  ( -0.07065571585451958792, 0.01618927515757200009, 0.4989999999999999991 ) ) ;
#6598 = EDGE_CURVE ( 'NONE', #3066, #5561, #1544, .T. ) ;
#6599 = CARTESIAN_POINT ( 'NONE',  ( -0.1346230851668398232, -0.003980749670062251784, 0.4989999999999999991 ) ) ;
#6600 = CARTESIAN_POINT ( 'NONE',  ( 0.1422265093213068154, 0.06996765166811608205, 0.5000000000000000000 ) ) ;
#6601 = CARTESIAN_POINT ( 'NONE',  ( -0.2697358128900100294, -0.1099751125284872399, 0.4989999999999999991 ) ) ;
#6602 = ORIENTED_EDGE ( 'NONE', *, *, #5989, .T. ) ;
#6603 = CARTESIAN_POINT ( 'NONE',  ( -0.09320609681198045726, -0.1133406688892809322, 0.5000000000000000000 ) ) ;
#6604 = ADVANCED_FACE ( 'NONE', ( #1922 ), #6202, .T. ) ;
#6605 = CARTESIAN_POINT ( 'NONE',  ( -0.04611727108253430019, -0.05913457398695099593, 0.4990000000000001101 ) ) ;
#6607 = CARTESIAN_POINT ( 'NONE',  ( 0.3531092107556248472, 0.1087667530635611224, 0.4989999999999998881 ) ) ;
#6606 = CARTESIAN_POINT ( 'NONE',  ( 0.2705814619073328986, -0.1432345042888795439, 0.4989999999999999991 ) ) ;
#6608 = SURFACE_STYLE_FILL_AREA ( #4529 ) ;
#6609 = CARTESIAN_POINT ( 'NONE',  ( 0.2434311265338365560, -0.07471428971922870754, 0.4989999999999999991 ) ) ;
#6610 = CARTESIAN_POINT ( 'NONE',  ( 0.2877845748616117416, 0.007381378054389486909, 0.4990000000000001101 ) ) ;
#6611 = ORIENTED_EDGE ( 'NONE', *, *, #3747, .T. ) ;
#6612 = CARTESIAN_POINT ( 'NONE',  ( -0.09523552193177356462, 0.02293204978358757626, 0.4989999999999999991 ) ) ;
#6613 = FACE_OUTER_BOUND ( 'NONE', #1987, .T. ) ;
#6614 = CARTESIAN_POINT ( 'NONE',  ( -0.2099855987302659266, -0.05685714121492353029, 0.4989999999999998881 ) ) ;
#6615 =( GEOMETRIC_REPRESENTATION_CONTEXT ( 3 ) GLOBAL_UNCERTAINTY_ASSIGNED_CONTEXT ( ( #107 ) ) GLOBAL_UNIT_ASSIGNED_CONTEXT ( ( #3531, #404, #857 ) ) REPRESENTATION_CONTEXT ( 'NONE', 'WORKASPACE' ) );
#6616 = SURFACE_STYLE_FILL_AREA ( #5603 ) ;
#6617 = CARTESIAN_POINT ( 'NONE',  ( -0.2062804539039840845, -0.02588350034201678668, 0.4999999999999998890 ) ) ;
#6618 =( NAMED_UNIT ( * ) SI_UNIT ( $, .STERADIAN. ) SOLID_ANGLE_UNIT ( ) );
#6619 = CARTESIAN_POINT ( 'NONE',  ( 0.2845357600240382423, -0.1133471002944486522, 0.5000000000000000000 ) ) ;
#6620 = CARTESIAN_POINT ( 'NONE',  ( -0.7800000000000001377, -0.4500000000000000111, 0.02000000000000005246 ) ) ;
#6621 = CARTESIAN_POINT ( 'NONE',  ( 0.2584158306924529969, -0.1022203562251375458, 0.5000000000000000000 ) ) ;
#6622 = SURFACE_SIDE_STYLE ('',( #2359 ) ) ;
#6623 =( LENGTH_UNIT ( ) NAMED_UNIT ( * ) SI_UNIT ( .MILLI., .METRE. ) );
#6624 = SURFACE_SIDE_STYLE ('',( #5009 ) ) ;
#6625 = ORIENTED_EDGE ( 'NONE', *, *, #4736, .T. ) ;
#6626 = CARTESIAN_POINT ( 'NONE',  ( 0.2853797116339071294, 0.03892437751101736343, 0.5000000000000000000 ) ) ;
#6627 = CARTESIAN_POINT ( 'NONE',  ( 0.07000001283054992085, 0.1579482536689636174, 0.4990000000000001101 ) ) ;
#6628 = ORIENTED_EDGE ( 'NONE', *, *, #6063, .T. ) ;
#6629 = DIRECTION ( 'NONE',  ( -5.421010862427515070E-15, 0.0000000000000000000, -1.000000000000000000 ) ) ;
#6630 = CARTESIAN_POINT ( 'NONE',  ( -0.06056036331955596402, 0.1160290102192385181, 0.5000000000000000000 ) ) ;
#6631 = COLOUR_RGB ( '',1.000000000000000000, 1.000000000000000000, 1.000000000000000000 ) ;
#6632 = CARTESIAN_POINT ( 'NONE',  ( 0.3559055164200533028, 0.08512082610633751878, 0.4989999999999999991 ) ) ;
#6633 = CARTESIAN_POINT ( 'NONE',  ( 0.1766230813624503349, 0.01598680212136813564, 0.4989999999999999991 ) ) ;
#6635 = CARTESIAN_POINT ( 'NONE',  ( 0.09225952916968546691, -0.1132337257826071808, 0.4999999999999998890 ) ) ;
#6634 = VECTOR ( 'NONE', #2437, 1000.000000000000000 ) ;
#6636 = B_SPLINE_CURVE_WITH_KNOTS ( 'NONE', 3,
 ( #3677, #570, #4896, #1772, #2670, #1655, #2862, #3903, #217, #4464, #5431, #56, #4962, #2164, #1620, #4928, #3743, #1121, #3381 ),
 .UNSPECIFIED., .F., .F.,
 ( 4, 1, 1, 1, 1, 1, 1, 1, 1, 1, 1, 1, 1, 1, 1, 1, 4 ),
 ( 0.0000000000000000000, 0.1030510214301173788, 0.1985118224089747752, 0.2868437484802739412, 0.3677200657239294568, 0.4419798584103792893, 0.5097885389157852387, 0.5715698520366884194, 0.6281194857284042588, 0.6807745478689000151, 0.7303340892301461995, 0.7771488096713058402, 0.8223315955941737920, 0.8662796699709642834, 0.9100710842383634702, 0.9543408322535454902, 0.9999999999999998890 ),
 .UNSPECIFIED. ) ;
#6637 = CARTESIAN_POINT ( 'NONE',  ( 0.1447958211451669808, 0.04242217291370060928, 0.4989999999999997771 ) ) ;
#6638 = PRODUCT_DEFINITION_CONTEXT ( 'detailed design', #1961, 'design' ) ;
#6639 = CARTESIAN_POINT ( 'NONE',  ( 0.3309028092594506476, -0.1297968512260974927, 0.4990000000000001101 ) ) ;
#6640 = ORIENTED_EDGE ( 'NONE', *, *, #2589, .F. ) ;
#6641 = EDGE_CURVE ( 'NONE', #2428, #4773, #398, .T. ) ;
#6642 =( GEOMETRIC_REPRESENTATION_CONTEXT ( 3 ) GLOBAL_UNCERTAINTY_ASSIGNED_CONTEXT ( ( #1911 ) ) GLOBAL_UNIT_ASSIGNED_CONTEXT ( ( #769, #3386, #3907 ) ) REPRESENTATION_CONTEXT ( 'NONE', 'WORKASPACE' ) );
#6643 = CARTESIAN_POINT ( 'NONE',  ( 0.1206763400511713796, -0.1035809638494556012, 0.4999999999999997780 ) ) ;
#6645 = CARTESIAN_POINT ( 'NONE',  ( 0.3559055164200533583, 0.08512082610633753266, 0.5000000000000002220 ) ) ;
#6644 = CARTESIAN_POINT ( 'NONE',  ( 0.2634748529784170512, -0.1414187839361779331, 0.4999999999999998890 ) ) ;
#6646 = CARTESIAN_POINT ( 'NONE',  ( 0.3022786061696248749, 0.005191176734783501875, 0.4989999999999999991 ) ) ;
#6647 = DIRECTION ( 'NONE',  ( -0.0000000000000000000, -0.0000000000000000000, 1.000000000000000000 ) ) ;
#6648 = UNCERTAINTY_MEASURE_WITH_UNIT (LENGTH_MEASURE( 1.000000000000000082E-05 ), #5298, 'distance_accuracy_value', 'NONE');
#6649 = CARTESIAN_POINT ( 'NONE',  ( -0.3600377693877073737, 0.07560020120858625126, 0.5000000000000001110 ) ) ;
#6650 = EDGE_LOOP ( 'NONE', ( #2543, #1087, #2888, #4065 ) ) ;
#6651 = CARTESIAN_POINT ( 'NONE',  ( -0.1205266178295793245, 0.01319470998154973970, 0.4989999999999998881 ) ) ;
#6652 = CARTESIAN_POINT ( 'NONE',  ( 0.09754512680966366533, -0.1133978427248312909, 0.4989999999999997771 ) ) ;
#6653 = FILL_AREA_STYLE ('',( #6579 ) ) ;
#6654 = CARTESIAN_POINT ( 'NONE',  ( -0.08727630176176490173, 0.05413462480763622797, 0.4990000000000001101 ) ) ;
#6655 = ADVANCED_FACE ( 'NONE', ( #6235 ), #2696, .T. ) ;
#6656 = DIRECTION ( 'NONE',  ( -1.000000000000000000, -0.0000000000000000000, -0.0000000000000000000 ) ) ;
#6657 = CARTESIAN_POINT ( 'NONE',  ( 0.1212666915454983091, 0.1589597259316671563, 0.5000000000000000000 ) ) ;
#6658 = AXIS2_PLACEMENT_3D ( 'NONE', #2827, #5938, #5391 ) ;
#6659 =( NAMED_UNIT ( * ) SI_UNIT ( $, .STERADIAN. ) SOLID_ANGLE_UNIT ( ) );
#6660 = CARTESIAN_POINT ( 'NONE',  ( 0.2845357600240382423, -0.1133471002944486522, 0.5000000000000000000 ) ) ;
#6661 = CARTESIAN_POINT ( 'NONE',  ( -0.1342364846456848282, 0.09676596799375164482, 0.5000000000000000000 ) ) ;
#6662 = COLOUR_RGB ( '',1.000000000000000000, 1.000000000000000000, 1.000000000000000000 ) ;
#6663 = CARTESIAN_POINT ( 'NONE',  ( 0.2860800294070662830, -0.1133978427248312909, 0.4989999999999999991 ) ) ;
#6664 = DIRECTION ( 'NONE',  ( 0.0000000000000000000, 1.000000000000000000, 0.0000000000000000000 ) ) ;
#6665 = EDGE_CURVE ( 'NONE', #5250, #1931, #4732, .T. ) ;
#6667 = ORIENTED_EDGE ( 'NONE', *, *, #3837, .F. ) ;
#6666 = CARTESIAN_POINT ( 'NONE',  ( -0.2605514902726834836, 0.1589597259316671840, 0.4989999999999999991 ) ) ;
#6668 = DIRECTION ( 'NONE',  ( 0.0000000000000000000, 1.000000000000000000, 0.0000000000000000000 ) ) ;
#6669 = CARTESIAN_POINT ( 'NONE',  ( -0.01459210188964056576, -0.05721118617428577746, 0.4999999999999998890 ) ) ;
#6670 = CARTESIAN_POINT ( 'NONE',  ( 0.3221189904460273201, 0.02393981961283103005, 0.4989999999999999991 ) ) ;
#6671 = ORIENTED_EDGE ( 'NONE', *, *, #817, .T. ) ;
#6672 = CARTESIAN_POINT ( 'NONE',  ( 0.2132556190571473498, 0.09796386959251054960, 0.4990000000000001101 ) ) ;
#6673 = AXIS2_PLACEMENT_3D ( 'NONE', #1502, #6745, #2116 ) ;
#6674 = FACE_OUTER_BOUND ( 'NONE', #3792, .T. ) ;
#6675 = CARTESIAN_POINT ( 'NONE',  ( 0.1708897506729334936, 0.08150052107983779548, 0.5000000000000002220 ) ) ;
#6676 = CARTESIAN_POINT ( 'NONE',  ( -0.2250814264074227911, -0.1052760647850525394, 0.4989999999999999991 ) ) ;
#6677 = EDGE_LOOP ( 'NONE', ( #6403, #1323, #1434, #74 ) ) ;
#6678 = CARTESIAN_POINT ( 'NONE',  ( -0.01422435370981682545, -0.04278095960794817826, 0.4989999999999999991 ) ) ;
#6679 = CARTESIAN_POINT ( 'NONE',  ( 0.1455159060304428986, 0.009329430002441430406, 0.5000000000000001110 ) ) ;
#6681 = DIRECTION ( 'NONE',  ( 0.0000000000000000000, 1.000000000000000000, 0.0000000000000000000 ) ) ;
#6680 = DIRECTION ( 'NONE',  ( 0.7071067811865513475, 0.0000000000000000000, 0.7071067811865436870 ) ) ;
#6682 = CARTESIAN_POINT ( 'NONE',  ( 0.05490167989603964710, 0.1480251955943656106, 0.4989999999999999991 ) ) ;
#6683 = CARTESIAN_POINT ( 'NONE',  ( -0.04613902177909588731, -0.02899003769595266330, 0.4999999999999998890 ) ) ;
#6684 = ORIENTED_EDGE ( 'NONE', *, *, #1835, .F. ) ;
#6685 = CARTESIAN_POINT ( 'NONE',  ( -0.2303848926517801099, -0.1145339276333229572, 0.4990000000000001101 ) ) ;
#6686 = PRESENTATION_STYLE_ASSIGNMENT (( #4014 ) ) ;
#6687 = EDGE_CURVE ( 'NONE', #1071, #754, #6513, .T. ) ;
#6688 = AXIS2_PLACEMENT_3D ( 'NONE', #139, #5359, #2724 ) ;
#6689 = CARTESIAN_POINT ( 'NONE',  ( -0.09020554626756351058, 0.1631011094241720805, 0.5000000000000001110 ) ) ;
#6690 = PRESENTATION_STYLE_ASSIGNMENT (( #2016 ) ) ;
#6691 = CARTESIAN_POINT ( 'NONE',  ( -0.1451307371550470127, 0.05305545616126109559, 0.4989999999999998881 ) ) ;
#6692 = ADVANCED_FACE ( 'NONE', ( #3395 ), #6444, .T. ) ;
#6693 = CARTESIAN_POINT ( 'NONE',  ( 0.02233774098410771028, -0.06250052785960683033, 0.5000000000000001110 ) ) ;
#6694 = DIRECTION ( 'NONE',  ( 0.0000000000000000000, 1.000000000000000000, 0.0000000000000000000 ) ) ;
#6695 = EDGE_LOOP ( 'NONE', ( #3571, #5111, #1962, #3648 ) ) ;
#6696 = CARTESIAN_POINT ( 'NONE',  ( 0.3228796724475741509, 0.07152130899323698443, 0.5000000000000001110 ) ) ;
#6697 = SURFACE_STYLE_FILL_AREA ( #3017 ) ;
#6698 = VERTEX_POINT ( 'NONE', #366 ) ;
#6699 = FILL_AREA_STYLE ('',( #4617 ) ) ;
#6700 = DIRECTION ( 'NONE',  ( 0.0000000000000000000, -1.000000000000000000, -5.719429571751843238E-13 ) ) ;
#6701 = EDGE_CURVE ( 'NONE', #6462, #907, #3654, .T. ) ;
#6702 = CARTESIAN_POINT ( 'NONE',  ( 0.09577084317619831422, -0.1133427515082089249, 0.4999999999999997780 ) ) ;
#6703 = CARTESIAN_POINT ( 'NONE',  ( -0.2062804539039840845, -0.02588350034201678668, 0.4989999999999998881 ) ) ;
#6704 = EDGE_LOOP ( 'NONE', ( #1457, #3935, #5320, #5714 ) ) ;
#6705 = CARTESIAN_POINT ( 'NONE',  ( -0.2848209446189077232, 0.1632255338985452997, 0.5000000000000000000 ) ) ;
#6706 = LINE ( 'NONE', #4180, #4123 ) ;
#6707 = UNCERTAINTY_MEASURE_WITH_UNIT (LENGTH_MEASURE( 1.000000000000000082E-05 ), #2073, 'distance_accuracy_value', 'NONE');
#6708 = CARTESIAN_POINT ( 'NONE',  ( -0.3335782352546860507, 0.1412518975797310561, 0.5000000000000001110 ) ) ;
#6709 = ORIENTED_EDGE ( 'NONE', *, *, #3133, .T. ) ;
#6710 = CARTESIAN_POINT ( 'NONE',  ( -0.09598627735134235284, 0.05378621409956058086, 0.4989999999999998881 ) ) ;
#6711 = CARTESIAN_POINT ( 'NONE',  ( -0.2363577386354604182, 0.01517393440388073965, 0.4990000000000001101 ) ) ;
#6712 = CARTESIAN_POINT ( 'NONE',  ( 0.3362708881150845430, -0.05734380388442799487, 0.4989999999999999991 ) ) ;
#6713 = ADVANCED_FACE ( 'NONE', ( #4063 ), #4839, .T. ) ;
#6714 = SURFACE_STYLE_USAGE ( .BOTH. , #1956 ) ;
#6715 = VECTOR ( 'NONE', #5981, 1000.000000000000000 ) ;
#6716 = CARTESIAN_POINT ( 'NONE',  ( 0.2078535683681052015, -0.05885238817937674116, 0.4989999999999999991 ) ) ;
#6717 = VECTOR ( 'NONE', #4539, 1000.000000000000000 ) ;
#6718 = CARTESIAN_POINT ( 'NONE',  ( 0.3221189904460273201, 0.02393981961283103005, 0.4989999999999999991 ) ) ;
#6719 = SURFACE_STYLE_FILL_AREA ( #3156 ) ;
#6720 = VECTOR ( 'NONE', #1042, 1000.000000000000000 ) ;
#6721 = PRESENTATION_LAYER_ASSIGNMENT (  '', '', ( #2765 ) ) ;
#6722 = ORIENTED_EDGE ( 'NONE', *, *, #3868, .T. ) ;
#6723 = CARTESIAN_POINT ( 'NONE',  ( 0.2875856380083025576, 0.1631541861161962537, 0.4989999999999998881 ) ) ;
#6724 =( LENGTH_UNIT ( ) NAMED_UNIT ( * ) SI_UNIT ( .MILLI., .METRE. ) );
#6725 = VERTEX_POINT ( 'NONE', #5813 ) ;
#6726 = ADVANCED_FACE ( 'NONE', ( #1713 ), #4293, .T. ) ;
#6727 = COLOUR_RGB ( '',1.000000000000000000, 1.000000000000000000, 1.000000000000000000 ) ;
#6728 = B_SPLINE_CURVE_WITH_KNOTS ( 'NONE', 3,
 ( #5903, #3344, #2751, #4800, #6365, #4260, #5326, #1178, #6334, #623, #3735, #1645, #4387, #5841, #5810 ),
 .UNSPECIFIED., .F., .F.,
 ( 4, 1, 1, 1, 1, 1, 1, 1, 1, 1, 1, 1, 4 ),
 ( 0.0000000000000000000, 0.07876588018063718222, 0.1538985333760667096, 0.2265833941339339963, 0.2983449299199826821, 0.3713877894568891613, 0.4478553383321585146, 0.5293927731599353814, 0.6160117841062802135, 0.7070983798187594482, 0.8007403864370826740, 0.8980898170005550130, 1.000000000000000000 ),
 .UNSPECIFIED. ) ;
#6729 = CARTESIAN_POINT ( 'NONE',  ( 0.3186765259361676872, 0.1130508723159699691, 0.4999999999999998890 ) ) ;
#6730 = CARTESIAN_POINT ( 'NONE',  ( -0.3648063692810760150, 0.002408134031030801335, 0.4990000000000001101 ) ) ;
#6731 = STYLED_ITEM ( 'NONE', ( #5610 ), #2370 ) ;
#6732 = CARTESIAN_POINT ( 'NONE',  ( 0.3018398050215380102, -0.1430780695466314922, 0.4989999999999999991 ) ) ;
#6733 = ORIENTED_EDGE ( 'NONE', *, *, #1652, .F. ) ;
#6734 = CARTESIAN_POINT ( 'NONE',  ( 0.5000000000000002220, -0.4500000000000000111, 5.421010862427522170E-17 ) ) ;
#6735 = VECTOR ( 'NONE', #813, 1000.000000000000000 ) ;
#6736 = LINE ( 'NONE', #6769, #5734 ) ;
#6738 = CARTESIAN_POINT ( 'NONE',  ( -0.1073740196283578530, -0.1426041705320961472, 0.4990000000000001101 ) ) ;
#6737 = CARTESIAN_POINT ( 'NONE',  ( 0.2154681477330493422, -0.09401330463373941404, 0.4989999999999999991 ) ) ;
#6739 = CARTESIAN_POINT ( 'NONE',  ( 0.01964998015985438065, 0.06062993797285919084, 0.5000000000000005551 ) ) ;
#6740 = FILL_AREA_STYLE ('',( #6774 ) ) ;
#6741 = ORIENTED_EDGE ( 'NONE', *, *, #4598, .F. ) ;
#6742 = ADVANCED_FACE ( 'NONE', ( #6367 ), #6368, .T. ) ;
#6743 = CARTESIAN_POINT ( 'NONE',  ( 0.3245724234269249386, 0.08155547187482746485, 0.4989999999999999991 ) ) ;
#6744 = SURFACE_STYLE_USAGE ( .BOTH. , #5131 ) ;
#6745 = DIRECTION ( 'NONE',  ( -0.1240347345892089115, 0.9922778767136676281, 0.0000000000000000000 ) ) ;
#6746 = STYLED_ITEM ( 'NONE', ( #4893 ), #3289 ) ;
#6747 = CARTESIAN_POINT ( 'NONE',  ( 0.3109181898562857205, 0.05132791782895893690, 0.5000000000000000000 ) ) ;
#6748 = CARTESIAN_POINT ( 'NONE',  ( -0.08727630176176490173, 0.05413462480763622797, 0.5000000000000001110 ) ) ;
#6749 = AXIS2_PLACEMENT_3D ( 'NONE', #1894, #860, #820 ) ;
#6750 = CARTESIAN_POINT ( 'NONE',  ( -0.08709367189163499945, 0.1632255338985452997, 0.5000000000000000000 ) ) ;
#6751 = CARTESIAN_POINT ( 'NONE',  ( 0.2453807628081863534, -0.08042007651395317869, 0.5000000000000001110 ) ) ;
#6752 =( GEOMETRIC_REPRESENTATION_CONTEXT ( 3 ) GLOBAL_UNCERTAINTY_ASSIGNED_CONTEXT ( ( #526 ) ) GLOBAL_UNIT_ASSIGNED_CONTEXT ( ( #1993, #5887, #2253 ) ) REPRESENTATION_CONTEXT ( 'NONE', 'WORKASPACE' ) );
#6753 = B_SPLINE_SURFACE_WITH_KNOTS ( 'NONE', 3, 1, ( 
 ( #3838, #5331 ),
 ( #1328, #3350 ),
 ( #628, #144 ),
 ( #219, #1717 ),
 ( #4931, #5434 ),
 ( #4833, #5907 ),
 ( #2213, #5363 ),
 ( #2315, #3905 ),
 ( #2755, #4424 ),
 ( #5469, #6500 ),
 ( #3314, #2247 ),
 ( #5395, #2792 ),
 ( #1809, #1774 ),
 ( #183, #2283 ),
 ( #5941, #6465 ),
 ( #5979, #1290 ),
 ( #3384, #2863 ),
 ( #4965, #248 ),
 ( #2352, #4466 ) ),
 .UNSPECIFIED., .F., .F., .F.,
 ( 4, 1, 1, 1, 1, 1, 1, 1, 1, 1, 1, 1, 1, 1, 1, 1, 4 ),
 ( 2, 2 ),
 ( 0.0000000000000000000, 0.04461140070214173609, 0.08771103364401504343, 0.1305519678448845700, 0.1734812435493595373, 0.2172750310008216834, 0.2633226479506833306, 0.3118589299127199066, 0.3634664861580829132, 0.4194362964783542314, 0.4808868625215614867, 0.5492072408141098760, 0.6242104105436929729, 0.7063843999137413565, 0.7964922683424537908, 0.8942066700976123439, 1.000000000000000000 ),
 ( 0.0000000000000000000, 1.000000000000000000 ),
 .UNSPECIFIED. ) ;
#6754 = SURFACE_SIDE_STYLE ('',( #5205 ) ) ;
#6755 = FILL_AREA_STYLE_COLOUR ( '', #5731 ) ;
#6757 = CARTESIAN_POINT ( 'NONE',  ( 0.1673908597216705874, 0.09611892334299379503, 0.4989999999999998881 ) ) ;
#6756 = STYLED_ITEM ( 'NONE', ( #5978 ), #4535 ) ;
#6758 = ORIENTED_EDGE ( 'NONE', *, *, #4211, .F. ) ;
#6759 = CARTESIAN_POINT ( 'NONE',  ( 0.3245086401966271739, 0.1508063254009470999, 0.4989999999999999991 ) ) ;
#6760 = ORIENTED_EDGE ( 'NONE', *, *, #6416, .T. ) ;
#6761 = CARTESIAN_POINT ( 'NONE',  ( 0.2208082825257720871, 0.1212873674218613584, 0.4989999999999999991 ) ) ;
#6762 = CARTESIAN_POINT ( 'NONE',  ( -0.3049101559123268967, 0.1258224545745108836, 0.4989999999999999991 ) ) ;
#6763 = AXIS2_PLACEMENT_3D ( 'NONE', #5002, #2389, #6053 ) ;
#6764 = CARTESIAN_POINT ( 'NONE',  ( 0.2566945287209388971, -0.1388291350178175176, 0.4999999999999998890 ) ) ;
#6765 = CARTESIAN_POINT ( 'NONE',  ( -0.5199999999999999067, -0.4500000000000000111, 0.4800000000000001488 ) ) ;
#6766 = CARTESIAN_POINT ( 'NONE',  ( -0.3594804408340740998, -0.06250052785960683033, 0.4990000000000001101 ) ) ;
#6767 = SURFACE_STYLE_USAGE ( .BOTH. , #1525 ) ;
#6768 = ORIENTED_EDGE ( 'NONE', *, *, #3507, .F. ) ;
#6769 = CARTESIAN_POINT ( 'NONE',  ( -0.7800000000000001377, -0.4500000000000000111, 0.4800000000000001488 ) ) ;
#6771 = CARTESIAN_POINT ( 'NONE',  ( -0.1377561291513127451, -0.1256023355530039576, 0.4990000000000001101 ) ) ;
#6770 = FACE_OUTER_BOUND ( 'NONE', #1972, .T. ) ;
#6772 = DIRECTION ( 'NONE',  ( -0.0000000000000000000, -0.0000000000000000000, 1.000000000000000000 ) ) ;
#6773 = UNCERTAINTY_MEASURE_WITH_UNIT (LENGTH_MEASURE( 1.000000000000000082E-05 ), #3800, 'distance_accuracy_value', 'NONE');
#6774 = FILL_AREA_STYLE_COLOUR ( '', #869 ) ;
#6775 = VERTEX_POINT ( 'NONE', #5976 ) ;
#6776 = CARTESIAN_POINT ( 'NONE',  ( 0.3034518488697301453, 0.04553806064706454604, 0.4990000000000001101 ) ) ;
#6777 = B_SPLINE_CURVE_WITH_KNOTS ( 'NONE', 3,
 ( #6678, #2155, #3703, #4390, #4764, #1179, #656, #562, #1739, #3310, #138, #5812, #4261, #6395, #1712, #2723, #2752, #5779, #5842 ),
 .UNSPECIFIED., .F., .F.,
 ( 4, 1, 1, 1, 1, 1, 1, 1, 1, 1, 1, 1, 1, 1, 1, 1, 4 ),
 ( 0.0000000000000000000, 0.1035912185104563565, 0.2029240549572218499, 0.2995549475107190385, 0.3943796774187813825, 0.4406685374412071532, 0.4848531801550394760, 0.5274503678116754246, 0.5682507811966355238, 0.6077241269465678553, 0.6458461618185284969, 0.6834081260439655026, 0.7200582074840322644, 0.7909773922395051393, 0.8600761817124048525, 0.9295278777467855802, 1.000000000000000000 ),
 .UNSPECIFIED. ) ;
#6778 = FILL_AREA_STYLE_COLOUR ( '', #4720 ) ;
#6779 = CARTESIAN_POINT ( 'NONE',  ( 0.07202001305962831001, -0.1398634879396183084, 0.4989999999999998881 ) ) ;
#6780 = CARTESIAN_POINT ( 'NONE',  ( 0.2949409442869390108, 0.04139191199588029835, 0.4999999999999998890 ) ) ;
#6781 = DIRECTION ( 'NONE',  ( -0.0000000000000000000, -0.0000000000000000000, 1.000000000000000000 ) ) ;
#6782 = ADVANCED_FACE ( 'NONE', ( #1365 ), #843, .T. ) ;
#6783 = CARTESIAN_POINT ( 'NONE',  ( -0.2250814264074227911, -0.1052760647850525394, 0.5000000000000000000 ) ) ;
#6784 = LINE ( 'NONE', #6298, #4880 ) ;
#6785 = UNCERTAINTY_MEASURE_WITH_UNIT (LENGTH_MEASURE( 1.000000000000000082E-05 ), #1234, 'distance_accuracy_value', 'NONE');
#6786 = AXIS2_PLACEMENT_3D ( 'NONE', #6467, #2287, #664 ) ;
#6787 = CARTESIAN_POINT ( 'NONE',  ( -0.2536199701979285348, 0.1129808212730619432, 0.5000000000000000000 ) ) ;
#6788 = CARTESIAN_POINT ( 'NONE',  ( 0.3137844922692627492, -0.1036507243260419986, 0.4990000000000001101 ) ) ;
#6789 = CARTESIAN_POINT ( 'NONE',  ( -0.3621682016583273600, 0.06062993797285919778, 0.4989999999999999991 ) ) ;
#6790 = CARTESIAN_POINT ( 'NONE',  ( 0.5399999999999999245, -0.3500000000000000333, 0.4800000000000000377 ) ) ;
#6791 = STYLED_ITEM ( 'NONE', ( #3527 ), #6604 ) ;
#6792 = PRESENTATION_STYLE_ASSIGNMENT (( #17 ) ) ;
#6793 = CARTESIAN_POINT ( 'NONE',  ( -0.2404054889788697913, 0.1454899260265473948, 0.4999999999999998890 ) ) ;
#6794 = CARTESIAN_POINT ( 'NONE',  ( 0.3169726714258788713, -0.1381257438594891418, 0.4989999999999999991 ) ) ;
#6795 = VERTEX_POINT ( 'NONE', #4115 ) ;
#6796 = CARTESIAN_POINT ( 'NONE',  ( 0.1244021778877370810, 0.1181026474345394511, 0.4989999999999999991 ) ) ;
#6797 =( LENGTH_UNIT ( ) NAMED_UNIT ( * ) SI_UNIT ( .MILLI., .METRE. ) );
#6798 = ORIENTED_EDGE ( 'NONE', *, *, #6184, .F. ) ;
#6799 = CARTESIAN_POINT ( 'NONE',  ( 0.2531967004216602590, 0.1560147150422159235, 0.5000000000000001110 ) ) ;
#6800 = CARTESIAN_POINT ( 'NONE',  ( -0.1443229023118333398, -0.1187108772814163549, 0.4999999999999998890 ) ) ;
#6801 = SURFACE_STYLE_FILL_AREA ( #5116 ) ;
#6802 = CARTESIAN_POINT ( 'NONE',  ( 0.2431909567867998612, 0.08721713809574778431, 0.4989999999999999991 ) ) ;
ENDSEC;
END-ISO-10303-21;
